page_url,attachment_url,status,terminal_state,local_path,error
https://ctsv.uit.edu.vn/bai-viet/quyet-dinh-so-082026-thanh-lap-hoi-dong-xet-hoc-bong-cho-hoc-vien-chuong-trinh-dao-tao-thac,https://ctsv.uit.edu.vn/sites/default/files/uploads/files/202601/08_qd_dhcntt05_01_2026_scan.pdf,manifested,True,,
https://ctsv.uit.edu.vn/bai-viet/quyet-dinh-so-10212024-cap-hoc-bong-kkht-cho-hoc-vien-chuong-trinh-dao-tao-thac-si-hoc-ky-1,https://ctsv.uit.edu.vn/sites/default/files/uploads/files/202411/1021_qd_dhcntt17_09_2024_scan.pdf,manifested,True,,
https://ctsv.uit.edu.vn/bai-viet/quyet-dinh-so-10222024-cap-hoc-bong-kkht-cho-hoc-vien-chuong-trinh-dao-tao-thac-si-hoc-ky-2,https://ctsv.uit.edu.vn/sites/default/files/uploads/files/202411/1022_qd_dhcntt17_09_2024_scan.pdf,manifested,True,,
https://ctsv.uit.edu.vn/bai-viet/quyet-dinh-so-10972024-cap-hoc-bong-tuyen-sinh-cho-hoc-vien-chuong-trinh-dao-tao-thac-si,https://ctsv.uit.edu.vn/sites/default/files/uploads/files/202411/1097_qd_dhcntt23_09_2024_scan.pdf,manifested,True,,
https://ctsv.uit.edu.vn/bai-viet/quyet-dinh-so-11392024-cap-hoc-bong-kkht-cho-hoc-vien-chuong-trinh-dao-tao-thac-si-khoa,https://ctsv.uit.edu.vn/sites/default/files/uploads/files/202411/1139_qd_dhcntt01_10_2024_scan.pdf,manifested,True,,
https://ctsv.uit.edu.vn/bai-viet/quyet-dinh-so-1222026-cap-hoc-bong-khuyen-khich-hoc-tap-cho-hoc-vien-chuong-trinh-dao-tao,https://ctsv.uit.edu.vn/sites/default/files/uploads/files/202602/122_qd_dhcntt05_02_2026_scan.pdf,manifested,True,,
https://ctsv.uit.edu.vn/bai-viet/quyet-dinh-so-222016-chuyen-lop-sinh-hoat-cho-sinh-vien-thuoc-chuong-trinh-dao-tao-ky-su,https://ctsv.uit.edu.vn/sites/default/files/201605/22_qd_dhcntt_ctsv19_5_2016_scan.pdf,manifested,True,,
https://ctsv.uit.edu.vn/bai-viet/quyet-dinh-so-2382018-chuyen-lop-sinh-hoat-cho-sinh-vien-thuoc-chuong-trinh-dao-tao-ky-su,https://ctsv.uit.edu.vn/sites/default/files/201804/238_qd_dhcntt18_4_2018_scan.pdf,manifested,True,,
https://ctsv.uit.edu.vn/bai-viet/quyet-dinh-so-2902020-chuyen-lop-sinh-hoat-cho-sinh-vien-thuoc-chuong-trinh-dao-tao-ky-su,https://ctsv.uit.edu.vn/sites/default/files/202006/290_qd_dhcntt08_06_2020_scan.pdf,manifested,True,,
https://ctsv.uit.edu.vn/bai-viet/quyet-dinh-so-3472019-chuyen-lop-sinh-hoat-cho-sinh-vien-thuoc-chuong-trinh-dao-tao-ky-su,https://ctsv.uit.edu.vn/sites/default/files/201909/347_qd_dhcntt10_6_2019_scan_new.pdf,manifested,True,,
https://ctsv.uit.edu.vn/bai-viet/quyet-dinh-so-3722026-cap-hoc-bong-tuyen-sinh-cho-hoc-vien-chuong-trinh-dao-tao-thac-si,https://ctsv.uit.edu.vn/sites/default/files/uploads/files/202604/372_qd_dhcntt08_04_2026_scan.pdf,manifested,True,,
https://ctsv.uit.edu.vn/bai-viet/quyet-dinh-so-3722026-cap-hoc-bong-tuyen-sinh-cho-hoc-vien-chuong-trinh-dao-tao-thac-si-0,https://ctsv.uit.edu.vn/sites/default/files/uploads/files/202604/372_qd_dhcntt08_04_2026_scan_0.pdf,manifested,True,,
https://ctsv.uit.edu.vn/bai-viet/quyet-dinh-so-3732026-cap-hoc-bong-khuyen-khich-hoc-tap-cho-hoc-vien-chuong-trinh-dao-tao,https://ctsv.uit.edu.vn/sites/default/files/uploads/files/202604/373_qd_dhcntt08_04_2026_scan.pdf,manifested,True,,
https://ctsv.uit.edu.vn/bai-viet/quyet-dinh-so-3732026-cap-hoc-bong-khuyen-khich-hoc-tap-cho-hoc-vien-chuong-trinh-dao-tao-0,https://ctsv.uit.edu.vn/sites/default/files/uploads/files/202604/373_qd_dhcntt08_04_2026_scan_0.pdf,manifested,True,,
https://ctsv.uit.edu.vn/bai-viet/quyet-dinh-so-3992025-cap-hoc-bong-khuyen-khich-hoc-tap-cho-hoc-vien-chuong-trinh-dao-tao,https://ctsv.uit.edu.vn/sites/default/files/uploads/files/202504/399_qd_dhcntt25_03_2025_scan.pdf,manifested,True,,
https://ctsv.uit.edu.vn/bai-viet/quyet-dinh-so-7202019-chuyen-lop-sinh-hoat-cho-sinh-vien-thuoc-chuong-trinh-dao-tao-cu-nhan,https://ctsv.uit.edu.vn/sites/default/files/201910/720_qd_dhcntt25_10_2019_scan.pdf,manifested,True,,
https://ctsv.uit.edu.vn/bai-viet/quyet-dinh-so-9042017-chuyen-lop-sinh-hoat-cho-sinh-vien-thuoc-chuong-trinh-dao-tao-cu-nhan,https://ctsv.uit.edu.vn/sites/default/files/201712/904_qd_dhcntt19_12_2017_scan.pdf,manifested,True,,
https://ctsv.uit.edu.vn/bai-viet/ke-hoach-chuc-gap-mat-sinh-vien-khoa-2018,https://ctsv.uit.edu.vn/sites/default/files/201812/24-kh-dhcntt-13-12-2018.pdf,manifested,True,,
https://ctsv.uit.edu.vn/bai-viet/ke-hoach-chuc-gap-mat-sinh-vien-khoa-2019,https://ctsv.uit.edu.vn/sites/default/files/201912/25_kh_dhcntt_02_12_2019_scan.pdf,manifested,True,,
https://ctsv.uit.edu.vn/bai-viet/ke-hoach-chuc-gap-mat-sinh-vien-khoa-2020,https://ctsv.uit.edu.vn/sites/default/files/202012/33_kh_dhcntt09_12_2020_scan.pdf,manifested,True,,
https://ctsv.uit.edu.vn/bai-viet/ke-hoach-chuc-gap-mat-sinh-vien-nam-nhat-khoa-2023,https://ctsv.uit.edu.vn/sites/default/files/uploads/files/202311/33_kh_dhcntt_14_11_2023_scan.pdf,manifested,True,,
https://ctsv.uit.edu.vn/bai-viet/ke-hoach-chuc-hoi-nghi-sinh-vien-cap-truong-va-huong-dan-chuc-hnsv-cap-khoa-nam-hoc-2018,https://ctsv.uit.edu.vn/sites/default/files/201904/12_hd_ctsv08_4_2019_scan.pdf,manifested,True,,
https://ctsv.uit.edu.vn/bai-viet/ke-hoach-chuc-hoi-nghi-sinh-vien-cap-truong-va-huong-dan-chuc-hnsv-cap-khoa-nam-hoc-2018,https://ctsv.uit.edu.vn/sites/default/files/201904/08_kh_dhcntt_05_04_2019_scan.pdf,manifested,True,,
https://ctsv.uit.edu.vn/bai-viet/ke-hoach-chuc-hoi-nghi-sinh-vien-cap-truong-va-huong-dan-chuc-hnsv-cap-khoa-nam-hoc-2018,https://ctsv.uit.edu.vn/sites/default/files/201904/mau_bb_ban_hanh_theo_hd.docx,manifested,True,,
https://ctsv.uit.edu.vn/bai-viet/ke-hoach-chuc-hoi-nghi-sinh-vien-cap-truong-va-huong-dan-chuc-hnsv-cap-khoa-nam-hoc-2019,https://ctsv.uit.edu.vn/sites/default/files/202006/15-kh-dhcntt09-6-2020.pdf,manifested,True,,
https://ctsv.uit.edu.vn/bai-viet/ke-hoach-chuc-hoi-nghi-sinh-vien-cap-truong-va-huong-dan-chuc-hnsv-cap-khoa-nam-hoc-2019,https://ctsv.uit.edu.vn/sites/default/files/202006/09-hd-ctsv09-6-2020.pdf,manifested,True,,
https://ctsv.uit.edu.vn/bai-viet/ke-hoach-chuc-hoi-nghi-sinh-vien-cap-truong-va-huong-dan-chuc-hnsv-cap-khoa-nam-hoc-2019,https://ctsv.uit.edu.vn/sites/default/files/202006/mau_bb_ban_hanh_theo_hd.docx,manifested,True,,
https://ctsv.uit.edu.vn/bai-viet/ke-hoach-chuc-le-tn-va-trao-bang-dot-1-nam-2023,https://ctsv.uit.edu.vn/sites/default/files/202305/13_kh_dhcntt19_04_2023_scan_0.pdf,manifested,True,,
https://ctsv.uit.edu.vn/bai-viet/ke-hoach-chuc-le-tn-va-trao-bang-dot-2-nam-2023,https://ctsv.uit.edu.vn/sites/default/files/uploads/files/202310/30_kh_dhcntt_17_10_2023_scan.pdf,manifested,True,,
https://ctsv.uit.edu.vn/bai-viet/ke-hoach-chuc-le-tot-nghiep-dot-1-nam-2024,https://ctsv.uit.edu.vn/sites/default/files/uploads/files/202405/34_tb_le_tot_nghiep_thang_6.2024.pdf,manifested,True,,
https://ctsv.uit.edu.vn/bai-viet/ke-hoach-chuc-le-tot-nghiep-dot-1-nam-2025,https://ctsv.uit.edu.vn/sites/default/files/uploads/files/202504/441_dhcntt_ctsv25_04_2025_scan.pdf,manifested,True,,
https://ctsv.uit.edu.vn/bai-viet/ke-hoach-chuc-le-tot-nghiep-dot-2-nam-2024,https://ctsv.uit.edu.vn/sites/default/files/uploads/files/202410/1178_kh_dhcntt22_10_2024_scan.pdf,manifested,True,,
https://ctsv.uit.edu.vn/bai-viet/ke-hoach-chuc-le-tot-nghiep-dot-2-nam-2025,https://ctsv.uit.edu.vn/sites/default/files/uploads/files/202510/1276_kh_dhcntt30_10_2025_scan.pdf,manifested,True,,
https://ctsv.uit.edu.vn/bai-viet/ke-hoach-chuc-le-tot-nghiep-va-trao-bang-dot-2-nam-2017,https://ctsv.uit.edu.vn/sites/default/files/201711/25-kh-dhcntt_13-11-2017_kh_to_chuc_le_tn_dot_2_-2017.pdf,manifested,True,,
https://ctsv.uit.edu.vn/bai-viet/ke-hoach-so-022016-tu-van-tuyen-sinh-nam-2016,https://ctsv.uit.edu.vn/sites/default/files/201603/02_kh_dhcntt_ctsv29_01_2016.scan_.pdf,manifested,True,,
https://ctsv.uit.edu.vn/bai-viet/ke-hoach-so-022018-chuc-cac-hoat-dong-cho-lop-truong-nam-2018,https://ctsv.uit.edu.vn/sites/default/files/201905/02_kh_dhcntt13_3_2018_scan.pdf,manifested,True,,
https://ctsv.uit.edu.vn/bai-viet/ke-hoach-so-022019-chuoi-chuong-trinh-wetalk-buoi-tro-chuyen-truyen-cam-hung,https://ctsv.uit.edu.vn/sites/default/files/201905/02_kh_dhcntt20_02_2019_scan.pdf,manifested,True,,
https://ctsv.uit.edu.vn/bai-viet/ke-hoach-so-022020-tuan-sinh-hoat-cong-dan-sinh-vien-cuoi-khoa,https://ctsv.uit.edu.vn/sites/default/files/202005/02_kh_dhcntt17_01_2020_scan.pdf,manifested,True,,
https://ctsv.uit.edu.vn/bai-viet/ke-hoach-so-022022-gap-mat-sinh-vien-khoa-2021,https://ctsv.uit.edu.vn/sites/default/files/202209/02_kh_dhcntt13_01_2022_scan.pdf,manifested,True,,
https://ctsv.uit.edu.vn/bai-viet/ke-hoach-so-032016-hoi-nghi-cong-tac-sinh-vien-nam-2016,https://ctsv.uit.edu.vn/sites/default/files/201603/03_kh_dhcntt_ctsv22_2_2016_scan.pdf,manifested,True,,
https://ctsv.uit.edu.vn/bai-viet/ke-hoach-so-032017-tuan-sinh-hoat-cong-dan-sinh-vien-cuoi-khoa,https://ctsv.uit.edu.vn/sites/default/files/201708/03-kh-dhcntt10-3-2017.scan_.pdf,manifested,True,,
https://ctsv.uit.edu.vn/bai-viet/ke-hoach-so-032018-chuc-cac-hoat-dong-cuu-sinh-vien-nam-2018,https://ctsv.uit.edu.vn/sites/default/files/201905/03_kh_dhcntt13_3_2018_scan.pdf,manifested,True,,
https://ctsv.uit.edu.vn/bai-viet/ke-hoach-so-032019-trien-khai-quyet-dinh-so-1501qd-ttg-ngay-2882015-cua-thu-tuong-chinh-phu,https://ctsv.uit.edu.vn/sites/default/files/201905/03_kh_dhcntt20_02_2019_scan.pdf,manifested,True,,
https://ctsv.uit.edu.vn/bai-viet/ke-hoach-so-032023-chuc-cac-hoat-dong-cho-lop-truong-nam-2023,https://ctsv.uit.edu.vn/sites/default/files/202302/03_kh_dhcntt15_02_2023_scan.pdf,manifested,True,,
https://ctsv.uit.edu.vn/bai-viet/ke-hoach-so-042016-hoi-nghi-sinh-vien-nam-hoc-2015-2016,https://ctsv.uit.edu.vn/sites/default/files/201603/04_kh_dhcntt_ctsv26_2_2016_scan.pdf,manifested,True,,
https://ctsv.uit.edu.vn/bai-viet/ke-hoach-so-042017-dang-cai-chuc-mon-co-tuong-co-vua-hoi-thao-sv-dhqg-hcm-lan-thu-xi,https://ctsv.uit.edu.vn/sites/default/files/201708/04_kh_dhcntt_29_3_2017.scan_.pdf,manifested,True,,
https://ctsv.uit.edu.vn/bai-viet/ke-hoach-so-042019-tuan-sinh-hoat-cong-dan-sinh-vien-cuoi-khoa-nam-2019,https://ctsv.uit.edu.vn/sites/default/files/201905/04_kh_dhcntt25_02_2019_scan.pdf,manifested,True,,
https://ctsv.uit.edu.vn/bai-viet/ke-hoach-so-042023-chuc-cac-hoat-dong-duc-thao-sinh-vien-nam-2023,https://ctsv.uit.edu.vn/sites/default/files/202302/04_kh_dhcntt15_02_2023_scan.pdf,manifested,True,,
https://ctsv.uit.edu.vn/bai-viet/ke-hoach-so-052019-chuc-cac-hoat-dong-duc-thao-sinh-vien-nam-2019,https://ctsv.uit.edu.vn/sites/default/files/201905/05_kh_dhcntt_25_02_2019_scan.pdf,manifested,True,,
https://ctsv.uit.edu.vn/bai-viet/ke-hoach-so-052022-cong-tac-ket-noi-cuu-sinh-vien-xay-dung-mang-luoi-cuu-sinh-vien-truong,https://ctsv.uit.edu.vn/sites/default/files/202209/05_kh_dhcntt14_02_2022_scan.pdf,manifested,True,,
https://ctsv.uit.edu.vn/bai-viet/ke-hoach-so-052023-chuong-trinh-van-nghe-dinh-ky-uit-music-show-2023,https://ctsv.uit.edu.vn/sites/default/files/202304/05_kh_dhcntt20_02_2023_scan.pdf,manifested,True,,
https://ctsv.uit.edu.vn/bai-viet/ke-hoach-so-062017-trien-khai-dao-tao-ky-nang-mem-cho-sinh-vien-dot-1-nam-hoc-2016-2017,https://ctsv.uit.edu.vn/sites/default/files/201711/06-kh-dhcntt_19-4-2017.scan_.pdf,manifested,True,,
https://ctsv.uit.edu.vn/bai-viet/ke-hoach-so-062018-tuan-sinh-hoat-cong-dan-sinh-vien-cuoi-khoa-nam-2018,https://ctsv.uit.edu.vn/sites/default/files/201905/06_kh_dhcntt02_4_2018_scan.pdf,manifested,True,,
https://ctsv.uit.edu.vn/bai-viet/ke-hoach-so-062019-chuc-cac-hoat-dong-cho-lop-truong-nam-2019,https://ctsv.uit.edu.vn/sites/default/files/201905/06_kh_dhcntt_14_03_2019_scan.pdf,manifested,True,,
https://ctsv.uit.edu.vn/bai-viet/ke-hoach-so-062021-chuc-cac-hoat-dong-cho-lop-truong-nam-2021,https://ctsv.uit.edu.vn/sites/default/files/202107/06_kh_dhcntt15_3_2021_scan.pdf,manifested,True,,
https://ctsv.uit.edu.vn/bai-viet/ke-hoach-so-062022-chuong-trinh-chao-don-sinh-vien-welcome-back-uit,https://ctsv.uit.edu.vn/sites/default/files/202209/06_kh_dhcntt14_02_2022_scan.pdf,manifested,True,,
https://ctsv.uit.edu.vn/bai-viet/ke-hoach-so-062023-dao-tao-ky-nang-mem-cho-sinh-vien-nam-2023,https://ctsv.uit.edu.vn/sites/default/files/202304/06_kh_dhcntt20_02_2023_scan.pdf,manifested,True,,
https://ctsv.uit.edu.vn/bai-viet/ke-hoach-so-072016-tuan-sinh-hoat-cong-dan-sinh-vien-cuoi-khoa-2012-dot-1,https://ctsv.uit.edu.vn/sites/default/files/201603/07_kh_dhcntt_ctsv07_3_2016_scan.pdf,manifested,True,,
https://ctsv.uit.edu.vn/bai-viet/ke-hoach-so-072017-chuc-chuong-trinh-tu-van-tam-ly-sinh-vien-nam-hoc-2016-2017,https://ctsv.uit.edu.vn/sites/default/files/201711/07-kh-dhcntt_19-4-2017.scan_.pdf,manifested,True,,
https://ctsv.uit.edu.vn/bai-viet/ke-hoach-so-072018-chuong-trinh-giao-luu-tac-gia-sach,https://ctsv.uit.edu.vn/sites/default/files/201905/07_kh_dhcntt21_5_2018_scan.pdf,manifested,True,,
https://ctsv.uit.edu.vn/bai-viet/ke-hoach-so-072023-hoat-dong-khong-gian-chia-se-va-chuoi-chuong-trinh-wetalk-buoi-tro,https://ctsv.uit.edu.vn/sites/default/files/202304/07_kh_dhcntt27_02_2023_scan.pdf,manifested,True,,
https://ctsv.uit.edu.vn/bai-viet/ke-hoach-so-082017-chuc-le-tot-nghiep-va-trao-bang-thac-si-ky-su-cu-nhan-dot-1-nam-2017,https://ctsv.uit.edu.vn/sites/default/files/201711/08-kh-dhcntt27-4-2017scan.pdf,manifested,True,,
https://ctsv.uit.edu.vn/bai-viet/ke-hoach-so-082018-chuc-le-tot-nghiep-va-trao-bang-tien-si-thac-si-ky-su-cu-nhan-dot-1-nam,https://ctsv.uit.edu.vn/sites/default/files/201905/08_kh_dhcntt21_5_2018_scan.pdf,manifested,True,,
https://ctsv.uit.edu.vn/bai-viet/ke-hoach-so-082019-chuc-hoi-nghi-sinh-vien-nam-hoc-2018-2019,https://ctsv.uit.edu.vn/sites/default/files/201905/08_kh_dhcntt_05_04_2019_scan.pdf,manifested,True,,
https://ctsv.uit.edu.vn/bai-viet/ke-hoach-so-082021-chuc-cac-hoat-dong-duc-thao-sinh-vien-nam-2021,https://ctsv.uit.edu.vn/sites/default/files/202107/08_kh_dhcntt24_3_2021_scan.pdf,manifested,True,,
https://ctsv.uit.edu.vn/bai-viet/ke-hoach-so-082022-chuc-cac-hoat-dong-cho-lop-truong-nam-2022,https://ctsv.uit.edu.vn/sites/default/files/202209/08_kh_dhcntt16_02_2022_scan.pdf,manifested,True,,
https://ctsv.uit.edu.vn/bai-viet/ke-hoach-so-092018-nam-bat-tinh-hinh-tu-tuong-sinh-vien-giai-doan-thang-6-nam-2018,https://ctsv.uit.edu.vn/sites/default/files/201905/09_kh_dhcntt08_6_2018_scan.pdf,manifested,True,,
https://ctsv.uit.edu.vn/bai-viet/ke-hoach-so-092019-dang-cai-chuc-mon-co-vua-co-tuong-hoi-thao-sv-dhqg-hcm-lan-thu-xii-nam,https://ctsv.uit.edu.vn/sites/default/files/201905/09_kh_dhcntt12_04_2019_scan.pdf,manifested,True,,
https://ctsv.uit.edu.vn/bai-viet/ke-hoach-so-092020-chuc-cac-hoat-dong-cho-lop-truong-nam-2020,https://ctsv.uit.edu.vn/sites/default/files/202005/09_kh_dhcntt01_04_2020_scan.pdf,manifested,True,,
https://ctsv.uit.edu.vn/bai-viet/ke-hoach-so-102019-chuc-ngay-hoi-viec-lam-nhat-ban-japan-it-job-fair-2019,https://ctsv.uit.edu.vn/sites/default/files/201905/10_kh_dhcntt17_04_2019_scan.pdf,manifested,True,,
https://ctsv.uit.edu.vn/bai-viet/ke-hoach-so-102020-hoat-dong-khong-gian-chia-se-va-chuoi-chuong-trinh-wetalk-buoi-tro,https://ctsv.uit.edu.vn/sites/default/files/202005/10_kh_dhcntt05_05_2020_scan.pdf,manifested,True,,
https://ctsv.uit.edu.vn/bai-viet/ke-hoach-so-102022-hoat-dong-khong-gian-chia-se-va-chuoi-chuong-trinh-wetalk-buoi-tro,https://ctsv.uit.edu.vn/sites/default/files/202209/10_kh_dhcntt22_02_2022_scan.pdf,manifested,True,,
https://ctsv.uit.edu.vn/bai-viet/ke-hoach-so-10562024-tuan-sinh-hoat-cong-dan-sinh-vien-cuoi-khoa-nam-hoc-2024-2025,https://ctsv.uit.edu.vn/sites/default/files/uploads/files/202412/1056_kh_dhcntt_26_09_2024_scan.pdf,manifested,True,,
https://ctsv.uit.edu.vn/bai-viet/ke-hoach-so-10572024-tuan-sinh-hoat-cong-dan-sinh-vien-dau-nam-nam-hoc-2024-2025,https://ctsv.uit.edu.vn/sites/default/files/uploads/files/202412/1057_kh_dhcntt_26_09_2024_scan.pdf,manifested,True,,
https://ctsv.uit.edu.vn/bai-viet/ke-hoach-so-112016-chuc-cac-hoat-dong-cho-lop-truong-nam-2016,https://ctsv.uit.edu.vn/sites/default/files/201604/11_kh_dhcntt_ctsv07_4_2016_scan.pdf,manifested,True,,
https://ctsv.uit.edu.vn/bai-viet/ke-hoach-so-112018-don-tan-sinh-vien-khoa-2018,https://ctsv.uit.edu.vn/sites/default/files/201905/11_kh_dhcntt12_7_2018_scan.pdf,manifested,True,,
https://ctsv.uit.edu.vn/bai-viet/ke-hoach-so-112019-chuc-le-tn-va-trao-bang-thac-sy-ky-su-cu-nhan-dot-1-nam-2019,https://ctsv.uit.edu.vn/sites/default/files/201910/11_kh_dhcntt24_5_2019_scan.pdf,manifested,True,,
https://ctsv.uit.edu.vn/bai-viet/ke-hoach-so-11952025-ke-hoach-chuc-ngay-hoi-sinh-vien-va-doanh-nghiep-uit-career-day-2025,https://ctsv.uit.edu.vn/sites/default/files/uploads/files/202510/1195_dhcntt_ctsv16_10_2025_scan.pdf,manifested,True,,
https://ctsv.uit.edu.vn/bai-viet/ke-hoach-so-122017-don-tan-sinh-vien-khoa-2017,https://ctsv.uit.edu.vn/sites/default/files/201711/12-kh-dhcntt25-7-2017scan.pdf,manifested,True,,
https://ctsv.uit.edu.vn/bai-viet/ke-hoach-so-122018-tuan-sinh-hoat-cong-dan-sinh-vien-dau-khoa-nam-2018,https://ctsv.uit.edu.vn/sites/default/files/201905/12_kh_dhcntt10_8_2018_scan.pdf,manifested,True,,
https://ctsv.uit.edu.vn/bai-viet/ke-hoach-so-122019-dao-tao-ky-nang-mem-cho-sinh-vien-nam-2019,https://ctsv.uit.edu.vn/sites/default/files/201910/12_kh_dhcntt10_6_2019_scan.pdf,manifested,True,,
https://ctsv.uit.edu.vn/bai-viet/ke-hoach-so-122021-khong-gian-chia-se-va-chuoi-chuong-trinh-wetalk-buoi-tro-chuyen-truyen,https://ctsv.uit.edu.vn/sites/default/files/202107/12_kh_dhcntt_14_6_2021_scan.pdf,manifested,True,,
https://ctsv.uit.edu.vn/bai-viet/ke-hoach-so-122023-chuc-hoi-nghi-sinh-vien-nam-hoc-2022-2023,https://ctsv.uit.edu.vn/sites/default/files/202304/12_kh_dhcntt17_04_2023_scan.pdf,manifested,True,,
https://ctsv.uit.edu.vn/bai-viet/ke-hoach-so-132019-don-tan-sinh-vien-khoa-2019,https://ctsv.uit.edu.vn/sites/default/files/201910/13_kh_dhcntt16_7_2019_scan.pdf,manifested,True,,
https://ctsv.uit.edu.vn/bai-viet/ke-hoach-so-132017-tuan-sinh-hoat-cong-dan-sinh-vien-dau-khoa,https://ctsv.uit.edu.vn/sites/default/files/201711/13-kh-dhcntt26-7-2017-scan.pdf,manifested,True,,
https://ctsv.uit.edu.vn/bai-viet/ke-hoach-so-132020-chuc-cac-hoat-dong-duc-thao-cho-sinh-vien-nam-2020,https://ctsv.uit.edu.vn/sites/default/files/202007/13_kh_dhcntt01_06_2020_scan.pdf,manifested,True,,
https://ctsv.uit.edu.vn/bai-viet/ke-hoach-so-132022-chuc-cac-hoat-dong-duc-thao-sinh-vien-nam-2022,https://ctsv.uit.edu.vn/sites/default/files/202209/13_kh_dhcntt30_3_2022_scan.pdf,manifested,True,,
https://ctsv.uit.edu.vn/bai-viet/ke-hoach-so-132023-le-tot-nghiep-va-trao-bang-tien-si-thac-si-ky-su-cu-nhan-dot-1-nam-2023,https://ctsv.uit.edu.vn/sites/default/files/202304/13_kh_dhcntt19_04_2023_scan.pdf,manifested,True,,
https://ctsv.uit.edu.vn/bai-viet/ke-hoach-so-142017-tuan-sinh-hoat-cong-dan-sinh-vien-dau-nam-nam-hoc-2017-2018,https://ctsv.uit.edu.vn/sites/default/files/201711/14_kh_dhcntt22_8_2017_scan.pdf,manifested,True,,
https://ctsv.uit.edu.vn/bai-viet/ke-hoach-so-142018-chuc-le-khai-giang-nam-hoc-2018-2019,https://ctsv.uit.edu.vn/sites/default/files/201905/14_kh_dhcntt_16_8_2018_scan.pdf,manifested,True,,
https://ctsv.uit.edu.vn/bai-viet/ke-hoach-so-142019-tuan-sinh-hoat-cong-dan-sinh-vien-dau-khoa-nam-hoc-2019-2020,https://ctsv.uit.edu.vn/sites/default/files/201910/14_kh_dhcntt29_7_2019_scan.pdf,manifested,True,,
https://ctsv.uit.edu.vn/bai-viet/ke-hoach-so-142020-dao-tao-ky-nang-mem-cho-sinh-vien-nam-2020,https://ctsv.uit.edu.vn/sites/default/files/202007/14_kh_dhcntt08_06_2020_scan.pdf,manifested,True,,
https://ctsv.uit.edu.vn/bai-viet/ke-hoach-so-142022-chuc-hoi-nghi-sinh-vien-nam-hoc-2021-2022,https://ctsv.uit.edu.vn/sites/default/files/202209/14_kh_dhcntt31_3_2022_scan.pdf,manifested,True,,
https://ctsv.uit.edu.vn/bai-viet/ke-hoach-so-142023-chuc-ngay-hoi-sinh-vien-va-doanh-nghiep-nam-2023,https://ctsv.uit.edu.vn/sites/default/files/202306/14_kh_dhcntt09_05_2023_scan.pdf,manifested,True,,
https://ctsv.uit.edu.vn/bai-viet/ke-hoach-so-14252024-chuc-ngay-hoi-sinh-vien-va-doanh-nghiep-uit-job-fair-thang-12-nam-2024,https://ctsv.uit.edu.vn/sites/default/files/uploads/files/202412/1425_kh_dhcntt02_12_2024_scan.pdf,manifested,True,,
https://ctsv.uit.edu.vn/bai-viet/ke-hoach-so-152016-tuan-sinh-hoat-cong-dan-sinh-vien-cuoi-khoa-2012-dot-2-dot-3,https://ctsv.uit.edu.vn/sites/default/files/201605/15_kh_dhcntt_ctsv5_5_2016_scan.pdf,manifested,True,,
https://ctsv.uit.edu.vn/bai-viet/ke-hoach-so-152017-chuc-le-khai-giang-nam-hoc-2017-2018,https://ctsv.uit.edu.vn/sites/default/files/201711/15_kh_dhcntt23_8_2017_scan.pdf,manifested,True,,
https://ctsv.uit.edu.vn/bai-viet/ke-hoach-so-152018-tuan-sinh-hoat-cong-dan-sinh-vien-dau-nam-dot-1-nam-hoc-2018-2019,https://ctsv.uit.edu.vn/sites/default/files/201905/15_kh_dhcntt13_09_2018_scan.pdf,manifested,True,,
https://ctsv.uit.edu.vn/bai-viet/ke-hoach-so-152020-chuc-hoi-nghi-sinh-vien-nam-hoc-2019-2020,https://ctsv.uit.edu.vn/sites/default/files/202007/15_kh_dhcntt09_06_2020_scan.pdf,manifested,True,,
https://ctsv.uit.edu.vn/bai-viet/ke-hoach-so-162016-chuc-chuong-trinh-duong-dua-uit-uit-race,https://ctsv.uit.edu.vn/sites/default/files/201605/16_kh_dhcntt_ctsv10_5_2016_scan.pdf,manifested,True,,
https://ctsv.uit.edu.vn/bai-viet/ke-hoach-so-162017-hoi-thao-sinh-vien-truong-dhcntt-lan-xi-nam-2017,https://ctsv.uit.edu.vn/sites/default/files/201711/16_kh_dhcntt24_8_2017_scan.pdf,manifested,True,,
https://ctsv.uit.edu.vn/bai-viet/ke-hoach-so-162018-hoi-nghi-ctsv-nam-hoc-2018-2019,https://ctsv.uit.edu.vn/sites/default/files/201905/16_kh_dhcntt01_10_2018_scan.pdf,manifested,True,,
https://ctsv.uit.edu.vn/bai-viet/ke-hoach-so-162019-chuc-le-khai-giang-nam-hoc-2019-2020,https://ctsv.uit.edu.vn/sites/default/files/201910/16_kh_dhcntt19_8_2019_scan.pdf,manifested,True,,
https://ctsv.uit.edu.vn/bai-viet/ke-hoach-so-162022-dang-cai-chuc-mon-co-vua-co-tuong-hoi-thao-sinh-vien-dhqg-hcm-nam-2022,https://ctsv.uit.edu.vn/sites/default/files/202209/16_kh_dhcntt20_04_2022_scan.pdf,manifested,True,,
https://ctsv.uit.edu.vn/bai-viet/ke-hoach-so-172016-chuc-le-tot-nghiep-va-trao-bang-thac-si-ky-su-cu-nhan-dot-1-nam-2016,https://ctsv.uit.edu.vn/sites/default/files/201605/17_kh_dhcntt_ctsv10_5_2016_scan.pdf,manifested,True,,
https://ctsv.uit.edu.vn/bai-viet/ke-hoach-so-172022-chuc-le-tot-nghiep-va-trao-bang-tien-si-thac-si-ky-su-cu-nhan-nam-2022,https://ctsv.uit.edu.vn/sites/default/files/202209/17_kh_dhcntt22_04_2022_scan.pdf,manifested,True,,
https://ctsv.uit.edu.vn/bai-viet/ke-hoach-so-182017-tuan-sinh-hoat-cong-dan-sinh-vien-dau-nam-lan-2-nam-hoc-2017-2018,https://ctsv.uit.edu.vn/sites/default/files/201711/18_kh_dhcntt14_9_2017_scan.pdf,manifested,True,,
https://ctsv.uit.edu.vn/bai-viet/ke-hoach-so-182018-hoi-thao-sinh-vien-lan-thu-xii-nam-2018,https://ctsv.uit.edu.vn/sites/default/files/201905/18_kh_dhcntt04_10_2018_scan.pdf,manifested,True,,
https://ctsv.uit.edu.vn/bai-viet/ke-hoach-so-182019-tuan-sinh-hoat-cong-dan-sinh-vien-dau-nam-nam-hoc-2019-2020,https://ctsv.uit.edu.vn/sites/default/files/201910/18_kh_dhcntt12_9_2019_scan.pdf,manifested,True,,
https://ctsv.uit.edu.vn/bai-viet/ke-hoach-so-182022-dao-tao-ky-nang-mem-cho-sinh-vien-nam-2022,https://ctsv.uit.edu.vn/sites/default/files/202209/18_kh_dhcntt25_04_2022_scan.pdf,manifested,True,,
https://ctsv.uit.edu.vn/bai-viet/ke-hoach-so-192016-chuc-chuong-trinh-hop-mat-gala-cuu-sinh-vien-truong-dh-cntt,https://ctsv.uit.edu.vn/sites/default/files/201605/19_kh_dhcntt_ctsv19_5_2016_scan.pdf,manifested,True,,
https://ctsv.uit.edu.vn/bai-viet/ke-hoach-so-192017-hoi-nghi-ctsv-nam-2017,https://ctsv.uit.edu.vn/sites/default/files/201711/19_kh_dhcntt05_10_2017_scan.pdf,manifested,True,,
https://ctsv.uit.edu.vn/bai-viet/ke-hoach-so-192022-chuc-ngay-hoi-sinh-vien-va-doanh-nghiep-nam-2022,https://ctsv.uit.edu.vn/sites/default/files/202209/19_kh_dhcntt25_04_2022_scan.pdf,manifested,True,,
https://ctsv.uit.edu.vn/bai-viet/ke-hoach-so-202020-don-tan-sinh-vien-khoa-2020,https://ctsv.uit.edu.vn/sites/default/files/202011/20_kh_dhcntt08_09_2020_scan.pdf,manifested,True,,
https://ctsv.uit.edu.vn/bai-viet/ke-hoach-so-212018-chuc-ngay-hoi-sinh-vien-va-doanh-nghiep-nam-2018,https://ctsv.uit.edu.vn/sites/default/files/201905/21_kh_dhcntt15_11_2018_scan.pdf,manifested,True,,
https://ctsv.uit.edu.vn/bai-viet/ke-hoach-so-222017-chuc-vong-thi-khu-vuc-phia-nam-cuoc-thi-sv-voi-attt-2017,https://ctsv.uit.edu.vn/sites/default/files/201711/22_kh_dhcntt01_11_2017_scan.pdf,manifested,True,,
https://ctsv.uit.edu.vn/bai-viet/ke-hoach-so-222018-chuc-tap-huan-ky-nang-va-tong-ket-clb-lop-truong-nam-hoc-2018-2019,https://ctsv.uit.edu.vn/sites/default/files/201905/22_kh_dhcntt04_12_2018_scan.pdf,manifested,True,,
https://ctsv.uit.edu.vn/bai-viet/ke-hoach-so-222022-cong-tac-nhap-hoc-cua-tan-sinh-vien-khoa-2022,https://ctsv.uit.edu.vn/sites/default/files/202209/22_kh_dhcntt22_08_2022_scan.pdf,manifested,True,,
https://ctsv.uit.edu.vn/bai-viet/ke-hoach-so-232015-tiep-sinh-vien-dau-khoa-nam-hoc-2015-2016,https://ctsv.uit.edu.vn/sites/default/files/201509/23_kh_dhcntt_ctsv_17_8_2015.pdf,manifested,True,,
https://ctsv.uit.edu.vn/bai-viet/ke-hoach-so-232017-phoi-hop-trien-khai-dao-tao-ky-nam-mem-cho-sinh-vien-dot-1-nam-hoc-2017,https://ctsv.uit.edu.vn/sites/default/files/201711/23_kh_dhcntt07_11_2017_scan.pdf,manifested,True,,
https://ctsv.uit.edu.vn/bai-viet/ke-hoach-so-232018-chuc-le-tn-va-trao-bang-tsths-ks-cn-dot-2-nam-2018,https://ctsv.uit.edu.vn/sites/default/files/201905/23_kh_dhcntt04_12_2018_scan.pdf,manifested,True,,
https://ctsv.uit.edu.vn/bai-viet/ke-hoach-so-232022-tuan-sinh-hoat-cong-dan-sinh-vien-dau-khoa-nam-hoc-2022-2023,https://ctsv.uit.edu.vn/sites/default/files/202209/23_kh_dhcntt22_08_2022_scan.pdf,manifested,True,,
https://ctsv.uit.edu.vn/bai-viet/ke-hoach-so-242015-tuan-sinh-hoat-cong-dan-sinh-vien-dau-nam-hoc-2015-2016,https://ctsv.uit.edu.vn/sites/default/files/201509/24_kh_dhnctt_ctsv_20_8_2015.pdf,manifested,True,,
https://ctsv.uit.edu.vn/bai-viet/ke-hoach-so-242018-gap-mat-sinh-vien-khoa-2018-nam-hoc-2018-2019,https://ctsv.uit.edu.vn/sites/default/files/201905/24_kh_dhcntt13_12_2018_scan.pdf,manifested,True,,
https://ctsv.uit.edu.vn/bai-viet/ke-hoach-so-242020-chuc-le-khai-giang-nam-hoc-2020-2021,https://ctsv.uit.edu.vn/sites/default/files/202011/24_kh_dhcntt29_9_2020_scan.pdf,manifested,True,,
https://ctsv.uit.edu.vn/bai-viet/ke-hoach-so-242022-tuan-sinh-hoat-cong-dan-sinh-vien-dau-nam-nam-hoc-2022-2023,https://ctsv.uit.edu.vn/sites/default/files/202209/24_kh_dhcntt29_08_2022_scan.pdf,manifested,True,,
https://ctsv.uit.edu.vn/bai-viet/ke-hoach-so-252015-le-khai-giang-nam-hoc-2015-2016,https://ctsv.uit.edu.vn/sites/default/files/201509/25_kh_dhcntt_ctsv_26_8_2015.pdf,manifested,True,,
https://ctsv.uit.edu.vn/bai-viet/ke-hoach-so-252017-chuc-le-tot-nghiep-va-trao-bang-thac-si-ky-su-cu-nhan-dot-2-nam-2017,https://ctsv.uit.edu.vn/sites/default/files/201711/25_kh_dhcntt13_11_2017_scan.pdf,manifested,True,,
https://ctsv.uit.edu.vn/bai-viet/ke-hoach-so-252018-chuc-chuong-trinh-van-nghe-giao-luu-ca-si-nhac-si-tac-gia-hamlet-truong,https://ctsv.uit.edu.vn/sites/default/files/201905/25_kh_dhcntt19_12_2018_scan.pdf,manifested,True,,
https://ctsv.uit.edu.vn/bai-viet/ke-hoach-so-252020-tuan-sinh-hoat-cong-dan-sinh-vien-dau-nam-nam-hoc-2020-2021,https://ctsv.uit.edu.vn/sites/default/files/202011/25_kh_dhcntt09_10_2020_scan.pdf,manifested,True,,
https://ctsv.uit.edu.vn/bai-viet/ke-hoach-so-262017-ngay-hoi-sinh-vien-va-doanh-nghiep-nam-2017,https://ctsv.uit.edu.vn/sites/default/files/201711/26_kh_dhcntt16_11_2017_scan.pdf,manifested,True,,
https://ctsv.uit.edu.vn/bai-viet/ke-hoach-so-272020-tuan-sinh-hoat-cong-dan-sinh-vien-dau-khoa-nam-hoc-2020-2021,https://ctsv.uit.edu.vn/sites/default/files/202011/27_kh_dhcntt04_11_2020_scan.pdf,manifested,True,,
https://ctsv.uit.edu.vn/bai-viet/ke-hoach-so-282016-don-tan-sinh-vien-nam-hoc-2016-2017,https://ctsv.uit.edu.vn/sites/default/files/201609/28_kh_dhcntt_ctsv08_8_2016_scan.pdf,manifested,True,,
https://ctsv.uit.edu.vn/bai-viet/ke-hoach-so-292016-tuan-sinh-hoat-cong-dan-sinh-vien-dau-khoa-nam-hoc-2016-2017,https://ctsv.uit.edu.vn/sites/default/files/201609/29_kh_dhcntt_ctsv9_8_2016_scan_new.pdf,manifested,True,,
https://ctsv.uit.edu.vn/bai-viet/ke-hoach-so-292020-le-tot-nghiep-va-trao-bang-tien-si-thac-si-ky-su-cu-nhan-nam-2020,https://ctsv.uit.edu.vn/sites/default/files/202012/29_kh_dhcntt18_11_2020_scan.pdf,manifested,True,,
https://ctsv.uit.edu.vn/bai-viet/ke-hoach-so-302017-tap-huan-ky-nang-va-tong-ket-clb-lop-truong-nam-hoc-2017-2018,https://ctsv.uit.edu.vn/sites/default/files/201801/30_kh_dhcntt8_12_2017_scan.pdf,manifested,True,,
https://ctsv.uit.edu.vn/bai-viet/ke-hoach-so-302020-chuc-ngay-hoi-sinh-vien-va-doanh-nghiep-nam-2020,https://ctsv.uit.edu.vn/sites/default/files/202012/30_kh_dhcntt20_11_2020_scan.pdf,manifested,True,,
https://ctsv.uit.edu.vn/bai-viet/ke-hoach-so-322017-chuc-gap-go-sinh-hoat-cuu-sinh-vien-nam-2017,https://ctsv.uit.edu.vn/sites/default/files/201801/32_kh_dhcntt20_12_2017_scan.pdf,manifested,True,,
https://ctsv.uit.edu.vn/bai-viet/ke-hoach-so-332016-le-khai-giang-nam-hoc-2016-2017,https://ctsv.uit.edu.vn/sites/default/files/201609/33_kh_dhcntt_ctsv22_8_2016_scan.pdf,manifested,True,,
https://ctsv.uit.edu.vn/bai-viet/ke-hoach-so-332020-gap-mat-sinh-vien-khoa-2020-nam-hoc-2020-2021,https://ctsv.uit.edu.vn/sites/default/files/202012/33_kh_dhcntt09_12_2020_scan_0.pdf,manifested,True,,
https://ctsv.uit.edu.vn/bai-viet/ke-hoach-so-352020-hoat-dong-van-nghe-chao-mung-nam-moi-chao-uit-2021,https://ctsv.uit.edu.vn/sites/default/files/202101/35_kh_dhcntt28_12_2020_scan.pdf,manifested,True,,
https://ctsv.uit.edu.vn/bai-viet/ke-hoach-so-412015-le-tot-nghiep-va-trao-bang-dot-2-nam-2015,https://ctsv.uit.edu.vn/sites/default/files/201511/41_kh_dhcntt_ctsv19_11_2015_scan.pdf,manifested,True,,
https://ctsv.uit.edu.vn/bai-viet/ke-hoach-so-52-tuan-sinh-hoat-cong-dan-sinh-vien-dau-nam,https://ctsv.uit.edu.vn/sites/default/files/201610/52_kh_dhcntt_ctsv6_10_2016_scan.pdf,manifested,True,,
https://ctsv.uit.edu.vn/bai-viet/ke-hoach-so-522016-tuan-sinh-hoat-cong-dan-sinh-vien-dau-nam-2016,https://ctsv.uit.edu.vn/sites/default/files/201611/52_kh_dhcntt_ctsv6_10_2016_scan.pdf,manifested,True,,
https://ctsv.uit.edu.vn/bai-viet/ke-hoach-so-562016-chuc-ngay-hoi-sinh-vien-va-doanh-nghiep-nam-2016,https://ctsv.uit.edu.vn/sites/default/files/201611/56_kh_dhcntt_ctsv25_10_2016_scan.pdf,manifested,True,,
https://ctsv.uit.edu.vn/bai-viet/ke-hoach-so-572016-trien-khai-dao-tao-ky-nang-mem-cho-sinh-vien,https://ctsv.uit.edu.vn/sites/default/files/201611/57_kh_dhcntt_ctsv25_10_2016_scan_0.pdf,manifested,True,,
https://ctsv.uit.edu.vn/bai-viet/ke-hoach-so-652016-hoi-thao-sinh-vien-truong-dh-cntt-lan-x-nam-2016,https://ctsv.uit.edu.vn/sites/default/files/201611/65_kh_dhcntt_ctsv15_11_2016_scan_new.pdf,manifested,True,,
https://ctsv.uit.edu.vn/bai-viet/ke-hoach-so-662016-chuc-le-tot-nghiep-va-trao-bang-tien-si-thac-si-ky-su-cu-nhan-dot-2-nam,https://ctsv.uit.edu.vn/sites/default/files/201611/66_kh_dhcntt_ctsv15_11_2016_scan.pdf,manifested,True,,
https://ctsv.uit.edu.vn/bai-viet/ke-hoach-so-772026-ke-hoach-chuc-cac-hoat-dong-duc-thao-sinh-vien-nam-2026,https://ctsv.uit.edu.vn/sites/default/files/uploads/files/202602/77_kh_dhcntt_22_01_2026_scan.pdf,manifested,True,,
https://ctsv.uit.edu.vn/bai-viet/ke-hoach-so-8282025-ke-hoach-chuc-le-khai-giang-nam-hoc-2025-2026-cu,https://ctsv.uit.edu.vn/sites/default/files/uploads/files/202510/828_kh_dhcntt11_8_2025_scan.pdf,manifested,True,,
https://ctsv.uit.edu.vn/bai-viet/ke-hoach-so-9162025-ke-hoach-mua-bao-hiem-tai-nan-tang-cho-sinh-vien-nam-2025,https://ctsv.uit.edu.vn/sites/default/files/uploads/files/202510/916_kh_dhcntt04_09_2025_scan.pdf,manifested,True,,
https://ctsv.uit.edu.vn/bai-viet/ke-hoach-so-8592025-ke-hoach-chuc-le-khai-giang-nam-hoc-2025-2026,https://ctsv.uit.edu.vn/sites/default/files/uploads/files/202510/859_kh_dhcntt18_8_2025_scan.pdf,manifested,True,,
https://ctsv.uit.edu.vn/bai-viet/ke-hoach-tuan-shcd-cuoi-khoa-nh-2011-2012,https://ctsv.uit.edu.vn/sites/default/files/attachments/article/149/KH%2019.pdf,manifested,True,,
https://ctsv.uit.edu.vn/bai-viet/ke-hoach-tuan-sinh-hoat-cuoi-khoa,"https://ctsv.uit.edu.vn/sites/default/files/attachments/article/211/26_KH_DHCNTT_CTSV,%2020_6_2013.pdf",manifested,True,,
https://ctsv.uit.edu.vn/bai-viet/30-suat-hoc-bong-nguyen-thai-binh-bao-thanh-nien-danh-cho-sv-dhcntt,https://ctsv.uit.edu.vn/sites/default/files/attachments/article/135/Hoc%20bong%20Nguyen%20Thai%20Binh%20-%20Bao%20TN%20nam%202013.pdf,manifested,True,,
https://ctsv.uit.edu.vn/bai-viet/asian-undergraduate-summit-lan-thu-3-nam-2017,https://ctsv.uit.edu.vn/sites/default/files/201704/cv_tuyen_chon_sinh_vien_tham_du_chuong_trinh_asian_undergraduate_summit.pdf,manifested,True,,
https://ctsv.uit.edu.vn/bai-viet/ban-hanh-triet-ly-giao-duc-cua-truong-dai-hoc-cong-nghe-thong-tin,https://ctsv.uit.edu.vn/sites/default/files/201808/407_dhcntt-dtdh30-7-2018_scan.pdf,manifested,True,,
https://ctsv.uit.edu.vn/bai-viet/ban-hanh-triet-ly-giao-duc-cua-truong-dai-hoc-cong-nghe-thong-tin,https://ctsv.uit.edu.vn/sites/default/files/201808/407_dhcntt-dtdh30-7-2018_1.pdf,manifested,True,,
https://ctsv.uit.edu.vn/bai-viet/bao-hiem-y-te-danh-sach-sinh-vien-khong-cung-cap-thong-tin-con-thieu-de-mua-bhyt-3-thang,https://ctsv.uit.edu.vn/sites/default/files/202109/tk1_1.doc,manifested,True,,
https://ctsv.uit.edu.vn/bai-viet/bao-hiem-y-te-khai-tk1,https://ctsv.uit.edu.vn/sites/default/files/202112/mau_to_khai_tk1_0.doc,manifested,True,,
https://ctsv.uit.edu.vn/bai-viet/benh-soi,https://ctsv.uit.edu.vn/sites/default/files/uploads/files/202503/to_roi_soi_dien_tu.pdf,manifested,True,,
https://ctsv.uit.edu.vn/bai-viet/bhyt-cai-dat-ung-dung-vssid-cho-doi-tuong-tham-gia-bhyt,https://ctsv.uit.edu.vn/sites/default/files/202104/hd_cai_dat_bhxh_so_vssid_cho_ca_nhan.pdf,manifested,True,,
https://ctsv.uit.edu.vn/bai-viet/bieu-mau-mau-don-tcxh,https://ctsv.uit.edu.vn/sites/default/files/attachments/article/152/mau%2008-MHP-CTSV_0.doc,manifested,True,,
https://ctsv.uit.edu.vn/bai-viet/bieu-mau-mau-don-tcxh,https://ctsv.uit.edu.vn/sites/default/files/attachments/article/152/mau%2005-TCXH-CTSV.doc,manifested,True,,
https://ctsv.uit.edu.vn/bai-viet/bieu-mau-mau-don-tcxh,https://ctsv.uit.edu.vn/sites/default/files/attachments/article/152/mau%2004-TCXH-CTSV.doc,manifested,True,,
https://ctsv.uit.edu.vn/bai-viet/bieu-mau-mau-don-tcxh,https://ctsv.uit.edu.vn/sites/default/files/attachments/article/152/mau%2003-TCXH-CTSV.doc,manifested,True,,
https://ctsv.uit.edu.vn/bai-viet/bieu-mau-mau-don-tcxh,https://ctsv.uit.edu.vn/sites/default/files/attachments/article/152/mau%2002%20-%20TCXH-CTSV.doc,manifested,True,,
https://ctsv.uit.edu.vn/bai-viet/bieu-mau-mau-don-tcxh,https://ctsv.uit.edu.vn/sites/default/files/attachments/article/152/mau%2001-TCXH-CTSV.doc,manifested,True,,
https://ctsv.uit.edu.vn/bai-viet/bieu-mau-mau-don-vay-von-tin-dung-sinh-vien,https://ctsv.uit.edu.vn/sites/default/files/attachments/article/226/01-TD.doc,manifested,True,,
https://ctsv.uit.edu.vn/bai-viet/bieu-mau-mau-don-vay-von-tin-dung-sinh-vien,https://ctsv.uit.edu.vn/sites/default/files/attachments/article/226/03-TD.doc,manifested,True,,
https://ctsv.uit.edu.vn/bai-viet/bieu-mau-mau-don-vay-von-tin-dung-sinh-vien,https://ctsv.uit.edu.vn/sites/default/files/attachments/article/226/09-TD.doc,manifested,True,,
https://ctsv.uit.edu.vn/bai-viet/bieu-mau-mau-don-vay-von-tin-dung-sinh-vien,https://ctsv.uit.edu.vn/sites/default/files/attachments/article/226/10-TD.doc,manifested,True,,
https://ctsv.uit.edu.vn/bai-viet/bo-sung-45-sinh-vien-duoc-gia-han-hoc-phi-hoc-ky-1-nam-hoc-2021-2022-nang-tong-so-sinh-vien,https://ctsv.uit.edu.vn/sites/default/files/202109/dssv-gia-han-hoc-phi-hk1_2021_2022-bo-sung-cong-bo-ket-qua.pdf,manifested,True,,
https://ctsv.uit.edu.vn/bai-viet/cac-bieu-mau-danh-cho-co-van-hoc-tap-lop-truong,https://ctsv.uit.edu.vn/sites/default/files/201912/bm1_-_mau_bien_ban_hop_lop_dinh_ky.docx,manifested,True,,
https://ctsv.uit.edu.vn/bai-viet/cac-bieu-mau-danh-cho-co-van-hoc-tap-lop-truong,https://ctsv.uit.edu.vn/sites/default/files/202004/bm2_-_mau_bien_ban_hop_bau_lop_truong.docx,manifested,True,,
https://ctsv.uit.edu.vn/bai-viet/cac-bieu-mau-danh-cho-co-van-hoc-tap-lop-truong,https://ctsv.uit.edu.vn/sites/default/files/201912/bm4_-_mau_bao_cao_cong_tac_cvht.docx,manifested,True,,
https://ctsv.uit.edu.vn/bai-viet/cac-bieu-mau-danh-cho-co-van-hoc-tap-lop-truong,https://ctsv.uit.edu.vn/sites/default/files/uploads/files/202502/bm3_-_mau_bien_ban_hop_xet_diem_ren_luyen_3.docx,manifested,True,,
https://ctsv.uit.edu.vn/bai-viet/cac-lop-ky-nang-mem-thang-112016,https://ctsv.uit.edu.vn/sites/default/files/201611/57_kh_dhcntt_ctsv25_10_2016_scan.pdf,manifested,True,,
https://ctsv.uit.edu.vn/bai-viet/cac-hoat-dong-doanh-nghiep,https://ctsv.uit.edu.vn/sites/default/files/201909/phu_luc_2.pdf,manifested,True,,
https://ctsv.uit.edu.vn/bai-viet/cac-hoat-dong-doanh-nghiep,https://ctsv.uit.edu.vn/sites/default/files/uploads/files/202603/uit_jobfair_2026_hosotaitro_vn.pdf,manifested,True,,
https://ctsv.uit.edu.vn/bai-viet/cac-hoat-dong-doanh-nghiep,https://ctsv.uit.edu.vn/sites/default/files/uploads/files/202603/uit_jobfair_2026_hosotaitro_en.pdf,manifested,True,,
https://ctsv.uit.edu.vn/bai-viet/cac-hoat-dong-doanh-nghiep,https://ctsv.uit.edu.vn/sites/default/files/uploads/files/202606/uit_careerday_2026_hosotaitro_vn.pdf,manifested,True,,
https://ctsv.uit.edu.vn/bai-viet/cac-hoat-dong-doanh-nghiep,https://ctsv.uit.edu.vn/sites/default/files/uploads/ho_so_tai_tro_algobootcamp.pdf,manifested,True,,
https://ctsv.uit.edu.vn/bai-viet/cac-hoat-dong-doanh-nghiep,https://ctsv.uit.edu.vn/sites/default/files/uploads/mapr.2026.sponsor.thu_moi_tai_tro.pdf,manifested,True,,
https://ctsv.uit.edu.vn/bai-viet/cach-dang-ky-ve-thang-danh-cho-sinh-vien-khi-di-metro-so-1,https://ctsv.uit.edu.vn/sites/default/files/uploads/files/202502/117-tb-dsdt-14.02.2025.pdf,manifested,True,,
https://ctsv.uit.edu.vn/bai-viet/cap-nhat-bhyt-cham-diem-ren-luyen-hk2-nam-hoc-2020-2021,https://ctsv.uit.edu.vn/sites/default/files/202109/dssv_tham_gia_bhyt_o_truong_-_ktx.pdf,manifested,True,,
https://ctsv.uit.edu.vn/bai-viet/cap-nhat-du-lieu-sinh-vien,https://ctsv.uit.edu.vn/sites/default/files/202304/thong_bao_cap_nhat_llsv_2023_0.pdf,manifested,True,,
https://ctsv.uit.edu.vn/bai-viet/chuc-gap-mat-sinh-vien-dan-toc-thieu-so-nam-2014,https://ctsv.uit.edu.vn/sites/default/files/attachments/article/258/233_TDTN_DKTHTN%2025_11_2013.pdf,manifested,True,,
https://ctsv.uit.edu.vn/bai-viet/chuc-mung-sinh-vien-uit-dat-hoc-bong-jensen-huang-cua-nvidia-nam-2025,https://ctsv.uit.edu.vn/sites/default/files/uploads/files/202602/129_217_dhqg_dnptda30-01_2026_ioc.pdf,manifested,True,,
https://ctsv.uit.edu.vn/bai-viet/chuc-le-phat-bang-tot-nghiep-thac-sy-dot-1-nam-2013,https://ctsv.uit.edu.vn/sites/default/files/attachments/article/209/KH%20to%20chuc%20le%20TN%20Thac%20si%20dot%201-2013.pdf,manifested,True,,
https://ctsv.uit.edu.vn/bai-viet/chuc-nang-nhiem-vu-cac-phong-ban,https://ctsv.uit.edu.vn/sites/default/files/attachments/article/156/Quy_dinh_chuc_nang_nhiem_vu_cac_phong_ban.pdf,manifested,True,,
https://ctsv.uit.edu.vn/bai-viet/chuong-trinh-cho-sv-dhqg-hcm-vay-uu-dai-de-hoc-tap-lai-suat-0,https://ctsv.uit.edu.vn/sites/default/files/202010/137.qpt-tt_trien_khai_chuong_trinh_cho_sinh_vien_vay_uu_dai_de_hoc_tap_tai_dhqg-hcm.pdf,manifested,True,,
https://ctsv.uit.edu.vn/bai-viet/chuong-trinh-cho-sv-dhqg-hcm-vay-uu-dai-de-hoc-tap-lai-suat-0,https://ctsv.uit.edu.vn/sites/default/files/202010/don_de_nghi_vay.doc,manifested,True,,
https://ctsv.uit.edu.vn/bai-viet/chuong-trinh-cho-sv-dhqg-hcm-vay-uu-dai-de-hoc-tap-lai-suat-0-0,https://ctsv.uit.edu.vn/sites/default/files/202110/94-cntt.docx,manifested,True,,
https://ctsv.uit.edu.vn/bai-viet/chuong-trinh-cho-sv-dhqg-hcm-vay-uu-dai-de-hoc-tap-lai-suat-0-0,https://ctsv.uit.edu.vn/sites/default/files/202110/94-cntt.pdf,manifested,True,,
https://ctsv.uit.edu.vn/bai-viet/chuong-trinh-cultural-immersion-program-vietnam-cua-truong-dai-hoc-providence,https://ctsv.uit.edu.vn/sites/default/files/201803/2018_application_form_for_the_cultural_immersion_program_in_vietnam.doc,manifested,True,,
https://ctsv.uit.edu.vn/bai-viet/chuong-trinh-dien-dan-van-hoa-thanh-nien-dong-nam-nam-2016,https://ctsv.uit.edu.vn/sites/default/files/201608/form-thong_tin_sv.doc,manifested,True,,
https://ctsv.uit.edu.vn/bai-viet/chuong-trinh-dien-dan-van-hoa-thanh-nien-dong-nam-nam-2016,https://ctsv.uit.edu.vn/sites/default/files/201608/02_concept_paper.pdf,manifested,True,,
https://ctsv.uit.edu.vn/bai-viet/chuong-trinh-dien-dan-van-hoa-thanh-nien-dong-nam-nam-2016,https://ctsv.uit.edu.vn/sites/default/files/201608/cv1490_dhqg_160801_cu_sinh_vien_tham_gia_dien_dan_van_hoa_asean_1.pdf,manifested,True,,
https://ctsv.uit.edu.vn/bai-viet/chuong-trinh-gap-mat-sinh-vien-tinh-dak-nong,https://ctsv.uit.edu.vn/sites/default/files/202007/1004cv_tdtn_ttn15_6_2020.pdf,manifested,True,,
https://ctsv.uit.edu.vn/bai-viet/chuong-trinh-gap-mat-sinh-vien-tinh-dak-nong,https://ctsv.uit.edu.vn/sites/default/files/202007/sv_dak_nong.xlsx,manifested,True,,
https://ctsv.uit.edu.vn/bai-viet/chuong-trinh-giao-luu-quoc-te-gyltlc-2017,https://ctsv.uit.edu.vn/sites/default/files/201704/gyltlc_2017_brochure.pdf,manifested,True,,
https://ctsv.uit.edu.vn/bai-viet/chuong-trinh-hoc-bong-amcham2018,https://ctsv.uit.edu.vn/sites/default/files/201808/amcham_2018.pdf,manifested,True,,
https://ctsv.uit.edu.vn/bai-viet/chuong-trinh-hoc-bong-amcham2018,https://ctsv.uit.edu.vn/sites/default/files/201808/acs_2018_-_noi_dung_cho_fanpage.docx,manifested,True,,
https://ctsv.uit.edu.vn/bai-viet/chuong-trinh-hoc-bong-amcham2018,https://ctsv.uit.edu.vn/sites/default/files/201808/acs_2018_-_noi_dung_cho_web_email.docx,manifested,True,,
https://ctsv.uit.edu.vn/bai-viet/chuong-trinh-hoc-bong-chinh-phu-dai-loan-nam-2017,https://ctsv.uit.edu.vn/sites/default/files/201702/252_dhqg_qhdn_21_02_2017.pdf,manifested,True,,
https://ctsv.uit.edu.vn/bai-viet/chuong-trinh-hoc-bong-hessen-nam-hoc-2018-2019,https://ctsv.uit.edu.vn/sites/default/files/201808/cv1489_dhqg_180808_thong_bao_hoc_bong_hesen.pdf,manifested,True,,
https://ctsv.uit.edu.vn/bai-viet/chuong-trinh-hoc-bong-hessen-nam-hoc-2018-2019,https://ctsv.uit.edu.vn/sites/default/files/201808/huong_dan_lam_ho_so_cap_hb_hessen.pdf,manifested,True,,
https://ctsv.uit.edu.vn/bai-viet/chuong-trinh-hoc-bong-hessen-nam-hoc-2018-2019,https://ctsv.uit.edu.vn/sites/default/files/201808/to_khai_thong_tin_ca_nhan_xin_cap_hb_hessen_0.pdf,manifested,True,,
https://ctsv.uit.edu.vn/bai-viet/chuong-trinh-hoc-bong-hessen-nam-hoc-2018-2019,https://ctsv.uit.edu.vn/sites/default/files/201808/giay_chung_nhan_kqht.pdf,manifested,True,,
https://ctsv.uit.edu.vn/bai-viet/chuong-trinh-hoc-bong-hoc-bong-amcham-2016,https://ctsv.uit.edu.vn/sites/default/files/201604/acs_2016_tech_info_ho_tro_truyen_thong.doc,manifested,True,,
https://ctsv.uit.edu.vn/bai-viet/chuong-trinh-hoc-bong-hoc-bong-hessen-chlb-duc-nam-hoc-2016-2017,https://ctsv.uit.edu.vn/sites/default/files/201609/cv1772_dhqg_160914_thong_bao_hoc_bong_hessen_nam_hoc_2016-2017.pdf,manifested,True,,
https://ctsv.uit.edu.vn/bai-viet/chuong-trinh-hoc-bong-hoc-bong-hessen-chlb-duc-nam-hoc-2016-2017,https://ctsv.uit.edu.vn/sites/default/files/201609/thong_bao_hoc_bong.pdf,manifested,True,,
https://ctsv.uit.edu.vn/bai-viet/chuong-trinh-hoc-bong-hoc-bong-hessen-chlb-duc-nam-hoc-2016-2017,https://ctsv.uit.edu.vn/sites/default/files/201609/mau_khai_thong_tin.pdf,manifested,True,,
https://ctsv.uit.edu.vn/bai-viet/chuong-trinh-hoc-bong-invitation-scholarship-2018,https://ctsv.uit.edu.vn/sites/default/files/201803/cv278_180226_bctsv_thong_bao_chuong_trinh_invitation_scholarship.pdf,manifested,True,,
https://ctsv.uit.edu.vn/bai-viet/chuong-trinh-hoc-bong-invitation-scholarship-2018,https://ctsv.uit.edu.vn/sites/default/files/201803/graduate_school_application_form.doc,manifested,True,,
https://ctsv.uit.edu.vn/bai-viet/chuong-trinh-hoc-bong-pony-chung-invitation-scholarship-program-nam-2013-master,https://ctsv.uit.edu.vn/sites/default/files/attachments/article/127/Invitaiton%20Scholarship%20Application%20Form-2013%20Fall.doc,manifested,True,,
https://ctsv.uit.edu.vn/bai-viet/chuong-trinh-hoc-bong-pony-chung-nam-2015,https://ctsv.uit.edu.vn/sites/default/files/201510/data_sheet_pony_chung_2015.doc,manifested,True,,
https://ctsv.uit.edu.vn/bai-viet/chuong-trinh-hoc-bong-pony-chung-nam-2015,https://ctsv.uit.edu.vn/sites/default/files/201510/dhcntt_2015_list_of_candiadtes.doc,manifested,True,,
https://ctsv.uit.edu.vn/bai-viet/chuong-trinh-hoc-bong-pony-chung-nam-2015,https://ctsv.uit.edu.vn/sites/default/files/201510/1823_dhqg_ctsv_07_10_2015.pdf,manifested,True,,
https://ctsv.uit.edu.vn/bai-viet/chuong-trinh-hoc-bong-pony-chung-nam-2018,https://ctsv.uit.edu.vn/sites/default/files/201809/cv1693_18906_dhqg_chuong_trinh_trao_hoc_bong_pony_chung_2018.pdf,manifested,True,,
https://ctsv.uit.edu.vn/bai-viet/chuong-trinh-hoc-bong-pony-chung-nam-2018,https://ctsv.uit.edu.vn/sites/default/files/201809/pcf_data_sheet_2018.doc,manifested,True,,
https://ctsv.uit.edu.vn/bai-viet/chuong-trinh-hoc-bong-posco,"https://ctsv.uit.edu.vn/sites/default/files/attachments/article/235/1516_%C4%90HQG_CTSV,%2013_9_2013.PDF",manifested,True,,
https://ctsv.uit.edu.vn/bai-viet/chuong-trinh-hoc-bong-posco-tj-park-foundation-nam-hoc-2018-2019,https://ctsv.uit.edu.vn/sites/default/files/201810/cv1962_181011_dhqg_hoc_bong_posco_tj_park_foundation.pdf,manifested,True,,
https://ctsv.uit.edu.vn/bai-viet/chuong-trinh-hoc-bong-posco-tj-park-foundation-nam-hoc-2018-2019,https://ctsv.uit.edu.vn/sites/default/files/201810/mau_data_sheet.doc,manifested,True,,
https://ctsv.uit.edu.vn/bai-viet/chuong-trinh-hoc-bong-posco-tj-park-foundation-nam-hoc-2018-2019,https://ctsv.uit.edu.vn/sites/default/files/201810/mau-de_cu_sv.doc,manifested,True,,
https://ctsv.uit.edu.vn/bai-viet/chuong-trinh-hoc-bong-stipendium-hungaricum-scholarship-2018,https://ctsv.uit.edu.vn/sites/default/files/201802/call-for-applications-2018-2019.pdf,manifested,True,,
https://ctsv.uit.edu.vn/bai-viet/chuong-trinh-hoc-bong-stipendium-hungaricum-scholarship-2018,https://ctsv.uit.edu.vn/sites/default/files/201802/tb_ts_hung-ga-ri_2018.pdf,manifested,True,,
https://ctsv.uit.edu.vn/bai-viet/chuong-trinh-hoc-bong-tai-do,https://ctsv.uit.edu.vn/sites/default/files/attachments/article/128/Thong%20bao%20hoc%20bong%20An%20Do%20tieng%20Viet.pdf,manifested,True,,
https://ctsv.uit.edu.vn/bai-viet/chuong-trinh-hoc-bong-tai-do,https://ctsv.uit.edu.vn/sites/default/files/attachments/article/128/Thong%20bao%20hoc%20bong%20An%20Do%20tieng%20Anh.pdf,manifested,True,,
https://ctsv.uit.edu.vn/bai-viet/chuong-trinh-hoc-bong-tf-learn-program-nus-2018-2019,https://ctsv.uit.edu.vn/sites/default/files/201803/cv_thong_bao_tf_learn_program_nus.pdf,manifested,True,,
https://ctsv.uit.edu.vn/bai-viet/chuong-trinh-hoc-bong-tf-learn-program-nus-2018-2019,https://ctsv.uit.edu.vn/sites/default/files/201803/tfi_learn_ay1819_application_flowchart.pdf,manifested,True,,
https://ctsv.uit.edu.vn/bai-viet/chuong-trinh-hoc-bong-thu-khoa-ky-thi-tuyen-sinh-dh-nh-2018-2019,https://ctsv.uit.edu.vn/sites/default/files/201807/63_qpt_tt12_7_2018.pdf,manifested,True,,
https://ctsv.uit.edu.vn/bai-viet/chuong-trinh-hoc-bong-thu-khoa-ky-thi-tuyen-sinh-dh-nh-2018-2019,https://ctsv.uit.edu.vn/sites/default/files/201807/mau_xin_hoc_bong_0.docx,manifested,True,,
https://ctsv.uit.edu.vn/bai-viet/chuong-trinh-hoc-bong-toshiba-nam-2018,https://ctsv.uit.edu.vn/sites/default/files/201807/1330_dhqg_qhdn17_7_2018.pdf,manifested,True,,
https://ctsv.uit.edu.vn/bai-viet/chuong-trinh-nha-hung-bien-tre-va-dien-dan-giao-duc-aun-16-va-asean3,https://ctsv.uit.edu.vn/sites/default/files/201608/1616_dhqg_qhdn_22_8_2016.pdf,manifested,True,,
https://ctsv.uit.edu.vn/bai-viet/chuong-trinh-sas-srs-2017-2018-tai-truong-dh-hokkaido-nhat-ban,https://ctsv.uit.edu.vn/sites/default/files/201612/2607_dhqg_qhdn_28_12_2016.pdf,manifested,True,,
https://ctsv.uit.edu.vn/bai-viet/chuong-trinh-sinh-vien-vay-uu-dai-de-hoc-tap-lai-suat-0-tai-dhqg-hcm-hoc-ky-1-nam-hoc-2022,https://ctsv.uit.edu.vn/sites/default/files/202209/115_qpt_ttqhdn_29_8_2022.pdf,manifested,True,,
https://ctsv.uit.edu.vn/bai-viet/chuong-trinh-summer-surabaya-bali,https://ctsv.uit.edu.vn/sites/default/files/201803/summer_sura-bali.pdf,manifested,True,,
https://ctsv.uit.edu.vn/bai-viet/chuong-trinh-tf-learen-program-ntu-2017-2018-cua-nanyang-technological-university,https://ctsv.uit.edu.vn/sites/default/files/201703/302_dhqg_qhdn_28_2_2017.pdf,manifested,True,,
https://ctsv.uit.edu.vn/bai-viet/chuong-trinh-tinh-nguyen-cua-posco-vietnam-2015,https://ctsv.uit.edu.vn/sites/default/files/201509/chuong_trinh_posco_vietnam_2015.pdf,manifested,True,,
https://ctsv.uit.edu.vn/bai-viet/chuong-trinh-trao-doi-sinh-vien-dna-nam-hoc-2018-2019,https://ctsv.uit.edu.vn/sites/default/files/201807/1160_dhqg_qhdn25_6_2018.pdf,manifested,True,,
https://ctsv.uit.edu.vn/bai-viet/chuong-trinh-trao-doi-sinh-vien-mua-he-2018-tai-truong-dh-ngoai-ngu-hankuk,https://ctsv.uit.edu.vn/sites/default/files/201803/263_dhqg_qhdn_09_02_2018.pdf,manifested,True,,
https://ctsv.uit.edu.vn/bai-viet/chuong-trinh-trao-doi-sinh-vien-mua-xuan-2017-tai-truong-dai-hoc-ngoai-ngu-hankuk,https://ctsv.uit.edu.vn/sites/default/files/201609/1737_dhqg-qhdn_08-09-2016.pdf,manifested,True,,
https://ctsv.uit.edu.vn/bai-viet/chuong-trinh-trao-doi-sinh-vien-tai-dai-hoc-daejeon-han-quoc,https://ctsv.uit.edu.vn/sites/default/files/attachments/article/123/Application%20form.doc,manifested,True,,
https://ctsv.uit.edu.vn/bai-viet/chuong-trinh-trao-doi-sinh-vien-tai-dai-hoc-daejeon-han-quoc,https://ctsv.uit.edu.vn/sites/default/files/attachments/article/123/2013%20Excellent%20Exchange%20Students%20Support%20Scholarship%20Project.doc,manifested,True,,
https://ctsv.uit.edu.vn/bai-viet/chuong-trinh-trao-doi-sinh-vien-tai-dh-chulalongkorn-thai-lan,https://ctsv.uit.edu.vn/sites/default/files/attachments/article/125/Application%20Package%20-%20Vietnam%20National%20University%20(HCM).doc,manifested,True,,
https://ctsv.uit.edu.vn/bai-viet/chuong-trinh-trao-doi-sinh-vien-tai-dh-chulalongkorn-thai-lan,https://ctsv.uit.edu.vn/sites/default/files/attachments/article/125/Exchange%20Schedule.doc,manifested,True,,
https://ctsv.uit.edu.vn/bai-viet/chuong-trinh-trao-doi-sinh-vien-tai-dh-chulalongkorn-thai-lan,https://ctsv.uit.edu.vn/sites/default/files/attachments/article/125/Ctrinh%20trao%20doi%20SV%20tai%20Thai%20Lan.pdf,manifested,True,,
https://ctsv.uit.edu.vn/bai-viet/chuong-trinh-trao-doi-sv-ngan-han-hustep-2017-2018-tai-nhat-ban,https://ctsv.uit.edu.vn/sites/default/files/201612/cv_hoc_bong_hustep_2017-2018.doc,manifested,True,,
https://ctsv.uit.edu.vn/bai-viet/chuong-trinh-vay-von-tin-chap-tai-acb-chuong-trinh-acb-dong-hanh-cung-sinh-vien-dhqg-hcm,https://ctsv.uit.edu.vn/sites/default/files/uploads/files/202508/1._don_de_nghi_vay_von_acb.docx,manifested,True,,
https://ctsv.uit.edu.vn/bai-viet/chuong-trinh-vay-von-tin-chap-tai-acb-chuong-trinh-acb-dong-hanh-cung-sinh-vien-dhqg-hcm,https://ctsv.uit.edu.vn/sites/default/files/uploads/files/202508/cv_82_qpt_trien_khai_chuong_trinh_acb_dong_hanh_cung_sinh_vien_dhqg-hcm.pdf,manifested,True,,
https://ctsv.uit.edu.vn/bai-viet/cung-cap-thong-tin-dia-chi-bo-sung-bhyt,https://ctsv.uit.edu.vn/sites/default/files/201611/bhyt-_bs_dia_chi.pdf,manifested,True,,
https://ctsv.uit.edu.vn/bai-viet/cung-cap-thong-tin-dia-chi-bo-sung-bhyt,https://ctsv.uit.edu.vn/sites/default/files/201611/tb_cung_cap_thong_tin.pdf,manifested,True,,
https://ctsv.uit.edu.vn/bai-viet/cuoc-thi-mobile-programming-2017-giai-nhat-8000000d,https://ctsv.uit.edu.vn/sites/default/files/201704/de_thi_va_the_le_-_update.pdf,manifested,True,,
https://ctsv.uit.edu.vn/bai-viet/dang-ky-thi-mien-phi-vnu-ept-dot-1-nam-2019,https://ctsv.uit.edu.vn/sites/default/files/201904/125_ktdg_01_4_2019.pdf,manifested,True,,
https://ctsv.uit.edu.vn/bai-viet/danh-muc-xa-vung-cao-de-xet-tcxh,https://ctsv.uit.edu.vn/sites/default/files/202306/danh_muc_xa_vung_cao_de_xet_tcxh.doc,manifested,True,,
https://ctsv.uit.edu.vn/bai-viet/danh-sach-cac-vung-co-dieu-kien-kinh-te-xa-hoi-kho-khan-va-dac-biet-kho-khan,https://ctsv.uel.edu.vn/Resources/Docs/SubDomain/ctsv/Ch%C3%ADnh%20s%C3%A1ch/MGHP/Quy%E1%BA%BFt%20%C4%91%E1%BB%8Bnh-576-Q%C4%90-TTg.pdf,manifested,True,,
https://ctsv.uit.edu.vn/bai-viet/danh-sach-cac-vung-co-dieu-kien-kinh-te-xa-hoi-kho-khan-va-dac-biet-kho-khan,https://ctsv.uel.edu.vn/Resources/Docs/SubDomain/ctsv/Ch%C3%ADnh%20s%C3%A1ch/MGHP/Quy%E1%BA%BFt%20%C4%91%E1%BB%8Bnh-1010-Q%C4%90-TTg.pdf,manifested,True,,
https://ctsv.uit.edu.vn/bai-viet/danh-sach-cac-vung-co-dieu-kien-kinh-te-xa-hoi-kho-khan-va-dac-biet-kho-khan,https://ctsv.uel.edu.vn/Resources/Docs/SubDomain/ctsv/Ch%C3%ADnh%20s%C3%A1ch/MGHP/Quy%E1%BA%BFt%20%C4%91%E1%BB%8Bnh-698-Q%C4%90-TTg.pdf,manifested,True,,
https://ctsv.uit.edu.vn/bai-viet/danh-sach-cac-vung-co-dieu-kien-kinh-te-xa-hoi-kho-khan-va-dac-biet-kho-khan,https://ctsv.uel.edu.vn/Resources/Docs/SubDomain/ctsv/Ch%C3%ADnh%20s%C3%A1ch/MGHP/Quy%E1%BA%BFt%20%C4%91%E1%BB%8Bnh-612-Q%C4%90-UBDT.pdf,manifested,True,,
https://ctsv.uit.edu.vn/bai-viet/danh-sach-cac-vung-co-dieu-kien-kinh-te-xa-hoi-kho-khan-va-dac-biet-kho-khan,https://ctsv.uel.edu.vn/Resources/Docs/SubDomain/ctsv/Ch%C3%ADnh%20s%C3%A1ch/MGHP/Quy%E1%BA%BFt%20%C4%91%E1%BB%8Bnh-497-Q%C4%90-UBDT.pdf,manifested,True,,
https://ctsv.uit.edu.vn/bai-viet/danh-sach-cac-vung-co-dieu-kien-kinh-te-xa-hoi-kho-khan-va-dac-biet-kho-khan,https://ctsv.uel.edu.vn/Resources/Docs/SubDomain/ctsv/Ch%C3%ADnh%20s%C3%A1ch/MGHP/C%C3%B4ng%20v%C4%83n-296-BDTTG-CS.pdf,manifested,True,,
https://ctsv.uit.edu.vn/bai-viet/danh-sach-dang-ky-sinh-hoat-cong-dan-cuoi-khoa-dot-1,https://ctsv.uit.edu.vn/sites/default/files/201603/danh_sach_dk_tuan_shcd-sv_cuoi_khoa_2012.xlsx,manifested,True,,
https://ctsv.uit.edu.vn/bai-viet/danh-sach-de-cu-sinh-vien-tham-du-giai-thuong-cntt,"https://ctsv.uit.edu.vn/sites/default/files/attachments/article/189/16_DHCNTT-CTSV,%2013_5_2013.pdf",manifested,True,,
https://ctsv.uit.edu.vn/bai-viet/danh-sach-diem-danh-sinh-hoat-cdsv-cuoi-khoa-dot-1-nam-2017,https://ctsv.uit.edu.vn/sites/default/files/201704/dssv_diem_danh_shcd_cuoi_khoa_-_dot_1-2017.pdf,manifested,True,,
https://ctsv.uit.edu.vn/bai-viet/danh-sach-diem-danh-sinh-hoat-cdsv-cuoi-khoa-dot-2-nam-2017,https://ctsv.uit.edu.vn/sites/default/files/201706/danh_sach_diem_danh_shcd_cuoi_khoa_-_dot_2_-_2017.pdf,manifested,True,,
https://ctsv.uit.edu.vn/bai-viet/danh-sach-diem-danh-sinh-hoat-cong-dan-cuoi-khoa-dot-2,https://ctsv.uit.edu.vn/sites/default/files/201605/dssv_diem_danh_shcd_cuoi_khoa_dot_2.pdf,manifested,True,,
https://ctsv.uit.edu.vn/bai-viet/danh-sach-dong-tien-bhyt-va-dang-ky-benh-vien-cap-nhat-den-het-ngay-20122021,https://ctsv.uit.edu.vn/sites/default/files/uploads/files/202603/danh_sach.pdf,manifested,True,,
https://ctsv.uit.edu.vn/bai-viet/danh-sach-dong-tien-bhyt-va-dang-ky-benh-vien-nam-2022,https://ctsv.uit.edu.vn/sites/default/files/uploads/files/202603/dssv.pdf,manifested,True,,
https://ctsv.uit.edu.vn/bai-viet/danh-sach-dong-tien-mua-bhyt-2024-o-truong,https://ctsv.uit.edu.vn/sites/default/files/uploads/files/202312/dssv_dong_tien_mua_bhyt_2024_-_tb_sv_kiem_tra.xlsx,manifested,True,,
https://ctsv.uit.edu.vn/bai-viet/danh-sach-dong-tien-mua-bhyt-dot-bo-sung-10-thang,https://ctsv.uit.edu.vn/sites/default/files/202202/dssv_dong_tien_mua_bhyt_-_dot_cuoi.xlsx,manifested,True,,
https://ctsv.uit.edu.vn/bai-viet/danh-sach-dong-tien-mua-bhyt-dot-bo-sung-cap-nhat-18-gio-30-ngay-13012022,https://ctsv.uit.edu.vn/sites/default/files/202201/danh_sach_dong_tien_mua_bhyt_-_dot_bo_sung_0.xlsx,manifested,True,,
https://ctsv.uit.edu.vn/bai-viet/danh-sach-du-kien-mghp-ds-nop-ho-so-che-do-chinh-sach-hk1,https://ctsv.uit.edu.vn/sites/default/files/202009/ds_du_kien_huong_tcxh_hk1_2020-2021.pdf,manifested,True,,
https://ctsv.uit.edu.vn/bai-viet/danh-sach-du-kien-mghp-ds-nop-ho-so-che-do-chinh-sach-hk1,https://ctsv.uit.edu.vn/sites/default/files/202009/ds_du_kien_mghp_hk1_2020-2021_0.pdf,manifested,True,,
https://ctsv.uit.edu.vn/bai-viet/danh-sach-du-kien-mghp-ds-nop-ho-so-che-do-chinh-sach-hk1,https://ctsv.uit.edu.vn/sites/default/files/202009/dssv_nop_ho_so_che_do_chinh_sach_-_hk1_nam_hoc_2020-2021_0.pdf,manifested,True,,
https://ctsv.uit.edu.vn/bai-viet/danh-sach-du-kien-mghp-ds-nop-ho-so-che-do-chinh-sach-hk2,https://ctsv.uit.edu.vn/sites/default/files/202003/dssv_nop_ho_so_che_do_chinh_sach_hk2.pdf,manifested,True,,
https://ctsv.uit.edu.vn/bai-viet/danh-sach-du-kien-mghp-ds-nop-ho-so-che-do-chinh-sach-hk2,https://ctsv.uit.edu.vn/sites/default/files/202003/dssv_du_kien_mghp_hk2_-_chuyen_qua_tu_hk1_2019-2020.pdf,manifested,True,,
https://ctsv.uit.edu.vn/bai-viet/danh-sach-du-kien-mghp-ds-nop-ho-so-che-do-chinh-sach-hk2,https://ctsv.uit.edu.vn/sites/default/files/202003/ds_du_kien_huong_tcxh_hk2_2019-2020.pdf,manifested,True,,
https://ctsv.uit.edu.vn/bai-viet/danh-sach-lop-sinh-hoat-xet-hoc-bong-kkht-va-ket-qua-rlsv-hk2-2016-2017,https://ctsv.uit.edu.vn/sites/default/files/201711/763_ds_drl_sv_hk2_2016-2017.pdf,manifested,True,,
https://ctsv.uit.edu.vn/bai-viet/danh-sach-nhan-hoc-bong-kkht-hk1-nh-11-12,https://ctsv.uit.edu.vn/sites/default/files/attachments/article/91/20_QD-DHCNTT-CTSV%20(QD%20SV%20nhan%20HBKKHT%20HKI%20NH%202011-2012_CTTT).pdf,manifested,True,,
https://ctsv.uit.edu.vn/bai-viet/danh-sach-nhan-hoc-bong-kkht-hk1-nh-11-12,https://ctsv.uit.edu.vn/sites/default/files/attachments/article/91/New_18_QD-DHCNTT-CTSV%20(QD%20SV%20nhan%20HBKKHT%20HKI%20NH%202011-2012).pdf,manifested,True,,
https://ctsv.uit.edu.vn/bai-viet/danh-sach-nhan-hoc-bong-kkht-hk1-nh-11-12,https://ctsv.uit.edu.vn/sites/default/files/attachments/article/91/20_QD-DHCNTT-CTSV.pdf,manifested,True,,
https://ctsv.uit.edu.vn/bai-viet/danh-sach-sinh-vien-cap-nhat-bhyt,https://ctsv.uit.edu.vn/sites/default/files/202203/dssv_cap_nhat_bhyt.pdf,manifested,True,,
https://ctsv.uit.edu.vn/bai-viet/danh-sach-sinh-vien-cap-nhat-bhyt-cap-nhat-ngay-1532022-cham-diem-ren-luyen,https://ctsv.uit.edu.vn/sites/default/files/202203/dssv_cap_nhat_bhyt_0.pdf,manifested,True,,
https://ctsv.uit.edu.vn/bai-viet/danh-sach-sinh-vien-chua-bo-sung-ho-so-mua-bhyt-3-thang-cuoi-nam-2021,https://ctsv.uit.edu.vn/sites/default/files/202110/mau_to_khai_tk1.doc,manifested,True,,
https://ctsv.uit.edu.vn/bai-viet/danh-sach-sinh-vien-chua-hoan-thanh-shcd-cuoi-khoa,https://ctsv.uit.edu.vn/sites/default/files/201710/dssv_chua_hoan_thanh_shcd_cuoi_khoa.pdf,manifested,True,,
https://ctsv.uit.edu.vn/bai-viet/danh-sach-sinh-vien-co-tham-gia-bhyt-nam-2017,https://ctsv.uit.edu.vn/sites/default/files/201704/danh_sach_sinh_vien_co_the_bhyt_nam_2017_-_final.pdf,manifested,True,,
https://ctsv.uit.edu.vn/bai-viet/danh-sach-sinh-vien-da-cai-dat-ung-dung-vssid,https://ctsv.uit.edu.vn/sites/default/files/202105/dssv_cai_dat_ung_dung_vssid_-_bd0282_-_copy.xlsx,manifested,True,,
https://ctsv.uit.edu.vn/bai-viet/danh-sach-sinh-vien-dang-ky-bhyt-2013-2014,https://ctsv.uit.edu.vn/sites/default/files/attachments/article/236/DS%20mua%20NHYT%20toantruong.xls,manifested,True,,
https://ctsv.uit.edu.vn/bai-viet/danh-sach-sinh-vien-dang-ky-hoc-bong-uit-anti-covid-19-dot-8,https://ctsv.uit.edu.vn/sites/default/files/202110/dssv_dang_ky_hoc_bong_uit_anti-covid-19_dot_8_nam_2021.pdf,manifested,True,,
https://ctsv.uit.edu.vn/bai-viet/danh-sach-sinh-vien-dang-ky-hoc-bong-uit-anti-covid-19-nam-2021-dot-6,https://ctsv.uit.edu.vn/sites/default/files/202107/danh_sach_sinh_vien_dang_ky_hoc_bong_uit_anti_covid-19_2021_dot_6.sv_.pdf,manifested,True,,
https://ctsv.uit.edu.vn/bai-viet/danh-sach-sinh-vien-dong-tien-bhyt-va-dang-ky-benh-vien-cap-nhat-ngay-23122021,https://ctsv.uit.edu.vn/sites/default/files/202112/danh_sach_loi.pdf,manifested,True,,
https://ctsv.uit.edu.vn/bai-viet/danh-sach-sinh-vien-dong-tien-bhyt-va-dang-ky-benh-vien-cap-nhat-ngay-23122021,https://ctsv.uit.edu.vn/sites/default/files/uploads/files/202603/chuyen_hp.pdf,manifested,True,,
https://ctsv.uit.edu.vn/bai-viet/danh-sach-sinh-vien-dong-tien-bhyt-va-dang-ky-benh-vien-cap-nhat-ngay-23122021,https://ctsv.uit.edu.vn/sites/default/files/uploads/files/202603/danh_sach_mua.pdf,manifested,True,,
https://ctsv.uit.edu.vn/bai-viet/danh-sach-sinh-vien-dong-tien-mua-bhyt-nam-2024,https://ctsv.uit.edu.vn/sites/default/files/uploads/files/202312/dssv_truong_mua_bhyt_2024.xlsx,manifested,True,,
https://ctsv.uit.edu.vn/bai-viet/danh-sach-sinh-vien-du-kien-xet-mien-giam-hoc-phi-ho-tro-chi-phi-hoc-tap,https://ctsv.uit.edu.vn/sites/default/files/201510/dssv_nop_hs_mghp_2015-2016.xls,manifested,True,,
https://ctsv.uit.edu.vn/bai-viet/danh-sach-sinh-vien-du-kien-xet-tn-dot-2-no-cac-thu-tuc,https://ctsv.uit.edu.vn/sites/default/files/201510/danh_sach_sinh_vien_du_kien_tot_nghiep_0.xls,manifested,True,,
https://ctsv.uit.edu.vn/bai-viet/danh-sach-sinh-vien-duoc-gia-han-hoc-phi-hoc-ky-1-nam-hoc-2021-2021-lan-2-den-ngay-31102021,https://ctsv.uit.edu.vn/sites/default/files/202110/01102021_dssvghhplan_2_den_31102021.pdf,manifested,True,,
https://ctsv.uit.edu.vn/bai-viet/danh-sach-sinh-vien-duoc-gia-han-nop-hoc-phi-hoc-ky-1-nam-hoc-2020-2021,https://ctsv.uit.edu.vn/sites/default/files/202008/dssv_gia_han_hoc_phi.pdf,manifested,True,,
https://ctsv.uit.edu.vn/bai-viet/danh-sach-sinh-vien-duoc-hoan-tra-lai-tien-bhyt-nam-2021,https://ctsv.uit.edu.vn/sites/default/files/202204/dssv_duoc_hoan_tra_tien_mua_bhyt_2021.pdf,manifested,True,,
https://ctsv.uit.edu.vn/bai-viet/danh-sach-sinh-vien-hoan-thanh-bhyt-khong-hoan-thanh-bhyt-dot-1-nam-2015,https://ctsv.uit.edu.vn/sites/default/files/201512/dssv_khong_tham_gia_bhyt.xlsx,manifested,True,,
https://ctsv.uit.edu.vn/bai-viet/danh-sach-sinh-vien-hoan-thanh-bhyt-khong-hoan-thanh-bhyt-dot-1-nam-2015,https://ctsv.uit.edu.vn/sites/default/files/201512/dssv_mua_bhyt.xls,manifested,True,,
https://ctsv.uit.edu.vn/bai-viet/danh-sach-sinh-vien-hoan-thanh-shcd-cuoi-khoa-dot-1-2016-final,https://ctsv.uit.edu.vn/sites/default/files/201607/dssv_hoan_thanh_shcd_cuoi_khoa_dot_1_-2016.pdf,manifested,True,,
https://ctsv.uit.edu.vn/bai-viet/danh-sach-sinh-vien-hoan-thanh-shcd-cuoi-khoa-dot-1-2017,https://ctsv.uit.edu.vn/sites/default/files/201704/dssv_hoan_thanh_shcd_cuoi_khoa_dot_1-2017.pdf,manifested,True,,
https://ctsv.uit.edu.vn/bai-viet/danh-sach-sinh-vien-hoan-thanh-shcd-cuoi-khoa-dot-1-nam-2016,https://ctsv.uit.edu.vn/sites/default/files/201605/dssv_hoan_thanh_shcd_cuoi_khoa_dot_1_-2016.pdf,manifested,True,,
https://ctsv.uit.edu.vn/bai-viet/danh-sach-sinh-vien-hoan-thanh-shcd-cuoi-khoa-dot-2-nam-2016,https://ctsv.uit.edu.vn/sites/default/files/201803/dssv_hoan_thanh_shcd_cuoi_khoa_dot_2_nam_2016.pdf,manifested,True,,
https://ctsv.uit.edu.vn/bai-viet/danh-sach-sinh-vien-hoan-thanh-shcd-cuoi-khoa-dot-3-nam-2016,https://ctsv.uit.edu.vn/sites/default/files/201607/dssv_hoan_thanh_cuoi_khoa_dot_3_-_2016.pdf,manifested,True,,
https://ctsv.uit.edu.vn/bai-viet/danh-sach-sinh-vien-hoan-thanh-tuan-shcd-sv-cuoi-khoa,https://ctsv.uit.edu.vn/sites/default/files/201812/dssv_hoan_thanh_tuan_shcd-sv_cuoi_khoa.pdf,manifested,True,,
https://ctsv.uit.edu.vn/bai-viet/danh-sach-sinh-vien-khoa-2020-nop-ho-so-chinh-sach,https://ctsv.uit.edu.vn/sites/default/files/202011/dssv_nop_ho_so_che_do_chinh_sach_-_hk1_nam_hoc_2020-2021_-_khoa_2020.xls,manifested,True,,
https://ctsv.uit.edu.vn/bai-viet/danh-sach-sinh-vien-khoa-cu-dong-tien-mua-bhyt-3-thang-cuoi-nam-2020,https://ctsv.uit.edu.vn/sites/default/files/202010/dssv_dong_tien_mua_bhyt_3_thang_cuoi_nam_2020.xlsx,manifested,True,,
https://ctsv.uit.edu.vn/bai-viet/danh-sach-sinh-vien-mien-nop-va-da-nop-phieu-xac-nhan-sinh-vien-tai-dia-phuong-noi-cu-tru,https://ctsv.uit.edu.vn/sites/default/files/201707/ktxxhh.pdf,manifested,True,,
https://ctsv.uit.edu.vn/bai-viet/danh-sach-sinh-vien-mien-nop-va-da-nop-phieu-xac-nhan-sinh-vien-tai-dia-phuong-noi-cu-tru,https://ctsv.uit.edu.vn/sites/default/files/201708/ds_sinh_vien_o_ktx_cap_nhat_1.8.pdf,manifested,True,,
https://ctsv.uit.edu.vn/bai-viet/danh-sach-sinh-vien-mien-nop-va-da-nop-phieu-xac-nhan-sinh-vien-tai-dia-phuong-noi-cu-tru,https://ctsv.uit.edu.vn/sites/default/files/201708/danh_sach_nop_phieu_xac_nhan.8.8.2017.pdf,manifested,True,,
https://ctsv.uit.edu.vn/bai-viet/danh-sach-sinh-vien-mien-nop-va-da-nop-phieu-xac-nhan-sinh-vien-tai-dia-phuong-noi-cu-tru,https://ctsv.uit.edu.vn/sites/default/files/201708/ds_sinh_vien_nop_giay_xac_nhan._cap_nhat_30.8.2017.pdf,manifested,True,,
https://ctsv.uit.edu.vn/bai-viet/danh-sach-sinh-vien-nhan-hoc-bong-hk1-2022-2023,https://ctsv.uit.edu.vn/sites/default/files/202212/1048_kkht.pdf,manifested,True,,
https://ctsv.uit.edu.vn/bai-viet/danh-sach-sinh-vien-nhan-hoc-bong-hk1-2022-2023,https://ctsv.uit.edu.vn/sites/default/files/202212/1049-1050_hb-cttt-clc.pdf,manifested,True,,
https://ctsv.uit.edu.vn/bai-viet/danh-sach-sinh-vien-nhan-hoc-bong-hk1-2022-2023,https://ctsv.uit.edu.vn/sites/default/files/202212/1051_hb-tuyensinh.pdf,manifested,True,,
https://ctsv.uit.edu.vn/bai-viet/danh-sach-sinh-vien-nhan-hoc-bong-hk1-2022-2023,https://ctsv.uit.edu.vn/sites/default/files/202212/1052_hb-tainang-khmt_.pdf,manifested,True,,
https://ctsv.uit.edu.vn/bai-viet/danh-sach-sinh-vien-nhan-hoc-bong-hk1-2022-2023,https://ctsv.uit.edu.vn/sites/default/files/202212/1053_hb-tainang-attt_.pdf,manifested,True,,
https://ctsv.uit.edu.vn/bai-viet/danh-sach-sinh-vien-nop-don-gia-han-hoc-phi-hoc-ky-2-nam-hoc-2019-2020,https://ctsv.uit.edu.vn/sites/default/files/202003/dssv_nop_don_gia_han_hoc_phi_hk2.pdf,manifested,True,,
https://ctsv.uit.edu.vn/bai-viet/danh-sach-sinh-vien-nop-ho-so-chinh-sach,https://ctsv.uit.edu.vn/sites/default/files/202103/dssv_nop_ho_so_che_do_chinh_sach_hk2_nam_hoc_2020-2021_0.xlsx,manifested,True,,
https://ctsv.uit.edu.vn/bai-viet/danh-sach-sinh-vien-tham-du-le-khai-khoa-2016,https://ctsv.uit.edu.vn/sites/default/files/201609/ds_sinhviendulekhaikhoa.pdf,manifested,True,,
https://ctsv.uit.edu.vn/bai-viet/danh-sach-sinh-vien-tham-du-le-khai-khoa-2018,https://ctsv.uit.edu.vn/sites/default/files/201810/uit_-_danh_sach_tham_du_le_khai_khoa_2018.pdf,manifested,True,,
https://ctsv.uit.edu.vn/bai-viet/danh-sach-sinh-vien-tham-gia-bhtn-tai-truong-nam-hoc-2021-2022,https://ctsv.uit.edu.vn/sites/default/files/202111/dssv_mua_bhtn_cho_sinh_vien_nh_2021_04-10-2021_1.pdf,manifested,True,,
https://ctsv.uit.edu.vn/bai-viet/danh-sach-sinh-vien-tham-gia-bhyt-va-khong-tham-gia-bhyt,https://ctsv.uit.edu.vn/sites/default/files/201512/dssv_tham_gia_bhyt_-_khong_tham_gia_bhyt.pdf,manifested,True,,
https://ctsv.uit.edu.vn/bai-viet/danh-sach-sinh-vien-tham-gia-sinh-hoat-cong-dan-sinh-vien-dau-nam,https://ctsv.uit.edu.vn/sites/default/files/201610/dssv_tham_gia_sinh_hoat_cong_dan_dau_nam.pdf,manifested,True,,
https://ctsv.uit.edu.vn/bai-viet/danh-sach-sinh-vien-tham-gia-sinh-hoat-cong-dan-sinh-vien-dau-nam,https://ctsv.uit.edu.vn/sites/default/files/201610/dssv_hoc_dau_khoa__0.pdf,manifested,True,,
https://ctsv.uit.edu.vn/bai-viet/danh-sach-sinh-vien-xet-tot-nghiep-dot-1-nam-2013,https://ctsv.uit.edu.vn/sites/default/files/attachments/article/188/DANH%20SACH%20XET%20TN%20DOT%201_2013%20Hoan%20chinh.xls,manifested,True,,
https://ctsv.uit.edu.vn/bai-viet/danh-sach-sv-chua-hoan-thanh-sinh-hoat-cong-dan-sinh-vien-cuoi-khoa,https://ctsv.uit.edu.vn/sites/default/files/201605/dssv_chua_hoan_thanh_shcd_cuoi_khoa.pdf,manifested,True,,
https://ctsv.uit.edu.vn/bai-viet/danh-sach-sv-dong-tien-bhyt-nam-hoc-2013-2014,https://ctsv.uit.edu.vn/sites/default/files/attachments/article/233/DANH%20SACH%20SV%20NOP%20BHYT%20DEN%2005-09-2013(2).pdf,manifested,True,,
https://ctsv.uit.edu.vn/bai-viet/danh-sach-sv-tham-gia-olp-va-dat-giai,https://ctsv.uit.edu.vn/sites/default/files/attachments/article/79/DS%20OLP%202012.xls,manifested,True,,
https://ctsv.uit.edu.vn/bai-viet/danh-sach-sv-nhan-hb-hk2-2011-2012,https://ctsv.uit.edu.vn/sites/default/files/attachments/article/109/DS%20HOC%20BONG%20KKHT%20HK2%20NH%202011-2012.pdf,manifested,True,,
https://ctsv.uit.edu.vn/bai-viet/danh-sach-sv-nhan-hb-hk2-2011-2012,https://ctsv.uit.edu.vn/sites/default/files/attachments/article/109/28_QD-DHCNTT-CTSV%20(CTTT).pdf,manifested,True,,
https://ctsv.uit.edu.vn/bai-viet/danh-sach-va-so-do-cho-ngoi-tot-nghiep-dot-2-nam-2013,https://ctsv.uit.edu.vn/sites/default/files/attachments/article/261/Luu%20y%20sinh%20vien%20tham%20gia%20le.doc,manifested,True,,
https://ctsv.uit.edu.vn/bai-viet/danh-sach-va-so-do-cho-ngoi-tot-nghiep-dot-2-nam-2013,https://ctsv.uit.edu.vn/sites/default/files/attachments/article/261/DS%20Nhan%20Bang%20Dot%202%20Nam%202013.xls,manifested,True,,
https://ctsv.uit.edu.vn/bai-viet/diem-ren-luyen-sinh-vien-hoc-ky-2-nam-hoc-2016-2017-du-kien,https://ctsv.uit.edu.vn/sites/default/files/201710/drl_sv_hkii_2016-2017_du_kien_18.10.2017.pdf,manifested,True,,
https://ctsv.uit.edu.vn/bai-viet/dieu-le-truong-dai-hoc-cua-thu-tuong-chinh-phu,https://ctsv.uit.edu.vn/sites/default/files/attachments/article/158/Dieu%20le%20truong%20DH.doc,manifested,True,,
https://ctsv.uit.edu.vn/bai-viet/ds-sinh-vien-mua-bhyt-2013-2014,https://ctsv.uit.edu.vn/sites/default/files/attachments/article/238/BHYTSV%20-%20KTX.xls,manifested,True,,
https://ctsv.uit.edu.vn/bai-viet/ds-sinh-vien-mua-bhyt-2013-2014,https://ctsv.uit.edu.vn/sites/default/files/attachments/article/238/BSSV%20TG%20MHYT%202013-2014.xls,manifested,True,,
https://ctsv.uit.edu.vn/bai-viet/ds-sinh-vien-mua-bhyt-2013-2014,https://ctsv.uit.edu.vn/sites/default/files/attachments/article/238/DANH%20SACH%20SV%20NOP%20TIEN%20BHYT.xls,manifested,True,,
https://ctsv.uit.edu.vn/bai-viet/ds-sinh-vien-nhan-hoc-bong-dn-sai-gon,https://ctsv.uit.edu.vn/sites/default/files/attachments/article/105/DS_%20Doanh%20nhan%20SG_2012_R%C2%A3t%20g_n.doc,manifested,True,,
https://ctsv.uit.edu.vn/bai-viet/ds-sinh-vien-no-hoc-phi-hk2-nam-hoc-2012-2013,https://ctsv.uit.edu.vn/sites/default/files/attachments/article/205/DSSV%20CHUA%20HOAN%20THANH%20HP%20HK2%202012-2013.pdf,manifested,True,,
https://ctsv.uit.edu.vn/bai-viet/ds-sinh-vien-no-hoc-phi-hk2-nam-hoc-2012-2013,https://ctsv.uit.edu.vn/sites/default/files/attachments/article/205/22-TB-DHCNTT-KHTC-04-06-2013.pdf,manifested,True,,
https://ctsv.uit.edu.vn/bai-viet/ds-sinh-vien-nop-ho-so-mghp-tcxh-dien-156,https://ctsv.uit.edu.vn/sites/default/files/attachments/article/256/DS%20SV%20nop%20hs%20MGHP.xls,manifested,True,,
https://ctsv.uit.edu.vn/bai-viet/ds-sv-nhan-hoc-bong-innova,https://ctsv.uit.edu.vn/sites/default/files/attachments/article/92/HB%20InNova%202012.pdf,manifested,True,,
https://ctsv.uit.edu.vn/bai-viet/ds-sv-nhan-hoc-bong-ponychung,https://ctsv.uit.edu.vn/sites/default/files/attachments/article/94/DS%20SV%20nhan%20HB%20Pony%20chung%202012.doc,manifested,True,,
https://ctsv.uit.edu.vn/bai-viet/ds-sv-nhan-hoc-bong-vu-dinh-lieu,https://ctsv.uit.edu.vn/sites/default/files/attachments/article/98/DS%20SV%20nhan%20HB%20Vu%20Dinh%20Lieu%202012.doc,manifested,True,,
https://ctsv.uit.edu.vn/bai-viet/dssv-du-kien-thu-khoa-khoa-dau-vao-va-hoc-bong-tuyen-sinh-2020,https://ctsv.uit.edu.vn/sites/default/files/202010/06_tb_dhcntt07_02_2020_scan.pdf,manifested,True,,
https://ctsv.uit.edu.vn/bai-viet/dssv-du-kien-thu-khoa-va-duoc-khen-thuong-le-tot-nghiep-2020,https://ctsv.uit.edu.vn/sites/default/files/202012/ltn2020_-_dssv_duoc_khen_thuong.pdf,manifested,True,,
https://ctsv.uit.edu.vn/bai-viet/dssv-tham-du-tuan-shcd-cuoi-khoa-dot-3-thang-10-2017,https://ctsv.uit.edu.vn/sites/default/files/201712/dssv_shcdsv_cuoi_khoa_dot_3_102017.pdf,manifested,True,,
https://ctsv.uit.edu.vn/bai-viet/gaphoc-bong-vu-dinh-danh-cho-sv-dan-toc-thieu-so,https://ctsv.uit.edu.vn/sites/default/files/201603/mau_danh_sach_de_cu_hb_vu_a_dinh_2016.doc,manifested,True,,
https://ctsv.uit.edu.vn/bai-viet/gaphoc-bong-vu-dinh-danh-cho-sv-dan-toc-thieu-so,https://ctsv.uit.edu.vn/sites/default/files/201603/cv_tbao_vu_a_dinh_2016.doc,manifested,True,,
https://ctsv.uit.edu.vn/bai-viet/gaphoc-bong-vu-dinh-danh-cho-sv-dan-toc-thieu-so,https://ctsv.uit.edu.vn/sites/default/files/201603/mau_1_bang_tom_tat_thanh_tich_ca_nhan.doc,manifested,True,,
https://ctsv.uit.edu.vn/bai-viet/gia-han-thoi-gia-thu-hoc-phi-hk1-nam-hoc-2013-2014,https://ctsv.uit.edu.vn/sites/default/files/attachments/article/257/54-TB-DHCNTT-KHTC-25-11-2013.pdf,manifested,True,,
https://ctsv.uit.edu.vn/bai-viet/giai-dap-thac-mac-hoi-nghi-sinh-vien-2016,https://ctsv.uit.edu.vn/sites/default/files/201603/hnsv_2016_-_giai_dap_thac_mac.pdf,manifested,True,,
https://ctsv.uit.edu.vn/bai-viet/giai-thuong-cntt-tt-tphcm-nam-2018,https://ctsv.uit.edu.vn/sites/default/files/201809/cv_1502_15-8-2018_vv_phoi_hop_truyen_thong_van_dong_va_de_cu_don_vi_tham_gia_gtcntt-tt_lan_x.pdf,manifested,True,,
https://ctsv.uit.edu.vn/bai-viet/giai-thuong-cntt-tt-tphcm-nam-2018,https://ctsv.uit.edu.vn/sites/default/files/201809/huong_dan_tham_du_gt_cntt_tt_2018.pdf,manifested,True,,
https://ctsv.uit.edu.vn/bai-viet/giai-thuong-cntt-tt-tphcm-nam-2018,https://ctsv.uit.edu.vn/sites/default/files/201809/tb_78_tham_du_gt_cntt_tt_2018.pdf,manifested,True,,
https://ctsv.uit.edu.vn/bai-viet/giai-thuong-cntt-tt-tphcm-nam-2018,https://ctsv.uit.edu.vn/sites/default/files/201809/mau_ho_so_dang_ky_nhom_6_-_sinh_vien_nganh_cntt.doc,manifested,True,,
https://ctsv.uit.edu.vn/bai-viet/giai-thuong-cntt-tt-tphcm-nam-2018,https://ctsv.uit.edu.vn/sites/default/files/201809/nhom_6_-_bang_tieu_chi_danh_gia_nam_2018.docx,manifested,True,,
https://ctsv.uit.edu.vn/bai-viet/giai-thuong-hoc-bong-kova-2018,https://ctsv.uit.edu.vn/sites/default/files/201805/kp16_-_cong_van_gui_truong_dai_hoc_1.pdf,manifested,True,,
https://ctsv.uit.edu.vn/bai-viet/giai-thuong-hoc-bong-kova-2018,https://ctsv.uit.edu.vn/sites/default/files/201805/kp16_-_thong_tin_chung_ve_giai_thuong_kova.pdf,manifested,True,,
https://ctsv.uit.edu.vn/bai-viet/giai-thuong-hoc-bong-kova-2018,https://ctsv.uit.edu.vn/sites/default/files/201805/kp16_-_mau_thu_de_cu_cua_truong_dh_240418_0.docx,manifested,True,,
https://ctsv.uit.edu.vn/bai-viet/giai-thuong-hoc-bong-kova-2018,https://ctsv.uit.edu.vn/sites/default/files/201805/kp16_-_nghi_luc_-_don_dang_ki_tham_gia_hoan_canh_gia_dinh_240418.doc,manifested,True,,
https://ctsv.uit.edu.vn/bai-viet/giai-thuong-hoc-bong-kova-2018,https://ctsv.uit.edu.vn/sites/default/files/201805/kp16_-_trien_vong_-_don_dang_ki_tham_gia_ban_khai_hoan_canh_gia_dinh_240418.doc,manifested,True,,
https://ctsv.uit.edu.vn/bai-viet/giai-thuong-kova-2017,https://ctsv.uit.edu.vn/sites/default/files/201704/kp15_-_nghi_luc_-_don_dang_ki_tham_gia_hoan_canh_gia_dinh.doc,manifested,True,,
https://ctsv.uit.edu.vn/bai-viet/giai-thuong-kova-2017,https://ctsv.uit.edu.vn/sites/default/files/201704/kp15_-_trien_vong_-_don_dang_ki_tham_gia_ban_khai_hoan_canh_gia_dinh.doc,manifested,True,,
https://ctsv.uit.edu.vn/bai-viet/giai-thuong-kova-2017,https://ctsv.uit.edu.vn/sites/default/files/201704/thong_tin_chung_ve_giai_thuong_kova_lan_thu_15.pdf,manifested,True,,
https://ctsv.uit.edu.vn/bai-viet/giai-thuong-luong-van-can,https://ctsv.uit.edu.vn/sites/default/files/201704/brochure_2017.pdf,manifested,True,,
https://ctsv.uit.edu.vn/bai-viet/giai-thuong-luong-van-can,https://ctsv.uit.edu.vn/sites/default/files/201704/the_le_cuoc_thi_2017.pdf,manifested,True,,
https://ctsv.uit.edu.vn/bai-viet/giai-thuong-nu-sinh-tieu-bieu-trong-linh-vuc-ky-thuat-nam-2016,https://ctsv.uit.edu.vn/sites/default/files/201608/58_cv_khcn_23_6_2016.pdf,manifested,True,,
https://ctsv.uit.edu.vn/bai-viet/giai-vo-dich-bong-da-sinh-vien-toan-quoc-va-giai-bong-ro-sinh-vien-toan-quoc-2022,https://ctsv.uit.edu.vn/sites/default/files/202208/1647_dhqg_ctsv_16_8_2022_1.pdf,manifested,True,,
https://ctsv.uit.edu.vn/bai-viet/giao-luu-quoc-te-cuoc-thi-nha-hung-bien-tre-va-dien-dan-giao-duc-aun,https://ctsv.uit.edu.vn/sites/default/files/201803/2._concept_note.doc,manifested,True,,
https://ctsv.uit.edu.vn/bai-viet/giao-luu-quoc-te-cuoc-thi-nha-hung-bien-tre-va-dien-dan-giao-duc-aun,https://ctsv.uit.edu.vn/sites/default/files/201803/3._summary_of_operational_guideline.docx,manifested,True,,
https://ctsv.uit.edu.vn/bai-viet/giao-luu-quoc-te-cuoc-thi-nha-hung-bien-tre-va-dien-dan-giao-duc-aun,https://ctsv.uit.edu.vn/sites/default/files/201803/4._full_operational_guideline.pdf,manifested,True,,
https://ctsv.uit.edu.vn/bai-viet/giao-luu-quoc-te-hoc-bong-tf-intl-learn-programmentu-2018-2019,https://ctsv.uit.edu.vn/sites/default/files/201803/tf_intl_learn_ntu_info_sheet_ay2018-2019.pdf,manifested,True,,
https://ctsv.uit.edu.vn/bai-viet/giao-luu-quoc-te-trao-doi-sv-tai-truong-dh-minho,https://ctsv.uit.edu.vn/sites/default/files/201803/2nd_call_students0001.pdf,manifested,True,,
https://ctsv.uit.edu.vn/bai-viet/gioi-thieu-ca-nhan-tap-xet-tang-giai-thuong-vu-dinh-nam-2020,https://ctsv.uit.edu.vn/sites/default/files/202003/cv726_200309_bgddt_vv_gioi_thieu_ca_nhan_tap_the_xet_tang_giai_thuong_vung_a_dinh_nam_2020.pdf,manifested,True,,
https://ctsv.uit.edu.vn/bai-viet/gioi-thieu-ve-ky-thi-danh-gia-nang-luc-tieng-anh-theo-khung-nang-luc-ngoai-ngu-6-bac-dung,https://ctsv.uit.edu.vn/sites/default/files/202209/63_xhnv_hcth_07_9_2022.pdf,manifested,True,,
https://ctsv.uit.edu.vn/bai-viet/hb-cua-quy-phat-trien-dhqg-danh-cho-sv-bi-anh-huong-boi-dich-covid-19,https://ctsv.uit.edu.vn/sites/default/files/202006/36_qpt_tt25_5_2020-2.pdf,manifested,True,,
https://ctsv.uit.edu.vn/bai-viet/hiv-nhung-dieu-can-biet-cho-thanh-thieu-nien-danh-cho-sinh-vien-tai-tpthu-duc,https://ctsv.uit.edu.vn/sites/default/files/202206/2211_ttksbt_aids_31_5_2022.pdf,manifested,True,,
https://ctsv.uit.edu.vn/bai-viet/hoc-bong-cathay-nam-2015-danh-cho-sinh-vien-nam-nhat,https://ctsv.uit.edu.vn/sites/default/files/201512/application_form_-_cathay_scholarship-1.doc,manifested,True,,
https://ctsv.uit.edu.vn/bai-viet/hoc-bong-cathay-nam-2015-danh-cho-sinh-vien-nam-nhat,https://ctsv.uit.edu.vn/sites/default/files/201512/2205_dhqg_ctsv_02_12_2015.pdf,manifested,True,,
https://ctsv.uit.edu.vn/bai-viet/hoc-bong-cua-cty-tnhh-xu-ly-chat-thai-viet-nam-10tr-han-nop-412,https://ctsv.uit.edu.vn/sites/default/files/201812/2018_mau_ly_lich_sv.doc,manifested,True,,
https://ctsv.uit.edu.vn/bai-viet/hoc-bong-cua-cty-tnhh-xu-ly-chat-thai-viet-nam-10tr-han-nop-412,https://ctsv.uit.edu.vn/sites/default/files/201812/cv2292_dhqg_181130_chuong_trinh_hoc_bong_cty_tnhh_xu_ly_chat_thai_vn.pdf,manifested,True,,
https://ctsv.uit.edu.vn/bai-viet/hoc-bong-dai-hoc-hankuk-han-quoc,https://ctsv.uit.edu.vn/sites/default/files/201703/289_dhqg_qhdn_27_02_2017.pdf,manifested,True,,
https://ctsv.uit.edu.vn/bai-viet/hoc-bong-dai-loan-nam-2018,https://ctsv.uit.edu.vn/sites/default/files/201801/146_dhqg_qhdn_23_01_2018.pdf,manifested,True,,
https://ctsv.uit.edu.vn/bai-viet/hoc-bong-danh-cho-sinh-vien-nganh-toan-thong-tin,https://ctsv.uit.edu.vn/sites/default/files/201604/tb_hoc_bong_nganh_attt.pdf,manifested,True,,
https://ctsv.uit.edu.vn/bai-viet/hoc-bong-danh-cho-sinh-vien-nganh-toan-thong-tin,https://ctsv.uit.edu.vn/sites/default/files/201604/mau_don_hb_nganh_attt.doc,manifested,True,,
https://ctsv.uit.edu.vn/bai-viet/hoc-bong-danh-cho-thu-khoa-dau-vao,https://ctsv.uit.edu.vn/sites/default/files/201707/29_qpt-vp29_6_2017.pdf,manifested,True,,
https://ctsv.uit.edu.vn/bai-viet/hoc-bong-danh-rieng-cho-sinh-vien-ninh-thuan,https://ctsv.uit.edu.vn/sites/default/files/201609/cv1779_160914_dhqg_thong_bao_chuong_trinh_hoc_bong_ninh_thuan.pdf,manifested,True,,
https://ctsv.uit.edu.vn/bai-viet/hoc-bong-danh-rieng-cho-sinh-vien-ninh-thuan,https://ctsv.uit.edu.vn/sites/default/files/201609/ninh_thuan_2016_mau_ly_lich_sv.doc,manifested,True,,
https://ctsv.uit.edu.vn/bai-viet/hoc-bong-hessen-216-eurosuat,https://ctsv.uit.edu.vn/sites/default/files/201803/cv425_18320_ctsv_hoc_bong_hessen_chlb_duc_2017-2018.pdf,manifested,True,,
https://ctsv.uit.edu.vn/bai-viet/hoc-bong-hessen-216-eurosuat,https://ctsv.uit.edu.vn/sites/default/files/201803/giay_chung_nhan_kqht.pdf,manifested,True,,
https://ctsv.uit.edu.vn/bai-viet/hoc-bong-hessen-216-eurosuat,https://ctsv.uit.edu.vn/sites/default/files/201803/huong_dan_lam_ho_so_cap_hb_hessen.pdf,manifested,True,,
https://ctsv.uit.edu.vn/bai-viet/hoc-bong-hessen-216-eurosuat,https://ctsv.uit.edu.vn/sites/default/files/201803/to_khai_thong_tin_ca_nhan_xin_cap_hb_hessen.pdf,manifested,True,,
https://ctsv.uit.edu.vn/bai-viet/hoc-bong-ho-tro-tai-nang-luong-van-can-nam-hoc-2016-2017,https://ctsv.uit.edu.vn/sites/default/files/201604/the_le_hoc_bong_luong_van_can_trong_nuoc_2016.pdf,manifested,True,,
https://ctsv.uit.edu.vn/bai-viet/hoc-bong-hoc-bong-gems-university-danh-cho-nu-sv-nam-12-cua-uit,https://ctsv.uit.edu.vn/sites/default/files/201912/gems-university_huong_dan_dang_ky_20191031.pdf,manifested,True,,
https://ctsv.uit.edu.vn/bai-viet/hoc-bong-hoc-bong-gems-university-danh-cho-nu-sv-nam-12-cua-uit,https://ctsv.uit.edu.vn/sites/default/files/201912/gems.pdf,manifested,True,,
https://ctsv.uit.edu.vn/bai-viet/hoc-bong-khoa-hoc-tieng-anh-trung-tam-anh-ngu-head-english,https://ctsv.uit.edu.vn/sites/default/files/201801/thu_ngo_ve_hoc_bong_cho_sinh_vien_dh_cong_nghe_thong_tin_-_dhqg.pdf,manifested,True,,
https://ctsv.uit.edu.vn/bai-viet/hoc-bong-kumho-asiana-2016,https://ctsv.uit.edu.vn/sites/default/files/201609/cv_tb_kumho_2016.doc,manifested,True,,
https://ctsv.uit.edu.vn/bai-viet/hoc-bong-kumho-asiana-2016,https://ctsv.uit.edu.vn/sites/default/files/201609/don_xin_tai_tro_kumho_2016.doc,manifested,True,,
https://ctsv.uit.edu.vn/bai-viet/hoc-bong-kumho-asiana-2016,https://ctsv.uit.edu.vn/sites/default/files/201609/ly_lich_sv_kumho_2016.doc,manifested,True,,
https://ctsv.uit.edu.vn/bai-viet/hoc-bong-kumho-asiana-lan-thu-9-nam-2015-danh-cho-tan-sinh-vien,https://ctsv.uit.edu.vn/sites/default/files/201510/don_xin_tai_tro_kumho_2015.doc,manifested,True,,
https://ctsv.uit.edu.vn/bai-viet/hoc-bong-kumho-asiana-lan-thu-9-nam-2015-danh-cho-tan-sinh-vien,https://ctsv.uit.edu.vn/sites/default/files/201510/ly_lich_sv_kumho_2015.doc,manifested,True,,
https://ctsv.uit.edu.vn/bai-viet/hoc-bong-kumho-asiana-lan-thu-9-nam-2015-danh-cho-tan-sinh-vien,https://ctsv.uit.edu.vn/sites/default/files/201510/thong_tin_sv_kumho_2015.doc,manifested,True,,
https://ctsv.uit.edu.vn/bai-viet/hoc-bong-luong-dinh-cua-2017,https://ctsv.uit.edu.vn/sites/default/files/201711/cv1973_171031_b.ctsv_chuong_trinh_hb_luong_dinh_cua_2017-2018.pdf,manifested,True,,
https://ctsv.uit.edu.vn/bai-viet/hoc-bong-microsoft-youthspark,https://ctsv.uit.edu.vn/sites/default/files/201608/motivationletter_-_a_minh.docx,manifested,True,,
https://ctsv.uit.edu.vn/bai-viet/hoc-bong-mobifone-10000000dsuat,https://ctsv.uit.edu.vn/sites/default/files/201803/mau_thu_de_dat_nguyen_vong_hb_mobifone.doc,manifested,True,,
https://ctsv.uit.edu.vn/bai-viet/hoc-bong-mobifone-10000000dsuat,https://ctsv.uit.edu.vn/sites/default/files/201803/cv308_18301_ctsv_chuong_trinh_hoc_bong_mobifone_2017-2018.pdf,manifested,True,,
https://ctsv.uit.edu.vn/bai-viet/hoc-bong-ngan-hang-buu-dien-lien-viet,https://ctsv.uit.edu.vn/sites/default/files/201712/cv_13001_trien_khai_chuong_trinh_hoc_bong_nguyen_thai_binh_-_vuon_uom_nhan_tai_lpb_nam_hoc_2016_-_2017_-_truong_dh_cntt_tp._hcm.pdf,manifested,True,,
https://ctsv.uit.edu.vn/bai-viet/hoc-bong-ninh-thuan-9-trieusuat-han-1612,https://ctsv.uit.edu.vn/sites/default/files/201812/cv2142_dhqg-ctsv_chuong_trinh_hoc_bong_ninh_thuan_2018.pdf,manifested,True,,
https://ctsv.uit.edu.vn/bai-viet/hoc-bong-ninh-thuan-9-trieusuat-han-1612,https://ctsv.uit.edu.vn/sites/default/files/201812/ninh_thuan_2018_mau_ly_lich_sv.doc,manifested,True,,
https://ctsv.uit.edu.vn/bai-viet/hoc-bong-nu-ky-su-tuong-lai-intel-2018,https://ctsv.uit.edu.vn/sites/default/files/201809/gioi_thieu_thong_tin_hoc_bong_nu_ky_su_tuong_lai_intel_2018_final_1.pdf,manifested,True,,
https://ctsv.uit.edu.vn/bai-viet/hoc-bong-panasonic,https://ctsv.uit.edu.vn/sites/default/files/201704/mau_1_don-xin-cap-hoc-bong-panasonic-2017.doc,manifested,True,,
https://ctsv.uit.edu.vn/bai-viet/hoc-bong-panasonic,https://ctsv.uit.edu.vn/sites/default/files/201704/mau_2_thu-gioi-thieu_hoc-bong-panasonic-2017.doc,manifested,True,,
https://ctsv.uit.edu.vn/bai-viet/hoc-bong-pony-chung-nam-2020,https://ctsv.uit.edu.vn/sites/default/files/202008/cv1588_20827_dhqg_vv_thong_bao_chuong_trinh_hoc_bong_ponychung.pdf,manifested,True,,
https://ctsv.uit.edu.vn/bai-viet/hoc-bong-pony-chung-nam-2020,https://ctsv.uit.edu.vn/sites/default/files/202008/pcf_2020_mau_khai_thong_tin_sv.doc,manifested,True,,
https://ctsv.uit.edu.vn/bai-viet/hoc-bong-pony-chung-nam-2020,https://ctsv.uit.edu.vn/sites/default/files/202008/pcf_data_sheet_2020.doc,manifested,True,,
https://ctsv.uit.edu.vn/bai-viet/hoc-bong-posco-2021-1000usdsuat,https://ctsv.uit.edu.vn/sites/default/files/202110/ten_don_vi_posco_list_of_recipients_2021.doc,manifested,True,,
https://ctsv.uit.edu.vn/bai-viet/hoc-bong-posco-2021-1000usdsuat,https://ctsv.uit.edu.vn/sites/default/files/202110/cv1596_vnu_211019_vv_chuong_trinh_hb_posco_tj_park_2021.pdf,manifested,True,,
https://ctsv.uit.edu.vn/bai-viet/hoc-bong-posco-2021-1000usdsuat,https://ctsv.uit.edu.vn/sites/default/files/202110/posco_data_sheet_for_student_2021.doc,manifested,True,,
https://ctsv.uit.edu.vn/bai-viet/hoc-bong-posco-tj-park-foundation,https://ctsv.uit.edu.vn/sites/default/files/201705/mau_data_sheet.doc,manifested,True,,
https://ctsv.uit.edu.vn/bai-viet/hoc-bong-posco-tj-park-foundation,https://ctsv.uit.edu.vn/sites/default/files/201705/cv943_17526_ctsv_chuong_trinh_hoc_bong_posco_2017.pdf,manifested,True,,
https://ctsv.uit.edu.vn/bai-viet/hoc-bong-sai-gon-coop-chap-canh-tuong-lai-nam-2015,https://ctsv.uit.edu.vn/sites/default/files/201510/sgc_don_du_tuyen_2015.doc,manifested,True,,
https://ctsv.uit.edu.vn/bai-viet/hoc-bong-sai-gon-coop-chap-canh-tuong-lai-nam-2015,https://ctsv.uit.edu.vn/sites/default/files/201510/sgc_thong_tin_sv_2015_0.doc,manifested,True,,
https://ctsv.uit.edu.vn/bai-viet/hoc-bong-sai-gon-coop-nam-2013,https://ctsv.uit.edu.vn/sites/default/files/attachments/article/234/CV_TB_Saigon%20Coop_2013.doc,manifested,True,,
https://ctsv.uit.edu.vn/bai-viet/hoc-bong-sai-gon-coop-nam-2013,https://ctsv.uit.edu.vn/sites/default/files/attachments/article/234/Don%20du%20tuyen.doc,manifested,True,,
https://ctsv.uit.edu.vn/bai-viet/hoc-bong-saigon-coop,https://ctsv.uit.edu.vn/sites/default/files/attachments/article/64/DHQG0001.pdf,manifested,True,,
https://ctsv.uit.edu.vn/bai-viet/hoc-bong-saigon-coop,https://ctsv.uit.edu.vn/sites/default/files/attachments/article/64/thu%20moi%20sv%20dhqg.pdf,manifested,True,,
https://ctsv.uit.edu.vn/bai-viet/hoc-bong-saigon-coop-0,https://ctsv.uit.edu.vn/sites/default/files/201609/sgc_don_du_tuyen_2016.doc,manifested,True,,
https://ctsv.uit.edu.vn/bai-viet/hoc-bong-tf-learennus-2017-2018-cua-truong-dai-hoc-quoc-gia-singapore,https://ctsv.uit.edu.vn/sites/default/files/201702/scan_cv_thong_bao_tf_learn_nus_2017-2018.pdf,manifested,True,,
https://ctsv.uit.edu.vn/bai-viet/hoc-bong-tf-learennus-2017-2018-cua-truong-dai-hoc-quoc-gia-singapore,https://ctsv.uit.edu.vn/sites/default/files/201702/nus_info_sheet_ay201718.pdf,manifested,True,,
https://ctsv.uit.edu.vn/bai-viet/hoc-bong-tf-learennus-2017-2018-cua-truong-dai-hoc-quoc-gia-singapore,https://ctsv.uit.edu.vn/sites/default/files/201702/tfi_learn_ay1718_application_flowchart.pdf,manifested,True,,
https://ctsv.uit.edu.vn/bai-viet/hoc-bong-thac-si-cong-nghe-thong-tin,https://ctsv.uit.edu.vn/sites/default/files/201608/ifi-hoc_bong_thac_si_cntt.pdf,manifested,True,,
https://ctsv.uit.edu.vn/bai-viet/hoc-bong-thakral-sewa,https://ctsv.uit.edu.vn/sites/default/files/201705/application_form_tharkal.doc,manifested,True,,
https://ctsv.uit.edu.vn/bai-viet/hoc-bong-thakral-sewa-ltd-danh-cho-sinh-vien-khoa-7,https://ctsv.uit.edu.vn/sites/default/files/attachments/article/124/CV.TBao.Thakral%202011.doc,manifested,True,,
https://ctsv.uit.edu.vn/bai-viet/hoc-bong-thakral-sewa-ltd-danh-cho-sinh-vien-khoa-7,https://ctsv.uit.edu.vn/sites/default/files/attachments/article/124/Application%20Form_Tharkal_2011.doc,manifested,True,,
https://ctsv.uit.edu.vn/bai-viet/hoc-bong-thakral-sewa-ltd-danh-cho-sinh-vien-khoa-7,https://ctsv.uit.edu.vn/sites/default/files/attachments/article/124/Th%C3%B4ng%20tin%20SV_Thakral_2011.doc,manifested,True,,
https://ctsv.uit.edu.vn/bai-viet/hoc-bong-thap-sang-niem-tin-0,https://ctsv.uit.edu.vn/sites/default/files/201907/tb_xet_cap_hoc_bong_nam_2019.pdf,manifested,True,,
https://ctsv.uit.edu.vn/bai-viet/hoc-bong-thoi-bao-kinh-te-sai-gon,https://ctsv.uit.edu.vn/sites/default/files/201910/cv1733_19926_dhqg_vv_thong_bao_hoc_bong_tu_quy_thoi_bao_kinh_te_sai_gon.pdf,manifested,True,,
https://ctsv.uit.edu.vn/bai-viet/hoc-bong-thoi-bao-kinh-te-sai-gon,https://ctsv.uit.edu.vn/sites/default/files/201910/mau_ly_lich_sv.doc,manifested,True,,
https://ctsv.uit.edu.vn/bai-viet/hoc-bong-toan-phan-danh-cho-sinh-vien-khoa-tuyen-2016-khoa-khoa-hoc-may-tinh,https://ctsv.uit.edu.vn/sites/default/files/201608/the_2nd_salang_foundation_scholarship_at_uit_-_registration_form_2016_rg_v20160801.1.pdf,manifested,True,,
https://ctsv.uit.edu.vn/bai-viet/hoc-bong-toshiba-2017-danh-cho-hoc-vien-cao-hoc-nghien-cuu-sinh,https://ctsv.uit.edu.vn/sites/default/files/201708/1396_dhqg_sdh_03_8_2017.pdf,manifested,True,,
https://ctsv.uit.edu.vn/bai-viet/hoc-bong-toshiba-2019,https://ctsv.uit.edu.vn/sites/default/files/201907/cv_thong_bao_hoc_bong_toshiba_2019.pdf,manifested,True,,
https://ctsv.uit.edu.vn/bai-viet/hoc-bong-trao-doi-sv-tai-truong-indonesia-universitas,https://ctsv.uit.edu.vn/sites/default/files/201803/288_dhqg_qhdn_27_02_2018.pdf,manifested,True,,
https://ctsv.uit.edu.vn/bai-viet/hoc-bong-tuyen-sinh-hoc-ky-1-nam-hoc-2016-2017,https://ctsv.uit.edu.vn/sites/default/files/201701/ds_nhan_hoc_bong_tuyen_sinh_hki_-_2016-2017.doc,manifested,True,,
https://ctsv.uit.edu.vn/bai-viet/hoc-bong-tuyen-sinh-nam-2012,https://ctsv.uit.edu.vn/sites/default/files/attachments/article/154/24_QD-DHCNTT-CTSV%20Trao%20hoc%20bong%20tuyen%20sinh%202012.pdf,manifested,True,,
https://ctsv.uit.edu.vn/bai-viet/hoc-bong-uit-anti-covid-19-nam-2021-dot-6-danh-sach-sinh-vien-dang-ky-cap-nhat,https://ctsv.uit.edu.vn/sites/default/files/202108/danh_sach_dang_ky_hoc_bong_uit_anti-covid_dot_6_sv_lan_2.pdf,manifested,True,,
https://ctsv.uit.edu.vn/bai-viet/hoc-bong-vu-dinh-0,https://ctsv.uit.edu.vn/sites/default/files/201803/bieu_mau_ky_nhan_hb_vad.doc,manifested,True,,
https://ctsv.uit.edu.vn/bai-viet/hoc-bong-vu-dinh-0,https://ctsv.uit.edu.vn/sites/default/files/201803/cv426_18320_ctsv_hoc_bong_vu_a_dinh_2017-2018.pdf,manifested,True,,
https://ctsv.uit.edu.vn/bai-viet/hoc-bong-vu-dinh-0,https://ctsv.uit.edu.vn/sites/default/files/201803/dhqg.pdf,manifested,True,,
https://ctsv.uit.edu.vn/bai-viet/hoc-bong-vu-dinh-lieu-2018-2019,https://ctsv.uit.edu.vn/sites/default/files/201808/hbvdl_donxincaphocbong.doc,manifested,True,,
https://ctsv.uit.edu.vn/bai-viet/hoc-bong-vu-dinh-lieu-2018-2019,https://ctsv.uit.edu.vn/sites/default/files/201808/1801_tb_vsf_08_8_2018.pdf,manifested,True,,
https://ctsv.uit.edu.vn/bai-viet/hoi-nghi-sinh-vien-nam-hoc-2012-2013,https://ctsv.uit.edu.vn/sites/default/files/attachments/article/175/DS%20SV%20trieu%20tap%20tham%20du%20HN%20SV%20NH%202012-2013.xls,manifested,True,,
https://ctsv.uit.edu.vn/bai-viet/hoi-thao-khoa-hoc-ung-dung-cong-nghe-sang-tao,"https://ctsv.uit.edu.vn/sites/default/files/attachments/article/201/464_TB_STTTT,%2022_5_2013.PDF",manifested,True,,
https://ctsv.uit.edu.vn/bai-viet/hoi-thao-truc-tuyen-hoc-tap-tai-duc,https://ctsv.uit.edu.vn/sites/default/files/201803/hoi_thao_truc_tuyen_hoc_tap_tai_duc.pdf,manifested,True,,
https://ctsv.uit.edu.vn/bai-viet/hoi-thi-sang-tao-ky-thuat-thanh-pho-ho-chi-minh-2024,https://ctsv.uit.edu.vn/sites/default/files/uploads/files/202404/hoithikt_tphcm.pdf,manifested,True,,
https://ctsv.uit.edu.vn/bai-viet/huong-dan-danh-cho-tan-sv,https://ctsv.uit.edu.vn/bai-viet/images/UITK8Handbook_A5.pdf,failed_terminal,True,,404 Client Error: Not Found for url: https://ctsv.uit.edu.vn/bai-viet/images/UITK8Handbook_A5.pdf
https://ctsv.uit.edu.vn/bai-viet/huong-dan-gia-han-hoc-phi,https://ctsv.uit.edu.vn/sites/default/files/attachments/article/89/Mau%20don%20gia%20han%20HP%20(MGHP).doc,manifested,True,,
https://ctsv.uit.edu.vn/bai-viet/huong-dan-lam-don-xin-tcxh,https://ctsv.uit.edu.vn/sites/default/files/attachments/article/115/mau_don_xin_huong_tro_cap_xa_hoi.doc,manifested,True,,
https://ctsv.uit.edu.vn/bai-viet/huong-dan-lam-don-xin-tcxh-0,https://ctsv.uit.edu.vn/sites/default/files/attachments/article/118/Mau%20don%20xin%20TCXH.doc,failed_terminal,True,,404 Client Error: Not Found for url: https://ctsv.uit.edu.vn/sites/default/files/attachments/article/118/Mau%20don%20xin%20TCXH.doc
https://ctsv.uit.edu.vn/bai-viet/huong-dan-nop-ho-so-tcxh-nam-hoc-2012-2013,https://ctsv.uit.edu.vn/sites/default/files/attachments/article/153/thong%20bao%20thu%20ho%20so%20TCXH%20.doc,manifested,True,,
https://ctsv.uit.edu.vn/bai-viet/huong-dan-so-012013-xet-tro-cap-xa-hoi-cho-sinh-vien,https://ctsv.uit.edu.vn/sites/default/files/attachments/article/114/mau_don_xin_huong_tro_cap_xa_hoi.doc,manifested,True,,
https://ctsv.uit.edu.vn/bai-viet/huong-dan-so-032016-huong-dan-hoi-nghi-sinh-vien-cap-lop,https://ctsv.uit.edu.vn/sites/default/files/201603/03_hd_ctsv26_2_2016.pdf,manifested,True,,
https://ctsv.uit.edu.vn/bai-viet/huong-dan-thuc-hien-bao-hiem-y-te-hoc-sinh-sinh-vien-nam-hoc-2018-2019,https://ctsv.uit.edu.vn/sites/default/files/201808/1575-_lien_tich_hssv_2018.pdf,manifested,True,,
https://ctsv.uit.edu.vn/bai-viet/huong-dan-thuc-hien-che-do-mien-giam-hoc-phi-theo-nghi-dinh-2382025nd-cp,https://ctsv.uel.edu.vn/Resources/Docs/SubDomain/ctsv/Ch%C3%ADnh%20s%C3%A1ch/MGHP/Quy%E1%BA%BFt%20%C4%91%E1%BB%8Bnh-612-Q%C4%90-UBDT.pdf,manifested,True,,
https://ctsv.uit.edu.vn/bai-viet/huong-dan-thuc-hien-che-do-mien-giam-hoc-phi-theo-nghi-dinh-2382025nd-cp,https://ctsv.uel.edu.vn/Resources/Docs/SubDomain/ctsv/Ch%C3%ADnh%20s%C3%A1ch/MGHP/Quy%E1%BA%BFt%20%C4%91%E1%BB%8Bnh-497-Q%C4%90-UBDT.pdf,manifested,True,,
https://ctsv.uit.edu.vn/bai-viet/huong-dan-thuc-hien-che-do-mien-giam-hoc-phi-theo-nghi-dinh-2382025nd-cp,https://ctsv.uel.edu.vn/Resources/Docs/SubDomain/ctsv/Ch%C3%ADnh%20s%C3%A1ch/MGHP/C%C3%B4ng%20v%C4%83n-296-BDTTG-CS.pdf,manifested,True,,
https://ctsv.uit.edu.vn/bai-viet/huong-dan-ve-qui-dinh-hoc-bong-khuyen-khich-hoc-tap-moi,https://ctsv.uit.edu.vn/sites/default/files/uploads/files/202603/58_qd_dhcntt14_01_2026_scan.pdf,manifested,True,,
https://ctsv.uit.edu.vn/bai-viet/huong-dan-ve-qui-dinh-hoc-bong-khuyen-khich-hoc-tap-moi,https://ctsv.uit.edu.vn/sites/default/files/202204/254_qd_dhcntt_22_4_2022.pdf,manifested,True,,
https://ctsv.uit.edu.vn/bai-viet/huong-dan-ve-qui-dinh-hoc-bong-khuyen-khich-hoc-tap-moi,https://ctsv.uit.edu.vn/sites/default/files/uploads/files/202603/1387-qd-dhcntt-12-11-2025.pdf,manifested,True,,
https://ctsv.uit.edu.vn/bai-viet/huong-dan-ve-qui-dinh-hoc-bong-khuyen-khich-hoc-tap-moi-tu-hk1-2026-2027,https://ctsv.uit.edu.vn/sites/default/files/uploads/files/202607/804_qd_dhcntt_07_7_2026_scan.pdf,manifested,True,,
https://ctsv.uit.edu.vn/bai-viet/huong-dan-ve-qui-dinh-hoc-bong-khuyen-khich-hoc-tap-moi-tu-hk1-2026-2027,https://ctsv.uit.edu.vn/sites/default/files/uploads/files/202603/58_qd_dhcntt14_01_2026_scan.pdf,manifested,True,,
https://ctsv.uit.edu.vn/bai-viet/huong-dan-ve-qui-dinh-hoc-bong-khuyen-khich-hoc-tap-moi-tu-hk1-2026-2027,https://ctsv.uit.edu.vn/sites/default/files/uploads/files/202603/1387-qd-dhcntt-12-11-2025.pdf,manifested,True,,
https://ctsv.uit.edu.vn/bai-viet/huong-dan-ve-viec-cap-moi-sinh-vien,"https://ctsv.uit.edu.vn/sites/default/files/attachments/article/252/05_HD_CTSV,%2004_10_2013.pdf",manifested,True,,
https://ctsv.uit.edu.vn/bai-viet/huong-dan-ve-viec-cap-moi-sinh-vien-cho-khoa-201020112012,https://ctsv.uit.edu.vn/sites/default/files/attachments/article/253/HD%20lam%20the%20sv.doc,manifested,True,,
https://ctsv.uit.edu.vn/bai-viet/huy-dong-sinh-vien-coi-thi-danh-gia-nang-luc-dot-2-nam-2019-0,https://ctsv.uit.edu.vn/sites/default/files/201906/ds.svcoithidgnl.2019.2.xlsx,manifested,True,,
https://ctsv.uit.edu.vn/bai-viet/huy-dong-sinh-vien-coi-thi-ky-thi-danh-gia-nang-luc-2022-ky-thi-ngay-2732022,https://ctsv.uit.edu.vn/sites/default/files/202203/4._dt_-_huong_dan_nghiep_vu_coi_thi_-_cbct_1.pdf,manifested,True,,
https://ctsv.uit.edu.vn/bai-viet/huy-dong-sinh-vien-coi-thi-ky-thi-danh-gia-nang-luc-dot-2-nam-2022-ky-thi-ngay-2252022,https://ctsv.uit.edu.vn/sites/default/files/202205/4._dt_-_huong_dan_nghiep_vu_coi_thi_-_cbct_1.pdf,manifested,True,,
https://ctsv.uit.edu.vn/bai-viet/ket-hoach-so-052018-chuc-hoi-nghi-sinh-vien-nam-hoc-2017-2018,https://ctsv.uit.edu.vn/sites/default/files/201803/05_kh_dhcntt28_3_2018_scan.pdf,manifested,True,,
https://ctsv.uit.edu.vn/bai-viet/ket-qua-bai-thu-hoach-tuan-shdn,https://ctsv.uit.edu.vn/sites/default/files/attachments/article/82/SH%C4%90N-2012%20Grades.xls,manifested,True,,
https://ctsv.uit.edu.vn/bai-viet/ket-qua-diem-ren-luyen-sinh-vien-du-kien-hoc-ky-2-nam-hoc-2020-2021,https://ctsv.uit.edu.vn/sites/default/files/202109/ds-drl-hk2-2020-2021-du-kien-co-x.pdf,manifested,True,,
https://ctsv.uit.edu.vn/bai-viet/ket-qua-diem-rlsv-hoc-ky-1-nam-hoc-2017-2018-du-kien,https://ctsv.uit.edu.vn/sites/default/files/201804/ket_qua_diem_rlsv_hk1_2017-2018.pdf,manifested,True,,
https://ctsv.uit.edu.vn/bai-viet/ket-qua-diem-rlsv-hoc-ky-1-nam-hoc-2017-2018-du-kien,https://ctsv.uit.edu.vn/sites/default/files/201804/ket_qua_diem_rlsv_hk1_2017-2018_danh_cho_sv_bi_tru_diem_bhyt_du_kien.pdf,manifested,True,,
https://ctsv.uit.edu.vn/bai-viet/ket-qua-gia-han-hoc-phi-hoc-ky-2-nam-hoc-2020-2021,https://ctsv.uit.edu.vn/sites/default/files/202101/ket_qua_gia_han_hoc_phi_hk2_nam_hoc_2020-2021.pdf,manifested,True,,
https://ctsv.uit.edu.vn/bai-viet/ket-qua-hoc-bong-tuyen-sinh-2019-0,https://ctsv.uit.edu.vn/sites/default/files/201908/05_tb_dhcntt25_01_2019_scan.pdf,manifested,True,,
https://ctsv.uit.edu.vn/bai-viet/ket-qua-kiem-tra-danh-gia-tuan-le-sinh-hoat-cong-dan-sinh-vien-dau-nam-hoc-2015-2016,https://ctsv.uit.edu.vn/sites/default/files/201510/ds3_0.pdf,manifested,True,,
https://ctsv.uit.edu.vn/bai-viet/ket-qua-kiem-tra-sinh-hoat-cong-dan-sinh-vien-dau-nam,https://ctsv.uit.edu.vn/sites/default/files/201610/ketqua_dhcdsv_daunam_2016_0.pdf,manifested,True,,
https://ctsv.uit.edu.vn/bai-viet/ket-qua-sinh-hoat-cong-dan-sinh-vien-cuoi-khoa-dot-2-nam-2017,https://ctsv.uit.edu.vn/sites/default/files/201706/ket_qua_sinh_hoat_cong_dan_cuoi_khoa_dot_2_-_2017.pdf,manifested,True,,
https://ctsv.uit.edu.vn/bai-viet/khao-sat-su-hai-long-cua-nguoi-hoc-voi-trai-nghiem-hoc-tap-tai-dhqg-hcm-2024,https://ctsv.uit.edu.vn/sites/default/files/uploads/files/202409/hdsd_ir3_1.pdf,manifested,True,,
https://ctsv.uit.edu.vn/bai-viet/khao-sat-su-hai-long-cua-nguoi-hoc-voi-trai-nghiem-hoc-tap-tai-dhqg-hcm-2025,https://ctsv.uit.edu.vn/sites/default/files/uploads/files/202509/huong_dan_khao_sat_ir3_-_2025.pdf,manifested,True,,
https://ctsv.uit.edu.vn/bai-viet/khao-sat-ve-hoat-dong-chat-cua-sinh-vien-uit,https://ctsv.uit.edu.vn/sites/default/files/202103/gioi_thieu.pdf,manifested,True,,
https://ctsv.uit.edu.vn/bai-viet/khao-sat-ve-hoat-dong-chat-cua-sinh-vien-uit,https://ctsv.uit.edu.vn/sites/default/files/202103/luu_y_voi_sv.pdf,manifested,True,,
https://ctsv.uit.edu.vn/bai-viet/khen-thuong-ca-nhan-dat-thanh-tich-cao-trong-phong-trao-tn-nam-hoc-2011-2012,https://ctsv.uit.edu.vn/sites/default/files/attachments/article/144/QD%2014.pdf,manifested,True,,
https://ctsv.uit.edu.vn/bai-viet/khen-thuong-cac-ca-nhan-dat-thanh-tich-cao-trong-ky-thi-olp-tin-hoc-sv-toan-quoc-nam-2012,https://ctsv.uit.edu.vn/sites/default/files/attachments/article/147/QD%2025.pdf,manifested,True,,
https://ctsv.uit.edu.vn/bai-viet/khen-thuong-sinh-vien-5-tot-tieu-bieu-nam-2012,https://ctsv.uit.edu.vn/sites/default/files/attachments/article/146/QD%2022.pdf,manifested,True,,
https://ctsv.uit.edu.vn/bai-viet/khen-thuong-sv-dat-diem-cao-trong-ky-thi-ts-dh-2012,https://ctsv.uit.edu.vn/sites/default/files/attachments/article/143/QD%2013.pdf,manifested,True,,
https://ctsv.uit.edu.vn/bai-viet/khen-thuong-sv-dat-thanh-tich-xuat-sac-trong-hoc-tap-ren-luyen-nh-2011-2012,https://ctsv.uit.edu.vn/sites/default/files/attachments/article/145/QD%2021.pdf,manifested,True,,
https://ctsv.uit.edu.vn/bai-viet/khen-thuong-sv-thanh-tich-xuat-sac,https://ctsv.uit.edu.vn/sites/default/files/attachments/article/63/21_QD%20-%20DHCNTT-%20CTSV.pdf,manifested,True,,
https://ctsv.uit.edu.vn/bai-viet/khen-thuong-sv-tot-nghiep-loai-gioi-dot-2-2012,https://ctsv.uit.edu.vn/sites/default/files/attachments/article/148/QD%2030.pdf,manifested,True,,
https://ctsv.uit.edu.vn/bai-viet/khen-thuong-sv-tot-nghiep-loai-gioi-nk-2007-2012,https://ctsv.uit.edu.vn/sites/default/files/attachments/article/141/QD%2008.PDF,manifested,True,,
https://ctsv.uit.edu.vn/bai-viet/khen-thuong-sv-tot-nghiep-thu-khoa-cap-khoa-nk-2007-2012,https://ctsv.uit.edu.vn/sites/default/files/attachments/article/142/QD%2009.PDF,manifested,True,,
https://ctsv.uit.edu.vn/bai-viet/khen-thuong-thu-khoa-cap-truong-nk-2007-2012,https://ctsv.uit.edu.vn/sites/default/files/attachments/article/140/QD%2007.PDF,manifested,True,,
https://ctsv.uit.edu.vn/bai-viet/khong-gian-chia-se-thu-ngo-gui-phu-huynh,https://ctsv.uit.edu.vn/sites/default/files/201907/tgscan0001.pdf,manifested,True,,
https://ctsv.uit.edu.vn/bai-viet/kiem-tra-danh-sach-dong-tien-mua-bhyt-cap-nhat-het-ngay-16122018,https://ctsv.uit.edu.vn/sites/default/files/201812/dssv_dong_tien_bhyt_nam_2019_het_16.12.2018.pdf,manifested,True,,
https://ctsv.uit.edu.vn/bai-viet/kiem-tra-danh-sach-dong-tien-mua-bhyt-dot-bo-sung-2019,https://ctsv.uit.edu.vn/sites/default/files/201901/dssv_dong_tien_bhyt_nam_2019_dot_bo_sung_het_21.01.2019.xlsx,manifested,True,,
https://ctsv.uit.edu.vn/bai-viet/kiem-tra-danh-sach-dong-tien-mua-bhyt-nam-2018-dot-bo-sung,https://ctsv.uit.edu.vn/sites/default/files/201801/file_dong_tien_bhyt_khong_co_mssv.xlsx,manifested,True,,
https://ctsv.uit.edu.vn/bai-viet/kiem-tra-danh-sach-dong-tien-mua-bhyt-nam-2018-dot-bo-sung,https://ctsv.uit.edu.vn/sites/default/files/201801/dssv_dong_tien_mua_bhyt_dot_2.pdf,manifested,True,,
https://ctsv.uit.edu.vn/bai-viet/kiem-tra-danh-sach-dong-tien-mua-bhyt-va-dang-ky-benh-vien-nam-2020-cap-nhat-luc-16-gio-30,https://ctsv.uit.edu.vn/sites/default/files/201912/dssv_dong_tien_mua_bhyt_sai_thong_tin.xlsx,manifested,True,,
https://ctsv.uit.edu.vn/bai-viet/kiem-tra-danh-sach-dong-tien-mua-bhyt-va-dang-ky-benh-vien-nam-2020-cap-nhat-luc-16-gio-30,https://ctsv.uit.edu.vn/sites/default/files/201912/to_khai_tk1.doc,manifested,True,,
https://ctsv.uit.edu.vn/bai-viet/kiem-tra-danh-sach-dong-tien-mua-bhyt-va-dang-ky-benh-vien-nam-2020-cap-nhat-luc-16-gio-30,https://ctsv.uit.edu.vn/sites/default/files/201912/dssv_dong_tien_mua_bhyt_2020_-_cap_nhat_16h30_ngay_18-12-2019.pdf,manifested,True,,
https://ctsv.uit.edu.vn/bai-viet/kiem-tra-danh-sach-du-kien-duoc-huong-che-do-chinh-sach-hk2-nam-hoc-2017-2018,https://ctsv.uit.edu.vn/sites/default/files/201804/tcxh_-hk2.pdf,manifested,True,,
https://ctsv.uit.edu.vn/bai-viet/kiem-tra-danh-sach-du-kien-duoc-huong-che-do-chinh-sach-hk2-nam-hoc-2017-2018,https://ctsv.uit.edu.vn/sites/default/files/201804/khuyet_tat_-_hk2.pdf,manifested,True,,
https://ctsv.uit.edu.vn/bai-viet/kiem-tra-danh-sach-du-kien-duoc-huong-che-do-chinh-sach-hk2-nam-hoc-2017-2018,https://ctsv.uit.edu.vn/sites/default/files/201804/danh_sach_du_kien_duoc_huong_mghp_hk2_nam_hoc_2017-2018.pdf,manifested,True,,
https://ctsv.uit.edu.vn/bai-viet/kiem-tra-danh-sach-du-kien-duoc-huong-che-do-chinh-sach-hk2-nam-hoc-2017-2018,https://ctsv.uit.edu.vn/sites/default/files/201804/dan_toc_thieu_so_-_hk2.pdf,manifested,True,,
https://ctsv.uit.edu.vn/bai-viet/kiem-tra-danh-sach-nop-ho-so-che-do-chinh-sach-hk2-nam-hoc-2021-2022,https://ctsv.uit.edu.vn/sites/default/files/202203/dssv_nop_ho_so_che_do_chinh_sach_hk2_nam_hoc_2021-2022.xls,manifested,True,,
https://ctsv.uit.edu.vn/bai-viet/kiem-tra-danh-sach-sinh-vien-dong-tien-mua-bhyt-va-dang-ky-benh-vien,https://ctsv.uit.edu.vn/sites/default/files/201812/loi.xlsx,manifested,True,,
https://ctsv.uit.edu.vn/bai-viet/kiem-tra-danh-sach-sinh-vien-dong-tien-mua-bhyt-va-dang-ky-benh-vien,https://ctsv.uit.edu.vn/sites/default/files/201812/dssv_dong_tien_bhyt_nam_2019_het_11.12.2018.pdf,manifested,True,,
https://ctsv.uit.edu.vn/bai-viet/kiem-tra-danh-sach-sinh-vien-nop-tien-bhyt-nam-2024,https://ctsv.uit.edu.vn/sites/default/files/uploads/files/202312/dssv_nop_tien_bhyt_2024.xlsx,manifested,True,,
https://ctsv.uit.edu.vn/bai-viet/kiem-tra-danh-sach-sinh-vien-nop-tien-bhyt-nam-2024,https://ctsv.uit.edu.vn/sites/default/files/uploads/files/202312/danh_sach_nop_tien_bhyt_sai.xlsx,manifested,True,,
https://ctsv.uit.edu.vn/bai-viet/le-tot-nghiep-dot-1-nam-2017-so-do-cho-ngoi-va-cac-luu-y-doi-voi-tan-thac-si-ky-su-cu-nhan,https://ctsv.uit.edu.vn/sites/default/files/201705/ltn_062017_-_so_do_cho_ngoi_va_cac_luu_y.docx,manifested,True,,
https://ctsv.uit.edu.vn/bai-viet/le-tot-nghiep-dot-1-nam-2017-so-do-cho-ngoi-va-cac-luu-y-doi-voi-tan-thac-si-ky-su-cu-nhan,https://ctsv.uit.edu.vn/sites/default/files/201705/ltn_062017_-_thu_tu_nhan_bang_final.xlsx,manifested,True,,
https://ctsv.uit.edu.vn/bai-viet/le-tot-nghiep-dot-1-nam-2018-thu-tu-trao-bang-so-do-cho-ngoi-va-cac-luu-y-doi-voi-tan-thac,https://ctsv.uit.edu.vn/sites/default/files/201805/tb_le_trao_bang_dot_1-_2018.pdf,manifested,True,,
https://ctsv.uit.edu.vn/bai-viet/le-tot-nghiep-dot-1-nam-2018-thu-tu-trao-bang-so-do-cho-ngoi-va-cac-luu-y-doi-voi-tan-thac,https://ctsv.uit.edu.vn/sites/default/files/201806/ltn_062018_-_so_do_cho_ngoi_va_cac_luu_y.pdf,manifested,True,,
https://ctsv.uit.edu.vn/bai-viet/le-tot-nghiep-dot-1-nam-2018-thu-tu-trao-bang-so-do-cho-ngoi-va-cac-luu-y-doi-voi-tan-thac,https://ctsv.uit.edu.vn/sites/default/files/201806/ltn_062018_-_thu_tu_nhan_bang_final_0.pdf,manifested,True,,
https://ctsv.uit.edu.vn/bai-viet/le-tot-nghiep-dot-1-nam-2018-thu-tu-trao-bang-so-do-cho-ngoi-va-cac-luu-y-doi-voi-tan-thac,https://ctsv.uit.edu.vn/sites/default/files/201806/ltn_062018_-_ds_khen_thuong.pdf,manifested,True,,
https://ctsv.uit.edu.vn/bai-viet/le-tot-nghiep-dot-1-nam-2019-thu-tu-trao-bang-so-do-cho-ngoi-va-cac-luu-y,https://ctsv.uit.edu.vn/sites/default/files/201906/ltn_062019_-_thu_tu_nhan_bang.pdf,manifested,True,,
https://ctsv.uit.edu.vn/bai-viet/le-tot-nghiep-dot-1-nam-2019-thu-tu-trao-bang-so-do-cho-ngoi-va-cac-luu-y,https://ctsv.uit.edu.vn/sites/default/files/201906/ltn_062019_-_so_do_cho_ngoi_va_cac_luu_y_0.pdf,manifested,True,,
https://ctsv.uit.edu.vn/bai-viet/le-tot-nghiep-dot-1-nam-2019-thu-tu-trao-bang-so-do-cho-ngoi-va-cac-luu-y,https://ctsv.uit.edu.vn/sites/default/files/201906/ltn_062019_-_ds_khen_thuong_0.pdf,manifested,True,,
https://ctsv.uit.edu.vn/bai-viet/le-tot-nghiep-dot-2-nam-2018-thu-tu-trao-bang-so-do-cho-ngoi-va-cac-luu-y,https://ctsv.uit.edu.vn/sites/default/files/201812/tb_le_trao_bang_dot_2-_2018.pdf,manifested,True,,
https://ctsv.uit.edu.vn/bai-viet/le-tot-nghiep-dot-2-nam-2018-thu-tu-trao-bang-so-do-cho-ngoi-va-cac-luu-y,https://ctsv.uit.edu.vn/sites/default/files/201812/ltn_122018_-_so_do_cho_ngoi_va_cac_luu_y.pdf,manifested,True,,
https://ctsv.uit.edu.vn/bai-viet/le-tot-nghiep-dot-2-nam-2018-thu-tu-trao-bang-so-do-cho-ngoi-va-cac-luu-y,https://ctsv.uit.edu.vn/sites/default/files/201812/ltn_122018_-_thu_tu_nhan_bang.pdf,manifested,True,,
https://ctsv.uit.edu.vn/bai-viet/le-tot-nghiep-dot-2-nam-2018-thu-tu-trao-bang-so-do-cho-ngoi-va-cac-luu-y,https://ctsv.uit.edu.vn/sites/default/files/201812/ltn_122018_-_ds_tang_giay_khen.pdf,manifested,True,,
https://ctsv.uit.edu.vn/bai-viet/le-tot-nghiep-dot-2-nam-2019-thu-tu-trao-bang-so-do-cho-ngoi-va-cac-luu-y,https://ctsv.uit.edu.vn/sites/default/files/201911/ltn_112019_-_ds_khen_thuong.pdf,manifested,True,,
https://ctsv.uit.edu.vn/bai-viet/le-tot-nghiep-dot-2-nam-2019-thu-tu-trao-bang-so-do-cho-ngoi-va-cac-luu-y,https://ctsv.uit.edu.vn/sites/default/files/201911/ltn_112019_-_so_do_cho_ngoi_va_cac_luu_y.pdf,manifested,True,,
https://ctsv.uit.edu.vn/bai-viet/le-tot-nghiep-dot-2-nam-2019-thu-tu-trao-bang-so-do-cho-ngoi-va-cac-luu-y,https://ctsv.uit.edu.vn/sites/default/files/201911/ltn_112019_-_thu_tu_nhan_bang_0.pdf,manifested,True,,
https://ctsv.uit.edu.vn/bai-viet/le-trao-hoc-bong-microsoft-youthspark-va-chuong-trinh-tap-huan-ky-nang,https://ctsv.uit.edu.vn/sites/default/files/201701/thongcaobaochi_msyouthspark_hcm_final.pdf,manifested,True,,
https://ctsv.uit.edu.vn/bai-viet/lich-hoc-sinh-hoat-cong-dan-sinh-vien-cuoi-khoa-2012-dot-1,https://ctsv.uit.edu.vn/sites/default/files/201603/danh_sach_dk_tuan_shcd-sv_cuoi_khoa_2012.pdf,manifested,True,,
https://ctsv.uit.edu.vn/bai-viet/lich-hoc-tuan-shcd-cuoi-khoa,https://ctsv.uit.edu.vn/sites/default/files/attachments/article/213/Thong%20bao%20Tuan%20SHCD%20cuoi%20khoa.pdf,manifested,True,,
https://ctsv.uit.edu.vn/bai-viet/lich-thi-tuan-sinh-hoat-cong-dan-sinh-vien-dau-khoa-khoa-8,https://ctsv.uit.edu.vn/sites/default/files/attachments/article/231/TB%20Tuan%20SHDK.doc,manifested,True,,
https://ctsv.uit.edu.vn/bai-viet/lich-thi-tuan-sinh-hoat-cong-dan-sinh-vien-dau-khoa-khoa-8,https://ctsv.uit.edu.vn/sites/default/files/attachments/article/231/DS%20phong%20thi.xls,manifested,True,,
https://ctsv.uit.edu.vn/bai-viet/luat-giao-duc-dai-hoc,https://ctsv.uit.edu.vn/sites/default/files/attachments/article/157/Luat%20GD%202012.doc,manifested,True,,
https://ctsv.uit.edu.vn/bai-viet/mau-bien-ban-bau-lop-truong,https://ctsv.uit.edu.vn/sites/default/files/201609/05_mau_bb_bau_lop_truong.doc,manifested,True,,
https://ctsv.uit.edu.vn/bai-viet/mau-bien-ban-hop-lop-dinh-ky,https://ctsv.uit.edu.vn/sites/default/files/201808/lopx_hoplopthangyy2018.docx,manifested,True,,
https://ctsv.uit.edu.vn/bai-viet/mau-don-gia-han-hoc-phi,https://ctsv.uit.edu.vn/sites/default/files/201908/mau_don_gia_han_hoc_phi.doc,manifested,True,,
https://ctsv.uit.edu.vn/bai-viet/mau-don-mien-giam-hoc-phi-don-cam-ket,https://ctsv.uit.edu.vn/sites/default/files/uploads/files/202509/don_xin_mghp.docx,manifested,True,,
https://ctsv.uit.edu.vn/bai-viet/mau-don-mien-giam-hoc-phi-don-cam-ket,https://ctsv.uit.edu.vn/sites/default/files/uploads/files/202510/don_cam_ket.doc,manifested,True,,
https://ctsv.uit.edu.vn/bai-viet/microsoft-windows-8-student-companion-program,https://ctsv.uit.edu.vn/sites/default/files/attachments/article/134/Microsoft%20Windows%208%20Student%20Companion%20program%20announcement.pdf,manifested,True,,
https://ctsv.uit.edu.vn/bai-viet/moi-doanh-nghiep-tai-tro-cac-hoat-dong-sinh-vien-dau-nam-hoc-2018-2019,https://ctsv.uit.edu.vn/sites/default/files/201807/ho_so_moi_tai_tro_cac_hoat_dong_dau_nam_hoc_13072018_1.pdf,manifested,True,,
https://ctsv.uit.edu.vn/bai-viet/moi-sinh-vien-gop-y-chien-luoc-phat-trien-truong-giai-doan-2026-2030-tam-nhin-2045,https://ctsv.uit.edu.vn/sites/default/files/uploads/chien_luoc_uit_2026-2030_v.2.docx.pdf,manifested,True,,
https://ctsv.uit.edu.vn/bai-viet/moi-sinh-vien-gop-y-chien-luoc-phat-trien-truong-giai-doan-2026-2030-tam-nhin-2045,https://ctsv.uit.edu.vn/sites/default/files/uploads/files/202410/chien_luoc_uit_2026-2030_v.2.docx_1.pdf,manifested,True,,
https://ctsv.uit.edu.vn/bai-viet/moi-sinh-vien-tham-gia-giai-thuong-khcn-danh-cho-sv-trong-cac-co-so-gddh-nam-2025-gia-han,https://ctsv.uit.edu.vn/sites/default/files/uploads/files/202503/489_dhqg_khcn.pdf,manifested,True,,
https://ctsv.uit.edu.vn/bai-viet/mua-bao-hiem-y-te-va-dang-ky-noi-kham-chua-benh-ban-dau-cho-sinh-vien-nam-hoc-2016-2017,https://ctsv.uit.edu.vn/sites/default/files/201610/37_tb_dhcntt_ctsv07_9_2016_scan.pdf,manifested,True,,
https://ctsv.uit.edu.vn/bai-viet/mua-bao-hiem-y-te-va-dang-ky-noi-kham-chua-benh-ban-dau-cho-sinh-vien-nam-hoc-2016-2017,https://ctsv.uit.edu.vn/sites/default/files/201610/ds_benh_vien_nhan_dk_kham_chua_benh_ban_dau_1.xlsx,manifested,True,,
https://ctsv.uit.edu.vn/bai-viet/mua-bao-hiem-y-te-va-dang-ky-noi-kham-chua-benh-ban-dau-cho-sinh-vien-nam-hoc-2017-2018,https://ctsv.uit.edu.vn/sites/default/files/201711/133_tb_dhcntt21_11_2017_scan.pdf,manifested,True,,
https://ctsv.uit.edu.vn/bai-viet/mua-bao-hiem-y-te-va-dang-ky-noi-kham-chua-benh-ban-dau-cho-sinh-vien-nam-hoc-2017-2018,https://ctsv.uit.edu.vn/sites/default/files/201711/ds_benh_vien_-_dang_ky_bhyt_2018.xlsx,manifested,True,,
https://ctsv.uit.edu.vn/bai-viet/mua-bao-hiem-y-te-va-dang-ky-noi-kham-chua-benh-ban-dau-cho-sinh-vien-nam-hoc-2018-2019,https://ctsv.uit.edu.vn/sites/default/files/201811/139_tb_dhcntt19_11_2018_scan.pdf,manifested,True,,
https://ctsv.uit.edu.vn/bai-viet/mua-bao-hiem-y-te-va-dang-ky-noi-kham-chua-benh-ban-dau-cho-sinh-vien-nam-hoc-2018-2019,https://ctsv.uit.edu.vn/sites/default/files/201811/ds_benh_vien_-_dang_ky_bhyt_2019.xlsx,manifested,True,,
https://ctsv.uit.edu.vn/bai-viet/mua-bao-hiem-y-te-va-dang-ky-noi-kham-chua-benh-ban-dau-danh-cho-khoa-2016,https://ctsv.uit.edu.vn/sites/default/files/201609/ds_benh_vien_nhan_dk_kham_chua_benh_ban_dau.xlsx,manifested,True,,
https://ctsv.uit.edu.vn/bai-viet/nghi-dinh-49,https://ctsv.uit.edu.vn/sites/default/files/attachments/article/51/ND49CP.pdf,manifested,True,,
https://ctsv.uit.edu.vn/bai-viet/nghi-dinh-74-huong-dan-mghp,https://ctsv.uit.edu.vn/sites/default/files/attachments/article/242/Nghi%20dinh%2074_51742.doc,manifested,True,,
https://ctsv.uit.edu.vn/bai-viet/nghi-dinh-812021-ngay-2782021-cua-chinh-phu-het-hieu-luc,https://ctsv.uit.edu.vn/sites/default/files/202110/81_2021_nd-cp_457392.pdf,manifested,True,,
https://ctsv.uit.edu.vn/bai-viet/nghi-dinh-862015nd-cp-ve-co-che-thu-quan-ly-hoc-phi-va-chinh-sach-mien-giam-hoc-phi-ho-tro,https://ctsv.uit.edu.vn/sites/default/files/201604/86-2015-nd-cp.pdf,manifested,True,,
https://ctsv.uit.edu.vn/bai-viet/nhac-nho-sinh-vien-chua-nop-ho-so-nhap-hoc-ban-giay-khoa-2021,https://ctsv.uit.edu.vn/sites/default/files/202201/thong_bao_-_nhac_nho_sv_chua_nop_hs_giay.pdf,manifested,True,,
https://ctsv.uit.edu.vn/bai-viet/nhan-bao-hiem-y-te-3-thang-cuoi-nam-2020,https://ctsv.uit.edu.vn/sites/default/files/202011/khong_duoc_cap_the.xlsx,manifested,True,,
https://ctsv.uit.edu.vn/bai-viet/nhan-bao-hiem-y-te-3-thang-cuoi-nam-2020,https://ctsv.uit.edu.vn/sites/default/files/202011/cap_the_dot_sau.xlsx,manifested,True,,
https://ctsv.uit.edu.vn/bai-viet/nhan-bao-hiem-y-te-3-thang-cuoi-nam-2020,https://ctsv.uit.edu.vn/sites/default/files/202011/bhyt.pdf,manifested,True,,
https://ctsv.uit.edu.vn/bai-viet/noi-dung-sinh-hoat-cong-dan-sinh-vien-dau-khoa-2025,https://ctsv.uit.edu.vn/sites/default/files/202109/slide_doan_hoi_update.pdf,manifested,True,,
https://ctsv.uit.edu.vn/bai-viet/noi-quy-ra-vao-co-quan-cua-truong-dhcntt,https://ctsv.uit.edu.vn/sites/default/files/202211/977_qd_dhcntt_16_11_2022.pdf,manifested,True,,
https://ctsv.uit.edu.vn/bai-viet/noi-quy-tiep-cong-dan-cua-truong-dai-hoc-cong-nghe-thong-tin,https://ctsv.uit.edu.vn/sites/default/files/201608/09_qd-dhcntt-tt-pc_23_8_2016.pdf,manifested,True,,
https://ctsv.uit.edu.vn/bai-viet/nop-bo-sung-ho-so-che-do-chinh-sach-hoc-ky-1-nam-hoc-2021-2022,https://ctsv.uit.edu.vn/sites/default/files/202201/thong_bao_nop_ho_so_giay_che_do_chinh_sach.pdf,manifested,True,,
https://ctsv.uit.edu.vn/bai-viet/nop-bo-sung-ho-so-che-do-chinh-sach-hoc-ky-1-nam-hoc-2021-2022,https://ctsv.uit.edu.vn/sites/default/files/202202/dssv_nop_ho_so_che_do_chinh_sach.pdf,manifested,True,,
https://ctsv.uit.edu.vn/bai-viet/nop-bo-sung-ho-so-huong-diem-uu-tien-trong-ky-thi-thpt-2018,https://ctsv.uit.edu.vn/sites/default/files/201810/huong_dan_nop_ho_so_huong_che_do_uu_tien_tuyen_sinh_2018.docx,manifested,True,,
https://ctsv.uit.edu.vn/bai-viet/nop-bo-sung-ho-so-huong-diem-uu-tien-trong-ky-thi-thpt-2018,https://ctsv.uit.edu.vn/sites/default/files/201810/dssv_can_nop_ho_so_huong_che_do_uu_tien_-_tuyen_sinh_2018.pdf,manifested,True,,
https://ctsv.uit.edu.vn/bai-viet/olympic-tin-hoc-sinh-vien-vn-va-ky-thi-acmicpc,https://ctsv.uit.edu.vn/sites/default/files/attachments/article/200/Thong%20bao%20so%201.PDF,manifested,True,,
https://ctsv.uit.edu.vn/bai-viet/phan-thuong-nu-sinh-tieu-bieu-trong-linh-vuc-cong-nghe-2018,https://ctsv.uit.edu.vn/sites/default/files/201810/73_cv_khcn_25_9_2018.pdf,manifested,True,,
https://ctsv.uit.edu.vn/bai-viet/phieu-xac-nhan-sinh-vien-tai-noi-cu-tru,https://ctsv.uit.edu.vn/sites/default/files/202207/mau_phieu_xac_nhan_noi_cu_tru_2019-nhom.docx,manifested,True,,
https://ctsv.uit.edu.vn/bai-viet/phieu-xac-nhan-sinh-vien-tai-noi-cu-tru,https://ctsv.uit.edu.vn/sites/default/files/202207/mau_phieu_xac_nhan_noi_cu_tru_2022_0.docx,manifested,True,,
https://ctsv.uit.edu.vn/bai-viet/phong-trao-hien-mau-tinh-nguyen-tai-trung-tam-quan-ly-ktx,https://ctsv.uit.edu.vn/sites/default/files/uploads/files/202503/67_ttqlktx_tyt_26_02_2025.pdf,manifested,True,,
https://ctsv.uit.edu.vn/bai-viet/qd-ban-hanh-chuong-trinh-cong-tac-hssv,https://ctsv.uit.edu.vn/sites/default/files/attachments/article/84/Q%C4%90%20ban%20h%C3%A0nh%20CT%20c%C3%B4ng%20t%C3%A1c%20HSSV.doc,manifested,True,,
https://ctsv.uit.edu.vn/bai-viet/quan-trong-tb-dang-ky-xet-cac-loai-hoc-bong-nam-hoc-2018-2019,https://ctsv.uit.edu.vn/sites/default/files/201904/23_tb_dhcntt10_04_2019_scan.pdf,manifested,True,,
https://ctsv.uit.edu.vn/bai-viet/quy-hoc-bong-va-van-hoaviet-nam-kumho-asiana-quy-hoc-bong-va-van-hoaviet-nam-kumho-asiana,https://ctsv.uit.edu.vn/sites/default/files/attachments/article/93/DHCNTT_DS%20SV%20tham%20gia%20HB%20Kumho%20Asiana%202012.xls,manifested,True,,
https://ctsv.uit.edu.vn/bai-viet/quy-tac-boi-thuong-bao-hiem-tai-nan,https://ctsv.uit.edu.vn/sites/default/files/202111/bang_ty_le_tra_tien_bh_thuong_tat_5.2013.pdf,manifested,True,,
https://ctsv.uit.edu.vn/bai-viet/quyet-dinh-10282025-quyet-dinh-ve-viec-tang-giay-khen-sinh-vien-dat-danh-hieu-thu-khoa-ky,https://ctsv.uit.edu.vn/sites/default/files/uploads/files/202509/1028_qd_dhcntt03_09_2025_scan.pdf,manifested,True,,
https://ctsv.uit.edu.vn/bai-viet/quyet-dinh-11682025-quyet-dinh-ve-viec-thanh-lap-hoi-dong-danh-gia-ren-luyen-sinh-vien,https://ctsv.uit.edu.vn/sites/default/files/uploads/files/202510/1168_qd_dhcntt25_09_2025_scan.pdf,manifested,True,,
https://ctsv.uit.edu.vn/bai-viet/quyet-dinh-11832025-quyet-dinh-ve-viec-cap-may-tinh-cho-tan-sinh-vien-khoa-2025-dot-1,https://ctsv.uit.edu.vn/sites/default/files/uploads/files/202510/1183_qd_dhcntt26_09_2025_scan.pdf,manifested,True,,
https://ctsv.uit.edu.vn/bai-viet/quyet-dinh-11912025-quyet-dinh-ve-viec-tang-giay-khen-cho-sinh-vien-nganh-toan-thong-tin,https://ctsv.uit.edu.vn/sites/default/files/uploads/files/202510/1191_qd_dhcntt30_09_2025_scan.pdf,manifested,True,,
https://ctsv.uit.edu.vn/bai-viet/quyet-dinh-11922025-quyet-dinh-ve-viec-tang-giay-khen-cho-sinh-vien-nganh-cong-nghe-thong,https://ctsv.uit.edu.vn/sites/default/files/uploads/files/202510/1192_qd_dhcntt30_09_2025_scan.pdf,manifested,True,,
https://ctsv.uit.edu.vn/bai-viet/quyet-dinh-11932025-quyet-dinh-ve-viec-tang-giay-khen-cho-sinh-vien-nganh-he-thong-thong,https://ctsv.uit.edu.vn/sites/default/files/uploads/files/202510/1193_qd_dhcntt30_09_2025_scan.pdf,manifested,True,,
https://ctsv.uit.edu.vn/bai-viet/quyet-dinh-11942025-quyet-dinh-ve-viec-tang-giay-khen-cho-sinh-vien-nganh-khoa-hoc-du-lieu,https://ctsv.uit.edu.vn/sites/default/files/uploads/files/202510/1194_qd_dhcntt30_09_2025_scan.pdf,manifested,True,,
https://ctsv.uit.edu.vn/bai-viet/quyet-dinh-11952025-quyet-dinh-ve-viec-tang-giay-khen-cho-sinh-vien-nganh-khoa-hoc-may-tinh,https://ctsv.uit.edu.vn/sites/default/files/uploads/files/202510/1195_qd_dhcntt30_09_2025_scan.pdf,manifested,True,,
https://ctsv.uit.edu.vn/bai-viet/quyet-dinh-11962025-quyet-dinh-ve-viec-tang-giay-khen-cho-sinh-vien-nganh-ky-thuat-may-tinh,https://ctsv.uit.edu.vn/sites/default/files/uploads/files/202510/1196_qd_dhcntt30_09_2025_scan.pdf,manifested,True,,
https://ctsv.uit.edu.vn/bai-viet/quyet-dinh-11972025-quyet-dinh-ve-viec-tang-giay-khen-cho-sinh-vien-nganh-ky-thuat-phan-mem,https://ctsv.uit.edu.vn/sites/default/files/uploads/files/202510/1197_qd_dhcntt30_09_2025_scan.pdf,manifested,True,,
https://ctsv.uit.edu.vn/bai-viet/quyet-dinh-11982025-quyet-dinh-ve-viec-tang-giay-khen-cho-sinh-vien-nganh-mang-may-tinh-va,https://ctsv.uit.edu.vn/sites/default/files/uploads/files/202510/1198_qd_dhcntt30_09_2025_scan.pdf,manifested,True,,
https://ctsv.uit.edu.vn/bai-viet/quyet-dinh-11992025-quyet-dinh-ve-viec-tang-giay-khen-cho-sinh-vien-nganh-thiet-ke-vi-mach,https://ctsv.uit.edu.vn/sites/default/files/uploads/files/202510/1199_qd_dhcntt30_09_2025_scan.pdf,manifested,True,,
https://ctsv.uit.edu.vn/bai-viet/quyet-dinh-12002025-quyet-dinh-ve-viec-tang-giay-khen-cho-sinh-vien-nganh-thuong-mai-dien,https://ctsv.uit.edu.vn/sites/default/files/uploads/files/202510/1200_qd_dhcntt30_09_2025_scan.pdf,manifested,True,,
https://ctsv.uit.edu.vn/bai-viet/quyet-dinh-12012025-quyet-dinh-ve-viec-tang-giay-khen-cho-sinh-vien-nganh-tri-tue-nhan-tao,https://ctsv.uit.edu.vn/sites/default/files/uploads/files/202512/1201_qd_dhcntt30_09_2025_scan.pdf,manifested,True,,
https://ctsv.uit.edu.vn/bai-viet/quyet-dinh-12332025-quyet-dinh-ve-viec-thanh-lap-hoi-dong-xet-hoc-bong-khuyen-khich-hoc-tap,https://ctsv.uit.edu.vn/sites/default/files/uploads/files/202510/1233_qd_dhcntt08_10_2025_scan.pdf,manifested,True,,
https://ctsv.uit.edu.vn/bai-viet/quyet-dinh-12342025-quyet-dinh-ve-viec-trao-hoc-bong-uit-global,https://ctsv.uit.edu.vn/sites/default/files/uploads/files/202510/1234_qd_dhcntt08_10_2025_scan.pdf,manifested,True,,
https://ctsv.uit.edu.vn/bai-viet/quyet-dinh-12552025-quyet-dinh-ve-viec-gioi-thieu-sinh-vien-nhan-hoc-bong-thu-khoa-tuyen,https://ctsv.uit.edu.vn/sites/default/files/uploads/files/202510/1255_qd_dhcntt13_10_2025_scan.pdf,manifested,True,,
https://ctsv.uit.edu.vn/bai-viet/quyet-dinh-12712025-quyet-dinh-ve-viec-thanh-lap-hoi-dong-xet-mien-giam-hoc-phi-tro-cap-xa,https://ctsv.uit.edu.vn/sites/default/files/uploads/files/202510/1271_qd_dhcntt16_10_2025_scan.pdf,manifested,True,,
https://ctsv.uit.edu.vn/bai-viet/quyet-dinh-12722025-quyet-dinh-ve-viec-trao-hoc-bong-cho-sinh-vien-dat-danh-hieu-thu-khoa,https://ctsv.uit.edu.vn/sites/default/files/uploads/files/202510/1272_qd_dhcntt16_10_2025_scan.pdf,manifested,True,,
https://ctsv.uit.edu.vn/bai-viet/quyet-dinh-12842025-quyet-dinh-ve-viec-cu-nhom-sinh-vien-tham-du-vong-chung-khao-le-tong,https://ctsv.uit.edu.vn/sites/default/files/uploads/files/202510/1284_qd_dhcntt21_10_2025_scan.pdf,manifested,True,,
https://ctsv.uit.edu.vn/bai-viet/quyet-dinh-13042025-quyet-dinh-ve-viec-cu-sinh-vien-tham-quan-kien-tap-tai-nuoc-ngoai-cho,https://ctsv.uit.edu.vn/sites/default/files/uploads/files/202510/1304_qd_dhcntt22_10_2025_scan.pdf,manifested,True,,
https://ctsv.uit.edu.vn/bai-viet/quyet-dinh-5022025-cap-hoc-bong-khuyen-khich-hoc-tap-dua-tren-thanh-tich-dau-vao-tuyen-sinh,https://ctsv.uit.edu.vn/sites/default/files/uploads/files/202506/502_qd_dhcntt25_04_2025_scan.pdf,manifested,True,,
https://ctsv.uit.edu.vn/bai-viet/quyet-dinh-3643653663672022-hoc-bong-kkht-clc-cttt-tuyen-sinh-hk1-2021-2022,https://ctsv.uit.edu.vn/sites/default/files/202206/364_qd_dhcntt_30_5_2022.pdf,manifested,True,,
https://ctsv.uit.edu.vn/bai-viet/quyet-dinh-3643653663672022-hoc-bong-kkht-clc-cttt-tuyen-sinh-hk1-2021-2022,https://ctsv.uit.edu.vn/sites/default/files/202206/365_qd_dhcntt_30_5_2022.pdf,manifested,True,,
https://ctsv.uit.edu.vn/bai-viet/quyet-dinh-3643653663672022-hoc-bong-kkht-clc-cttt-tuyen-sinh-hk1-2021-2022,https://ctsv.uit.edu.vn/sites/default/files/202206/366_qd_dhcntt_30_5_2022.pdf,manifested,True,,
https://ctsv.uit.edu.vn/bai-viet/quyet-dinh-3643653663672022-hoc-bong-kkht-clc-cttt-tuyen-sinh-hk1-2021-2022,https://ctsv.uit.edu.vn/sites/default/files/202206/367_qd_dhcntt_30_5_2022.pdf,manifested,True,,
https://ctsv.uit.edu.vn/bai-viet/quyet-dinh-6842025-quyet-dinh-ve-viec-cu-sinh-vien-tham-gia-chuong-trinh-discovernus,https://ctsv.uit.edu.vn/sites/default/files/uploads/files/202509/684_qd_dhcntt17_06_2025_scan.pdf,manifested,True,,
https://ctsv.uit.edu.vn/bai-viet/quyet-dinh-8458468472022-che-do-chinh-sach-hk1-nam-hoc-2022-2023-khoa-2019-khoa-2020-khoa,https://ctsv.uit.edu.vn/sites/default/files/202210/845_qd_dhcntt10_10_2022_scan.pdf,manifested,True,,
https://ctsv.uit.edu.vn/bai-viet/quyet-dinh-8458468472022-che-do-chinh-sach-hk1-nam-hoc-2022-2023-khoa-2019-khoa-2020-khoa,https://ctsv.uit.edu.vn/sites/default/files/202210/846_qd_dhcntt10_10_2022_scan.pdf,manifested,True,,
https://ctsv.uit.edu.vn/bai-viet/quyet-dinh-8458468472022-che-do-chinh-sach-hk1-nam-hoc-2022-2023-khoa-2019-khoa-2020-khoa,https://ctsv.uit.edu.vn/sites/default/files/202210/847_qd_dhcntt10_10_2022_scan.pdf,manifested,True,,
https://ctsv.uit.edu.vn/bai-viet/quyet-dinh-9499509512022-che-do-chinh-sach-hk1-nam-hoc-2022-2023-khoa-2022,https://ctsv.uit.edu.vn/sites/default/files/202211/949_qd_dhcntt11_11_2022_scan.pdf,manifested,True,,
https://ctsv.uit.edu.vn/bai-viet/quyet-dinh-9499509512022-che-do-chinh-sach-hk1-nam-hoc-2022-2023-khoa-2022,https://ctsv.uit.edu.vn/sites/default/files/202211/950_qd_dhcntt11_11_2022_scan.pdf,manifested,True,,
https://ctsv.uit.edu.vn/bai-viet/quyet-dinh-9499509512022-che-do-chinh-sach-hk1-nam-hoc-2022-2023-khoa-2022,https://ctsv.uit.edu.vn/sites/default/files/202211/951_qd_dhcntt11_11_2022_scan.pdf,manifested,True,,
https://ctsv.uit.edu.vn/bai-viet/quyet-dinh-che-do-chinh-sach-hk1-nam-hoc-2023-2024-dot-2,https://ctsv.uit.edu.vn/sites/default/files/uploads/files/202312/1313_qd_dhcntt14_12_2023_scan.pdf,manifested,True,,
https://ctsv.uit.edu.vn/bai-viet/quyet-dinh-che-do-chinh-sach-hk1-nam-hoc-2023-2024-dot-2,https://ctsv.uit.edu.vn/sites/default/files/uploads/files/202312/1314_qd_dhcntt14_12_2023_scan.pdf,manifested,True,,
https://ctsv.uit.edu.vn/bai-viet/quyet-dinh-che-do-chinh-sach-hk1-nam-hoc-2023-2024-dot-2,https://ctsv.uit.edu.vn/sites/default/files/uploads/files/202312/1315_qd_dhcntt14_12_2023_scan.pdf,manifested,True,,
https://ctsv.uit.edu.vn/bai-viet/quyet-dinh-che-do-chinh-sach-hk1-nam-hoc-2023-2024-dot-2,https://ctsv.uit.edu.vn/sites/default/files/uploads/files/202312/1316_qd_dhcntt14_12_2023_scan.pdf,manifested,True,,
https://ctsv.uit.edu.vn/bai-viet/quyet-dinh-che-do-chinh-sach-hk2-nam-hoc-2022-2023,https://ctsv.uit.edu.vn/sites/default/files/202305/513_qd_dhcntt26_05_2023_scan.pdf,manifested,True,,
https://ctsv.uit.edu.vn/bai-viet/quyet-dinh-che-do-chinh-sach-hk2-nam-hoc-2022-2023,https://ctsv.uit.edu.vn/sites/default/files/202305/514_qd_dhcntt26_05_2023_scan.pdf,manifested,True,,
https://ctsv.uit.edu.vn/bai-viet/quyet-dinh-che-do-chinh-sach-hk2-nam-hoc-2022-2023,https://ctsv.uit.edu.vn/sites/default/files/202305/515_qd_dhcntt26_05_2023_scan.pdf,manifested,True,,
https://ctsv.uit.edu.vn/bai-viet/quyet-dinh-che-do-chinh-sach-hk2-nam-hoc-2022-2023,https://ctsv.uit.edu.vn/sites/default/files/202305/516_qd_dhcntt26_05_2023_scan.pdf,manifested,True,,
https://ctsv.uit.edu.vn/bai-viet/quyet-dinh-che-do-chinh-sach-hoc-ky-1-nam-hoc-2025-2026,https://ctsv.uit.edu.vn/sites/default/files/uploads/files/202510/1317_qd_dhcntt27_10_2025_scan.pdf,manifested,True,,
https://ctsv.uit.edu.vn/bai-viet/quyet-dinh-che-do-chinh-sach-hoc-ky-1-nam-hoc-2025-2026,https://ctsv.uit.edu.vn/sites/default/files/uploads/files/202510/1318_qd_dhcntt27_10_2025_scan.pdf,manifested,True,,
https://ctsv.uit.edu.vn/bai-viet/quyet-dinh-che-do-chinh-sach-hoc-ky-1-nam-hoc-2025-2026,https://ctsv.uit.edu.vn/sites/default/files/uploads/files/202510/1319_qd_dhcntt27_10_2025_scan.pdf,manifested,True,,
https://ctsv.uit.edu.vn/bai-viet/quyet-dinh-che-do-chinh-sach-hoc-ky-2-nam-hoc-2024-2025,https://ctsv.uit.edu.vn/sites/default/files/uploads/files/202503/189_qd_dhcntt03_03_2025_scan.pdf,manifested,True,,
https://ctsv.uit.edu.vn/bai-viet/quyet-dinh-che-do-chinh-sach-hoc-ky-2-nam-hoc-2024-2025,https://ctsv.uit.edu.vn/sites/default/files/uploads/files/202503/190_qd_dhcntt03_03_2025_scan.pdf,manifested,True,,
https://ctsv.uit.edu.vn/bai-viet/quyet-dinh-che-do-chinh-sach-hoc-ky-2-nam-hoc-2024-2025,https://ctsv.uit.edu.vn/sites/default/files/uploads/files/202503/188_qd_dhcntt25_02_2025_scan.pdf,manifested,True,,
https://ctsv.uit.edu.vn/bai-viet/quyet-dinh-danh-sach-huong-che-do-chinh-sach-hoc-ky-2-nam-hoc-2016-2017,https://ctsv.uit.edu.vn/sites/default/files/201704/195-qd-dhcntt19-4-2017.scan_.pdf,manifested,True,,
https://ctsv.uit.edu.vn/bai-viet/quyet-dinh-danh-sach-huong-che-do-chinh-sach-hoc-ky-2-nam-hoc-2016-2017,https://ctsv.uit.edu.vn/sites/default/files/201704/196-qd-dhcntt_19-4-2017.scan_.pdf,manifested,True,,
https://ctsv.uit.edu.vn/bai-viet/quyet-dinh-danh-sach-huong-che-do-chinh-sach-hoc-ky-2-nam-hoc-2016-2017,https://ctsv.uit.edu.vn/sites/default/files/201704/197-qd-dhcntt_19-4-2017.scan_.pdf,manifested,True,,
https://ctsv.uit.edu.vn/bai-viet/quyet-dinh-danh-sach-huong-che-do-chinh-sach-hoc-ky-2-nam-hoc-2016-2017,https://ctsv.uit.edu.vn/sites/default/files/201704/194-qd-dhcntt_19-4-2017._scan.pdf,manifested,True,,
https://ctsv.uit.edu.vn/bai-viet/quyet-dinh-khen-thuong-hoc-vien-cao-hoc-trong-le-tot-nghiep-dot-2-nam-2023,https://ctsv.uit.edu.vn/sites/default/files/uploads/files/202311/1179_qd-dhcntt_22_11_2023_scan.pdf,manifested,True,,
https://ctsv.uit.edu.vn/bai-viet/quyet-dinh-khen-thuong-hoc-vien-cao-hoc-trong-le-tot-nghiep-dot-2-nam-2023,https://ctsv.uit.edu.vn/sites/default/files/uploads/files/202311/1178_qd-dhcntt_22_11_2023_scan.pdf,manifested,True,,
https://ctsv.uit.edu.vn/bai-viet/quyet-dinh-khen-thuong-sv-chuong-trinh-tt-tot-nghiep-loai-gioi,"https://ctsv.uit.edu.vn/sites/default/files/attachments/article/232/22_QD_DHCNTT_CTSV,%2005_9_2013.pdf",manifested,True,,
https://ctsv.uit.edu.vn/bai-viet/quyet-dinh-khen-thuong-sinh-vien-trong-le-tot-nghiep-dot-2-nam-2023,https://ctsv.uit.edu.vn/sites/default/files/uploads/files/202311/1182_qd-dhcntt_22_11_2023_scan.pdf,manifested,True,,
https://ctsv.uit.edu.vn/bai-viet/quyet-dinh-khen-thuong-sinh-vien-trong-le-tot-nghiep-dot-2-nam-2023,https://ctsv.uit.edu.vn/sites/default/files/uploads/files/202311/1183_qd-dhcntt_22_11_2023_scan.pdf,manifested,True,,
https://ctsv.uit.edu.vn/bai-viet/quyet-dinh-khen-thuong-sinh-vien-trong-le-tot-nghiep-dot-2-nam-2023,https://ctsv.uit.edu.vn/sites/default/files/uploads/files/202311/1181_qd-dhcntt_22_11_2023_scan.pdf,manifested,True,,
https://ctsv.uit.edu.vn/bai-viet/quyet-dinh-khen-thuong-sinh-vien-trong-le-tot-nghiep-dot-2-nam-2023,https://ctsv.uit.edu.vn/sites/default/files/uploads/files/202311/1180_qd-dhcntt_22_11_2023_scan.pdf,manifested,True,,
https://ctsv.uit.edu.vn/bai-viet/quyet-dinh-kt-sinh-vien-tot-nghiep-dot-1-nam-2013,"https://ctsv.uit.edu.vn/sites/default/files/attachments/article/204/08_QD_DHCNTT_CTSV,%2031_5_2013%20(New).pdf",manifested,True,,
https://ctsv.uit.edu.vn/bai-viet/quyet-dinh-kt-sinh-vien-tot-nghiep-dot-1-nam-2013,"https://ctsv.uit.edu.vn/sites/default/files/attachments/article/204/09_QD_DHCNTT_CTSV,%2031_5_2013%20(New).pdf",manifested,True,,
https://ctsv.uit.edu.vn/bai-viet/quyet-dinh-kt-sinh-vien-tot-nghiep-dot-1-nam-2013,"https://ctsv.uit.edu.vn/sites/default/files/attachments/article/204/10_QD_DHCNTT_CTSV,%2031_5_2013%20(New).pdf",manifested,True,,
https://ctsv.uit.edu.vn/bai-viet/quyet-dinh-kt-sinh-vien-tot-nghiep-dot-1-nam-2013,"https://ctsv.uit.edu.vn/sites/default/files/attachments/article/204/12_QD_DHCNTT_CTSV,%2004_6_2013.pdf",manifested,True,,
https://ctsv.uit.edu.vn/bai-viet/quyet-dinh-mghp-theo-qd-156,https://ctsv.uit.edu.vn/sites/default/files/attachments/article/159/QD%2001.PDF,manifested,True,,
https://ctsv.uit.edu.vn/bai-viet/quyet-dinh-mien-giam-hoc-phi-hk1-nam-hoc-2024-2025-dot-1,https://ctsv.uit.edu.vn/sites/default/files/uploads/files/202408/910_qd_dhcntt28_08_2024_scan.pdf,manifested,True,,
https://ctsv.uit.edu.vn/bai-viet/quyet-dinh-mien-giam-hoc-phi-hoc-ky-1-nam-hoc-2017-2018-bo-sung,https://ctsv.uit.edu.vn/sites/default/files/201802/969_qd_dhcntt29_12_2017_scan.pdf,manifested,True,,
https://ctsv.uit.edu.vn/bai-viet/quyet-dinh-mien-giam-hoc-phi-tro-cap-xa-hoi-ho-tro-chi-phi-mua-do-dung-hoc-tap-cho-sinh,https://ctsv.uit.edu.vn/sites/default/files/201711/796_qd_dhcntt15_11_2017_scan.pdf,manifested,True,,
https://ctsv.uit.edu.vn/bai-viet/quyet-dinh-mien-giam-hoc-phi-tro-cap-xa-hoi-ho-tro-chi-phi-mua-do-dung-hoc-tap-cho-sinh,https://ctsv.uit.edu.vn/sites/default/files/201711/797_qd_dhcntt15_11_2017_scan.pdf,manifested,True,,
https://ctsv.uit.edu.vn/bai-viet/quyet-dinh-mien-giam-hoc-phi-tro-cap-xa-hoi-ho-tro-chi-phi-mua-do-dung-hoc-tap-cho-sinh,https://ctsv.uit.edu.vn/sites/default/files/201711/798_qd_dhcntt15_11_2017_scan.pdf,manifested,True,,
https://ctsv.uit.edu.vn/bai-viet/quyet-dinh-mien-giam-hoc-phi-tro-cap-xa-hoi-ho-tro-chi-phi-mua-do-dung-hoc-tap-cho-sinh,https://ctsv.uit.edu.vn/sites/default/files/201711/799_qd_dhcntt15_11_2017_scan_1.pdf,manifested,True,,
https://ctsv.uit.edu.vn/bai-viet/quyet-dinh-so-012013-qhdn-dat-ten-tieng-anh-cua-truong-dh-cntt,https://ctsv.uit.edu.vn/sites/default/files/attachments/article/169/01-QD-DHCNTT-QHDN-29-03-2013.PDF,manifested,True,,
https://ctsv.uit.edu.vn/bai-viet/quyet-dinh-so-012016-thanh-lap-hoi-dong-khen-thuong-ky-luat-sinh-vien-nam-2016,https://ctsv.uit.edu.vn/sites/default/files/201602/01_qd_dhcntt_ctsv17_02_2016_scan.pdf,manifested,True,,
https://ctsv.uit.edu.vn/bai-viet/quyet-dinh-so-012026-thanh-lap-hoi-dong-xet-hoc-bong-khuyen-khich-hoc-tap-chuong-trinh-tien,https://ctsv.uit.edu.vn/sites/default/files/uploads/files/202601/01_qd_dhcntt05_01_2026_scan.pdf,manifested,True,,
https://ctsv.uit.edu.vn/bai-viet/quyet-dinh-so-022016-cu-sinh-vien-tham-gia-chuong-trinh-sakura-exchange-program-tai-truong,https://ctsv.uit.edu.vn/sites/default/files/201603/02_qd_dhcntt_ctsv24_02_2016_scan.pdf,manifested,True,,
https://ctsv.uit.edu.vn/bai-viet/quyet-dinh-so-022026-thanh-lap-hoi-dong-xet-hoc-bong-tuyen-sinh-nam-2026,https://ctsv.uit.edu.vn/sites/default/files/uploads/files/202601/02_qd_dhcntt05_01_2026_scan.pdf,manifested,True,,
https://ctsv.uit.edu.vn/bai-viet/quyet-dinh-so-032013-tro-cap-xa-hoi-cho-sinh-vien-nam-hoc-2012-2013,"https://ctsv.uit.edu.vn/sites/default/files/attachments/article/174/03_QD_DHCNTT_CTSV,%2009_4_2013.pdf",manifested,True,,
https://ctsv.uit.edu.vn/bai-viet/quyet-dinh-so-032016-thanh-lap-ban-chuc-hoi-nghi-sinh-vien-nam-hoc-2015-2016,https://ctsv.uit.edu.vn/sites/default/files/201603/03_qd_dhcntt_ctsv01_3_2016_scan.pdf,manifested,True,,
https://ctsv.uit.edu.vn/bai-viet/quyet-dinh-so-032020-mien-giam-hoc-phi-cho-sinh-vien-hoc-ky-1-nam-hoc-2019-2020-bo-sung,https://ctsv.uit.edu.vn/sites/default/files/202002/03_qd_dhcntt06_01_2020_scan.pdf,manifested,True,,
https://ctsv.uit.edu.vn/bai-viet/quyet-dinh-so-032026-thanh-lap-hoi-dong-xet-hoc-bong-uit-global-nam-2026,https://ctsv.uit.edu.vn/sites/default/files/uploads/files/202601/03_qd_dhcntt05_01_2026_scan.pdf,manifested,True,,
https://ctsv.uit.edu.vn/bai-viet/quyet-dinh-so-04052016-cong-tac-co-van-hoc-tap-lop-cttt2014,https://ctsv.uit.edu.vn/sites/default/files/201603/04_qd_dhcntt_ctsv07_3_2016_scan.pdf,manifested,True,,
https://ctsv.uit.edu.vn/bai-viet/quyet-dinh-so-04052016-cong-tac-co-van-hoc-tap-lop-cttt2014,https://ctsv.uit.edu.vn/sites/default/files/201603/05_qd_dhcntt_ctsv7_3_2016_scan.pdf,manifested,True,,
https://ctsv.uit.edu.vn/bai-viet/quyet-dinh-so-042024-tang-giay-khen-cho-sinh-vien-dat-danh-hieu-thanh-nien-tien-tien-lam,https://ctsv.uit.edu.vn/sites/default/files/uploads/files/202401/04_qd_dhcntt02_01_2024_scan.pdf,manifested,True,,
https://ctsv.uit.edu.vn/bai-viet/quyet-dinh-so-042026-thanh-lap-hoi-dong-khen-thuong-ky-luat-sinh-vien-nam-2026,https://ctsv.uit.edu.vn/sites/default/files/uploads/files/202601/04_qd_dhcntt05_01_2026_scan.pdf,manifested,True,,
https://ctsv.uit.edu.vn/bai-viet/quyet-dinh-so-052026-thanh-lap-hoi-dong-xet-mien-giam-hoc-phi-tro-cap-xa-hoi-ho-tro-chi-phi,https://ctsv.uit.edu.vn/sites/default/files/uploads/files/202601/05_qd_dhcntt05_01_2026_scan.pdf,manifested,True,,
https://ctsv.uit.edu.vn/bai-viet/quyet-dinh-so-052021-ho-tro-kinh-phi-cho-sinh-vien-ve-que-don-tet-2021-do-cong-ty-tnhh,https://ctsv.uit.edu.vn/sites/default/files/202105/05_qd_dhcntt05_01_2021_scan.pdf,manifested,True,,
https://ctsv.uit.edu.vn/bai-viet/quyet-dinh-so-062016-cu-sinh-vien-tham-du-ky-thi-olympic-toan-hoc-sinh-vien-2016,https://ctsv.uit.edu.vn/sites/default/files/201604/06_qd_dhcntt_ctsv25_3_2016_scan.pdf,manifested,True,,
https://ctsv.uit.edu.vn/bai-viet/quyet-dinh-so-062016-cu-sinh-vien-tham-du-ky-thi-olympic-toan-hoc-sinh-vien-2016-0,https://ctsv.uit.edu.vn/sites/default/files/201604/06_qd_dhcntt_ctsv25_3_2016_scan_0.pdf,manifested,True,,
https://ctsv.uit.edu.vn/bai-viet/quyet-dinh-so-062026-thanh-lap-hoi-dong-xet-hoc-bong-ngoai-ngan-sach-nam-2026,https://ctsv.uit.edu.vn/sites/default/files/uploads/files/202601/06_qd_dhcntt05_01_2026_scan.pdf,manifested,True,,
https://ctsv.uit.edu.vn/bai-viet/quyet-dinh-so-072016-cong-tac-co-van-hoc-tap-lop-ktmt0001,https://ctsv.uit.edu.vn/sites/default/files/201604/07_qd_dhcntt_ctsv30_3_2016_scan.pdf,manifested,True,,
https://ctsv.uit.edu.vn/bai-viet/quyet-dinh-so-072024-thay-doi-cvht-lop-mmcl2021,https://ctsv.uit.edu.vn/sites/default/files/uploads/files/202401/07_qd_dhcntt04_01_2024_scan.pdf,manifested,True,,
https://ctsv.uit.edu.vn/bai-viet/quyet-dinh-so-072026-thanh-lap-hoi-dong-danh-gia-ren-luyen-sinh-vien-nam-2026,https://ctsv.uit.edu.vn/sites/default/files/uploads/files/202601/07_qd_dhcntt05_01_2026_scan.pdf,manifested,True,,
https://ctsv.uit.edu.vn/bai-viet/quyet-dinh-so-082016-cong-tac-co-van-hoc-tap-lop-ktmt2012,https://ctsv.uit.edu.vn/sites/default/files/201604/08_qd_dhcntt_ctsv30_3_2016_scan.pdf,manifested,True,,
https://ctsv.uit.edu.vn/bai-viet/quyet-dinh-so-082022-tang-giay-khen-cho-sinh-vien-nganh-mang-may-tinh-va-truyen-thong-du,https://ctsv.uit.edu.vn/sites/default/files/202201/08_qd_dhcntt05_01_2022_scan.pdf,manifested,True,,
https://ctsv.uit.edu.vn/bai-viet/quyet-dinh-so-082024-thay-doi-cvht-lop-mmtt2021,https://ctsv.uit.edu.vn/sites/default/files/uploads/files/202401/08_qd_dhcntt04_01_2024_scan.pdf,manifested,True,,
https://ctsv.uit.edu.vn/bai-viet/quyet-dinh-so-082025-cap-hoc-bong-tuyen-sinh-2024-hoc-ky-1-nam-hoc-2024-2025-bo-sung,https://ctsv.uit.edu.vn/sites/default/files/uploads/files/202501/08_qd_dhcntt06_01_2025_scan.pdf,manifested,True,,
https://ctsv.uit.edu.vn/bai-viet/quyet-dinh-so-092016-thanh-lap-hoi-dong-xet-duyet-hoc-bong-khuyen-khich-hoc-tap-nam-2016,https://ctsv.uit.edu.vn/sites/default/files/201604/09_qd_dhcntt_ctsv18_4_2016_scan.pdf,manifested,True,,
https://ctsv.uit.edu.vn/bai-viet/quyet-dinh-so-092022-tang-giay-khen-cho-sinh-vien-nganh-khoa-hoc-may-tinh-dat-thanh-tich,https://ctsv.uit.edu.vn/sites/default/files/202201/09_qd_dhcntt05_01_2022_scan.pdf,manifested,True,,
https://ctsv.uit.edu.vn/bai-viet/quyet-dinh-so-092025-cap-hoc-bong-toan-dien-sang-tao-phung-su-khoa-tuyen-2024-bo-sung,https://ctsv.uit.edu.vn/sites/default/files/uploads/files/202501/09_qd_dhcntt06_01_2025_scan.pdf,manifested,True,,
https://ctsv.uit.edu.vn/bai-viet/quyet-dinh-so-1002020-cong-tac-can-bo-lop-cnt22019nguyen-gia-tuan-anh,https://ctsv.uit.edu.vn/sites/default/files/202005/100_qd_dhcntt02_03_2020_scan.pdf,manifested,True,,
https://ctsv.uit.edu.vn/bai-viet/quyet-dinh-so-10022025-quyet-dinh-ve-viec-cu-sinh-vien-tham-du-chuong-trinh-hoc-tap-trai,https://ctsv.uit.edu.vn/sites/default/files/uploads/files/202509/1002_qd_dhcntt26_08_2025_scan.pdf,manifested,True,,
https://ctsv.uit.edu.vn/bai-viet/quyet-dinh-so-10022022-giai-lop-atbc2022,https://ctsv.uit.edu.vn/sites/default/files/202211/1002_qd_dhcntt25_11_2022_scan.pdf,manifested,True,,
https://ctsv.uit.edu.vn/bai-viet/quyet-dinh-so-10052024-thanh-lap-hoi-dong-danh-gia-ren-luyen-sinh-vien-nam-hoc-2024-2025,https://ctsv.uit.edu.vn/sites/default/files/uploads/files/202411/1005_qd_dhcntt13_09_2024_scan.pdf,manifested,True,,
https://ctsv.uit.edu.vn/bai-viet/quyet-dinh-so-10112024-trao-hoc-bong-cho-sinh-vien-co-hoan-canh-dac-biet-kho-khan-nam-hoc,https://ctsv.uit.edu.vn/sites/default/files/uploads/files/202411/1011_qd_dhcntt16_09_2024_scan.pdf,manifested,True,,
https://ctsv.uit.edu.vn/bai-viet/quyet-dinh-so-1012020-thay-doi-cvht-lop-attn2016-ths-nguyen-thanh-hoa,https://ctsv.uit.edu.vn/sites/default/files/202003/101_qd_dhcntt04_03_2020_scan.pdf,manifested,True,,
https://ctsv.uit.edu.vn/bai-viet/quyet-dinh-so-10152025-quyet-dinh-ve-viec-thanh-lap-lop-sinh-vien-khoa-2025,https://ctsv.uit.edu.vn/sites/default/files/uploads/files/202509/1015_qd_dhcntt27_08_2025_scan.pdf,manifested,True,,
https://ctsv.uit.edu.vn/bai-viet/quyet-dinh-so-10152025-quyet-dinh-ve-viec-thanh-lap-lop-sinh-vien-khoa-2025-0,https://ctsv.uit.edu.vn/sites/default/files/uploads/files/202509/1015_qd_dhcntt27_08_2025_scan_0.pdf,manifested,True,,
https://ctsv.uit.edu.vn/bai-viet/quyet-dinh-so-102016-thanh-lap-hoi-dong-danh-gia-ren-luyen-sinh-vien-nam-2016,https://ctsv.uit.edu.vn/sites/default/files/201604/10_qd_dhcntt_ctsv18_4_2016_scan.pdf,manifested,True,,
https://ctsv.uit.edu.vn/bai-viet/quyet-dinh-so-102018-thay-doi-cvht-lop-khtn2016,https://ctsv.uit.edu.vn/sites/default/files/201801/10_qd_dhcntt8_1_2018_scan.pdf,manifested,True,,
https://ctsv.uit.edu.vn/bai-viet/quyet-dinh-so-10202024-thanh-lap-hoi-dong-xet-hoc-bong-tuyen-sinh-hoc-bong-kkht-cho-hoc,https://ctsv.uit.edu.vn/sites/default/files/uploads/files/202411/1020_qd_dhcntt17_09_2024_scan.pdf,manifested,True,,
https://ctsv.uit.edu.vn/bai-viet/quyet-dinh-so-102022-tang-giay-khen-cho-sinh-vien-nganh-ky-thuat-may-tinh-dat-thanh-tich,https://ctsv.uit.edu.vn/sites/default/files/202201/10_qd_dhcntt05_01_2022_scan.pdf,manifested,True,,
https://ctsv.uit.edu.vn/bai-viet/quyet-dinh-so-1022020-thay-doi-cvht-lop-attt2016-ths-nguyen-thanh-hoa,https://ctsv.uit.edu.vn/sites/default/files/202003/102_qd_dhcntt04_03_2020_scan.pdf,manifested,True,,
https://ctsv.uit.edu.vn/bai-viet/quyet-dinh-so-10382025-quyet-dinh-cong-tac-co-van-hoc-tap-khoa-tuyen-2025,https://ctsv.uit.edu.vn/sites/default/files/uploads/files/202509/1038_qd_dhcntt04_09_2025_scan.pdf,manifested,True,,
https://ctsv.uit.edu.vn/bai-viet/quyet-dinh-so-10412025-quyet-dinh-ve-viec-cap-hoc-bong-toan-dien-sang-tao-phung-su-khoa,https://ctsv.uit.edu.vn/sites/default/files/uploads/files/202509/1041_qd_dhcntt04_09_2025_scan.pdf,manifested,True,,
https://ctsv.uit.edu.vn/bai-viet/quyet-dinh-so-1052020-bo-nhiem-cvht-lop-mmtt2017-ths-le-duc-thinh,https://ctsv.uit.edu.vn/sites/default/files/202003/105_qd_dhcntt10_03_2020_scan.pdf,manifested,True,,
https://ctsv.uit.edu.vn/bai-viet/quyet-dinh-so-1092-2025-quyet-dinh-ve-viec-cap-hoc-bong-toan-dien-sang-tao-phung-su-khoa,https://ctsv.uit.edu.vn/sites/default/files/uploads/files/202509/1092_qd_dhcntt11_09_2025_scan.pdf,manifested,True,,
https://ctsv.uit.edu.vn/bai-viet/quyet-dinh-so-10932023-trao-hoc-bong-tiep-suc-cho-sinh-vien-khoa-2023-do-ngan-hang-vcb-chi,https://ctsv.uit.edu.vn/sites/default/files/uploads/files/202401/1093_qd_dhcntt24_10_2023_scan.pdf,manifested,True,,
https://ctsv.uit.edu.vn/bai-viet/quyet-dinh-so-10932025-quyet-dinh-ve-viec-cap-hoc-bong-kkht-cho-hoc-vien-chuong-trinh-dao,https://ctsv.uit.edu.vn/sites/default/files/uploads/files/202509/1093_qd_dhcntt11_09_2025_scan.pdf,manifested,True,,
https://ctsv.uit.edu.vn/bai-viet/quyet-dinh-so-10942022-tang-giay-khen-doi-voi-sinh-vien-tot-nghiep-loai-gioi-he-dai-hoc,https://ctsv.uit.edu.vn/sites/default/files/202212/1094_qd_dhcntt13_12_2022_scan.pdf,manifested,True,,
https://ctsv.uit.edu.vn/bai-viet/quyet-dinh-so-10952022-khen-thuong-doi-voi-sinh-vien-tot-nghiep-loai-gioi-he-dai-hoc-chinh,https://ctsv.uit.edu.vn/sites/default/files/202212/1095_qd_dhcntt13_12_2022_scan.pdf,manifested,True,,
https://ctsv.uit.edu.vn/bai-viet/quyet-dinh-so-10952023-cong-tac-cvht-lop-cncl20201-va-cncl20202,https://ctsv.uit.edu.vn/sites/default/files/uploads/files/202401/1095_qd_dhcntt24_10_2023_scan.pdf,manifested,True,,
https://ctsv.uit.edu.vn/bai-viet/quyet-dinh-so-10962022-tang-giay-khen-doi-voi-sinh-vien-tot-nghiep-loai-gioi-he-dao-tao-tu,https://ctsv.uit.edu.vn/sites/default/files/202212/1096_qd_dhcntt13_12_2022_scan.pdf,manifested,True,,
https://ctsv.uit.edu.vn/bai-viet/quyet-dinh-so-10972022-khen-thuong-sinh-vien-tot-nghiep-thu-khoa-dot-thang-12-nam-2022,https://ctsv.uit.edu.vn/sites/default/files/202212/1097_qd_dhcntt13_12_2022_scan.pdf,manifested,True,,
https://ctsv.uit.edu.vn/bai-viet/quyet-dinh-so-11022023-tang-giay-khen-cho-ca-nhan-va-tap-dat-thanh-tich-xuat-sac-trong-cong,https://ctsv.uit.edu.vn/sites/default/files/uploads/files/202401/1102_qd_dhcntt25_10_2023_scan.pdf,manifested,True,,
https://ctsv.uit.edu.vn/bai-viet/quyet-dinh-so-11122016-cong-tac-co-van-hoc-tap-lop-antt2013,https://ctsv.uit.edu.vn/sites/default/files/201604/11_qd_dhcntt_ctsv20_4_2016_scan.pdf,manifested,True,,
https://ctsv.uit.edu.vn/bai-viet/quyet-dinh-so-11122016-cong-tac-co-van-hoc-tap-lop-antt2013,https://ctsv.uit.edu.vn/sites/default/files/201604/12_qd_dhcntt_ctsv20_4_2016_scan_0.pdf,manifested,True,,
https://ctsv.uit.edu.vn/bai-viet/quyet-dinh-so-11152022-khen-thuong-hoc-vien-sau-dai-hoc-dat-thanh-tich-cao-trong-ky-thi,https://ctsv.uit.edu.vn/sites/default/files/202212/1115_qd_dhcntt15_12_2022_scan.pdf,manifested,True,,
https://ctsv.uit.edu.vn/bai-viet/quyet-dinh-so-11162024-trao-hoc-bong-tai-tro-truong-boi-duong-van-hoa-nam-hoc-2024-2025,https://ctsv.uit.edu.vn/sites/default/files/uploads/files/202411/1116_qd_dhcntt24_09_2024_scan.pdf,manifested,True,,
https://ctsv.uit.edu.vn/bai-viet/quyet-dinh-so-112022-tang-giay-khen-cho-sinh-vien-nganh-khoa-hoc-du-lieu-dat-thanh-tich-tot,https://ctsv.uit.edu.vn/sites/default/files/202201/11_qd_dhcntt05_01_2022_scan.pdf,manifested,True,,
https://ctsv.uit.edu.vn/bai-viet/quyet-dinh-so-11222022-tang-giay-khen-cho-sinh-vien-dat-danh-hieu-thanh-nien-tien-tien-lam,https://ctsv.uit.edu.vn/sites/default/files/202212/1122_qd_dhcntt19_12_2022_scan.pdf,manifested,True,,
https://ctsv.uit.edu.vn/bai-viet/quyet-dinh-so-11232022-tang-giay-khen-cho-sinh-vien-dat-danh-hieu-sinh-vien-5-tot-tieu-bieu,https://ctsv.uit.edu.vn/sites/default/files/202212/1123_qd_dhcntt19_12_2022_scan.pdf,manifested,True,,
https://ctsv.uit.edu.vn/bai-viet/quyet-dinh-so-11272023-trao-hoc-bong-tiep-suc-cho-sinh-vien-khoa-2023-do-cong-ty-tnhh-canh,https://ctsv.uit.edu.vn/sites/default/files/uploads/files/202401/1127_qd_dhcntt06_11_2023_scan.pdf,manifested,True,,
https://ctsv.uit.edu.vn/bai-viet/quyet-dinh-so-11282023-trao-hoc-bong-uit-global-thang-9-nam-2023,https://ctsv.uit.edu.vn/sites/default/files/uploads/files/202401/1128_qd_dhcntt06_11_2023_scan.pdf,manifested,True,,
https://ctsv.uit.edu.vn/bai-viet/quyet-dinh-so-11292023-trao-hoc-bong-tiep-suc-cho-sinh-vien-khoa-2023-do-ngan-hang-tmcp-dau,https://ctsv.uit.edu.vn/sites/default/files/uploads/files/202401/1129_qd_dhcntt06_11_2023_scan.pdf,manifested,True,,
https://ctsv.uit.edu.vn/bai-viet/quyet-dinh-so-11302023-trao-hoc-bong-tiep-suc-cho-sinh-vien-khoa-2023-do-ngan-hang,https://ctsv.uit.edu.vn/sites/default/files/uploads/files/202401/1130_qd_dhcntt06_11_2023_scan.pdf,manifested,True,,
https://ctsv.uit.edu.vn/bai-viet/quyet-dinh-so-11312023-trao-hoc-bong-tiep-suc-cho-sinh-vien-khoa-2023-do-cong-ty-co-phan,https://ctsv.uit.edu.vn/sites/default/files/uploads/files/202401/1131_qd_dhcntt06_11_2023_scan.pdf,manifested,True,,
https://ctsv.uit.edu.vn/bai-viet/quyet-dinh-so-1132020-khen-thuong-doi-tuyen-va-sinh-vien-dat-thanh-tich-cao-trong-ky-thi,https://ctsv.uit.edu.vn/sites/default/files/202005/113_qd_dhcntt16_03_2020_scan.pdf,manifested,True,,
https://ctsv.uit.edu.vn/bai-viet/quyet-dinh-so-11322023-trao-hoc-bong-tiep-suc-cho-sinh-vien-khoa-2023-do-cong-ty-tnhh-kbtg,https://ctsv.uit.edu.vn/sites/default/files/uploads/files/202401/1132_qd_dhcntt06_11_2023_scan.pdf,manifested,True,,
https://ctsv.uit.edu.vn/bai-viet/quyet-dinh-so-11332022-tang-giay-khen-cho-sinh-vien-dat-thanh-tich-tham-gia-giai-giai-vo,https://ctsv.uit.edu.vn/sites/default/files/202212/1133_qd_dhcntt19_12_2022_scan.pdf,manifested,True,,
https://ctsv.uit.edu.vn/bai-viet/quyet-dinh-so-11392025-quyet-dinh-ve-viec-thanh-lap-lop-sinh-vien-vmtn2024,https://ctsv.uit.edu.vn/sites/default/files/uploads/files/202510/1139_qd_dhcntt19_09_2025_scan.pdf,manifested,True,,
https://ctsv.uit.edu.vn/bai-viet/quyet-dinh-so-11402025-quyet-dinh-ve-cong-tac-cvht-lop-vmtn2024,https://ctsv.uit.edu.vn/sites/default/files/uploads/files/202510/1140_qd_dhcntt19_09_2025_scan.pdf,manifested,True,,
https://ctsv.uit.edu.vn/bai-viet/quyet-dinh-so-1142019-cu-sinh-vien-tham-du-ky-thi-olympic-toan-hoc-sinh-vien-va-hoc-sinh,https://ctsv.uit.edu.vn/sites/default/files/201904/114_qd_dhcntt15_03_2019_scan.pdf,manifested,True,,
https://ctsv.uit.edu.vn/bai-viet/quyet-dinh-so-1142020-trao-hoc-bong-gems-university-2020,https://ctsv.uit.edu.vn/sites/default/files/202005/114_qd_dhcntt16_03_2020_scan.pdf,manifested,True,,
https://ctsv.uit.edu.vn/bai-viet/quyet-dinh-so-1142025-ho-tro-ve-xe-cho-sinh-vien-ve-que-don-tet-nguyen-dan-2025,https://ctsv.uit.edu.vn/sites/default/files/uploads/files/202504/114_qd_dhcntt14_02_2025_scan.pdf,manifested,True,,
https://ctsv.uit.edu.vn/bai-viet/quyet-dinh-so-1142026-cap-bo-sung-hoc-bong-cho-sinh-vien-chuong-trinh-tai-nang-nganh-khoa,https://ctsv.uit.edu.vn/sites/default/files/uploads/files/202602/114_qd_dhcntt03_02_2026_scan.pdf,manifested,True,,
https://ctsv.uit.edu.vn/bai-viet/quyet-dinh-so-1142026-cap-bo-sung-hoc-bong-cho-sinh-vien-chuong-trinh-tai-nang-nganh-khoa-0,https://ctsv.uit.edu.vn/sites/default/files/uploads/files/202602/114_qd_dhcntt03_02_2026_scan_0.pdf,manifested,True,,
https://ctsv.uit.edu.vn/bai-viet/quyet-dinh-so-11512025-quyet-dinh-ve-viec-trao-hoc-bong-rosen-dot-2-nam-2024,https://ctsv.uit.edu.vn/sites/default/files/uploads/files/202510/1151_qd_dhcntt22_09_2025_scan.pdf,manifested,True,,
https://ctsv.uit.edu.vn/bai-viet/quyet-dinh-so-1152026-trao-hoc-bong-uit-global,https://ctsv.uit.edu.vn/sites/default/files/uploads/files/202602/115_qd_dhcntt03_02_2026_scan.pdf,manifested,True,,
https://ctsv.uit.edu.vn/bai-viet/quyet-dinh-so-1152026-trao-hoc-bong-uit-global-0,https://ctsv.uit.edu.vn/sites/default/files/uploads/files/202602/115_qd_dhcntt03_02_2026_scan_0.pdf,manifested,True,,
https://ctsv.uit.edu.vn/bai-viet/quyet-dinh-so-11522022-ho-tro-kinh-phi-mua-ve-tau-xe-tet-2023-cho-sinh-vien,https://ctsv.uit.edu.vn/sites/default/files/202212/1152_qd_dhcntt21_12_2022_scan.pdf,manifested,True,,
https://ctsv.uit.edu.vn/bai-viet/quyet-dinh-so-11542022-trao-hoc-bong-khuyen-khich-hoc-tap-cho-hoc-vien-sau-dai-hoc-trung,https://ctsv.uit.edu.vn/sites/default/files/202212/1154_qd_dhcntt22_12_2022_scan.pdf,manifested,True,,
https://ctsv.uit.edu.vn/bai-viet/quyet-dinh-so-11672023-trao-hoc-bong-tiep-suc-cho-sinh-vien-khoa-2023,https://ctsv.uit.edu.vn/sites/default/files/uploads/files/202401/1167_qd-dhcntt_16_11_2023_scan.pdf,manifested,True,,
https://ctsv.uit.edu.vn/bai-viet/quyet-dinh-so-1172026-trao-hoc-bong-ho-tro-sinh-vien-bi-anh-huong-do-bao-va-mua-lu-nam-2025,https://ctsv.uit.edu.vn/sites/default/files/uploads/files/202602/117_qd_dhcntt05_02_2026_scan.pdf,manifested,True,,
https://ctsv.uit.edu.vn/bai-viet/quyet-dinh-so-11752022-trao-hoc-bong-uit-global-thang-11-nam-2022,https://ctsv.uit.edu.vn/sites/default/files/202212/1175_qd_dhcntt26_12_2022_scan.pdf,manifested,True,,
https://ctsv.uit.edu.vn/bai-viet/quyet-dinh-so-11762024-trao-hoc-bong-cho-sinh-vien-co-hoan-canh-dac-biet-kho-khan-nam-hoc,https://ctsv.uit.edu.vn/sites/default/files/uploads/files/202411/1176_qd_dhcntt08_10_2024_scan.pdf,manifested,True,,
https://ctsv.uit.edu.vn/bai-viet/quyet-dinh-so-11782023-tang-giay-khen-hoc-hoc-vien-cao-hoc-tot-nghiep-loai-xuat-sac-dot-2,https://ctsv.uit.edu.vn/sites/default/files/uploads/files/202401/1178_qd-dhcntt_22_11_2023_scan.pdf,manifested,True,,
https://ctsv.uit.edu.vn/bai-viet/quyet-dinh-so-11792023-tang-giay-khen-hoc-hoc-vien-cao-hoc-tot-nghiep-loai-gioi-dot-2-nam,https://ctsv.uit.edu.vn/sites/default/files/uploads/files/202401/1179_qd-dhcntt_22_11_2023_scan.pdf,manifested,True,,
https://ctsv.uit.edu.vn/bai-viet/quyet-dinh-so-11802023-khen-thuong-sinh-vien-tot-nghiep-thu-khoa-nganh-dot-2-nam-2023,https://ctsv.uit.edu.vn/sites/default/files/uploads/files/202401/1180_qd-dhcntt_22_11_2023_scan.pdf,manifested,True,,
https://ctsv.uit.edu.vn/bai-viet/quyet-dinh-so-11812023-khen-thuong-sinh-vien-tot-nghiep-loai-xuat-sac-dot-2-nam-2023,https://ctsv.uit.edu.vn/sites/default/files/uploads/files/202401/1181_qd-dhcntt_22_11_2023_scan.pdf,manifested,True,,
https://ctsv.uit.edu.vn/bai-viet/quyet-dinh-so-1182026-trao-hoc-bong-ho-tro-sinh-vien-bi-anh-huong-do-bao-va-mua-lu-nam-2025,https://ctsv.uit.edu.vn/sites/default/files/uploads/files/202602/118_qd_dhcntt05_02_2026_scan.pdf,manifested,True,,
https://ctsv.uit.edu.vn/bai-viet/quyet-dinh-so-11822023-tang-giay-khen-doi-voi-sinh-vien-tot-nghiep-loai-gioi-he-dao-tao-tu,https://ctsv.uit.edu.vn/sites/default/files/uploads/files/202401/1182_qd-dhcntt_22_11_2023_scan.pdf,manifested,True,,
https://ctsv.uit.edu.vn/bai-viet/quyet-dinh-so-11832023-tang-giay-khen-doi-voi-sinh-vien-tot-nghiep-loai-gioi-he-dao-tao,https://ctsv.uit.edu.vn/sites/default/files/uploads/files/202401/1183_qd-dhcntt_22_11_2023_scan.pdf,manifested,True,,
https://ctsv.uit.edu.vn/bai-viet/quyet-dinh-so-11892024-tang-giay-khen-cho-sinh-vien-dat-giai-hoi-thao-sinh-vien-dhqg-hcm,https://ctsv.uit.edu.vn/sites/default/files/uploads/files/202411/1189_qd_dhcntt09_10_2024_scan.pdf,manifested,True,,
https://ctsv.uit.edu.vn/bai-viet/quyet-dinh-so-11902024-tang-giay-khen-cho-sinh-vien-nganh-tri-tue-nhan-tao-dat-thanh-tich,https://ctsv.uit.edu.vn/sites/default/files/uploads/files/202411/1190_qd_dhcntt09_10_2024_scan.pdf,manifested,True,,
https://ctsv.uit.edu.vn/bai-viet/quyet-dinh-so-11912024-tang-giay-khen-cho-sinh-vien-nganh-ky-thuat-phan-mem-dat-thanh-tich,https://ctsv.uit.edu.vn/sites/default/files/uploads/files/202411/1191_qd_dhcntt09_10_2024_scan.pdf,manifested,True,,
https://ctsv.uit.edu.vn/bai-viet/quyet-dinh-so-11922024-tang-giay-khen-cho-sinh-vien-nganh-mang-may-tinh-va-truyen-thong-dat,https://ctsv.uit.edu.vn/sites/default/files/uploads/files/202411/1192_qd_dhcntt09_10_2024_scan.pdf,manifested,True,,
https://ctsv.uit.edu.vn/bai-viet/quyet-dinh-so-11932024-tang-giay-khen-cho-sinh-vien-nganh-thuong-mai-dien-tu-dat-thanh-tich,https://ctsv.uit.edu.vn/sites/default/files/uploads/files/202411/1193_qd_dhcntt09_10_2024_scan.pdf,manifested,True,,
https://ctsv.uit.edu.vn/bai-viet/quyet-dinh-so-11942024-tang-giay-khen-cho-sinh-vien-nganh-toan-thong-tin-dat-thanh-tich-tot,https://ctsv.uit.edu.vn/sites/default/files/uploads/files/202411/1194_qd_dhcntt09_10_2024_scan.pdf,manifested,True,,
https://ctsv.uit.edu.vn/bai-viet/quyet-dinh-so-11952024-tang-giay-khen-cho-sinh-vien-nganh-cong-nghe-thong-tin-dat-thanh,https://ctsv.uit.edu.vn/sites/default/files/uploads/files/202411/1195_qd_dhcntt09_10_2024_scan.pdf,manifested,True,,
https://ctsv.uit.edu.vn/bai-viet/quyet-dinh-so-11972024-tang-giay-khen-cho-sinh-vien-nganh-khoa-hoc-du-lieu-dat-thanh-tich,https://ctsv.uit.edu.vn/sites/default/files/uploads/files/202411/1197_qd_dhcntt09_10_2024_scan.pdf,manifested,True,,
https://ctsv.uit.edu.vn/bai-viet/quyet-dinh-so-11982024-tang-giay-khen-cho-sinh-vien-nganh-khoa-hoc-may-tinh-dat-thanh-tich,https://ctsv.uit.edu.vn/sites/default/files/uploads/files/202411/1198_qd_dhcntt09_10_2024_scan.pdf,manifested,True,,
https://ctsv.uit.edu.vn/bai-viet/quyet-dinh-so-11992024-tang-giay-khen-cho-sinh-vien-nganh-ky-thuat-may-tinh-dat-thanh-tich,https://ctsv.uit.edu.vn/sites/default/files/uploads/files/202411/1199_qd_dhcntt09_10_2024_scan.pdf,manifested,True,,
https://ctsv.uit.edu.vn/bai-viet/quyet-dinh-so-1212026-tang-giay-khen-cho-sinh-vien-dat-danh-hieu-doi-truong-doi-pho-xuat,https://ctsv.uit.edu.vn/sites/default/files/uploads/files/202602/121_qd_dhcntt05_02_2026_scan.pdf,manifested,True,,
https://ctsv.uit.edu.vn/bai-viet/quyet-dinh-so-122020-ho-tro-kinh-phi-cho-sinh-vien-ve-que-don-tet-2020-do-cong-ty-harvey,https://ctsv.uit.edu.vn/sites/default/files/202002/12_qd_dhcntt08_01_2020_scan.pdf,manifested,True,,
https://ctsv.uit.edu.vn/bai-viet/quyet-dinh-so-12202023-quyet-dinh-ve-danh-sach-sinh-vien-chuong-trinh-tai-nang-nganh-khoa,https://ctsv.uit.edu.vn/sites/default/files/uploads/files/202401/1220_qd-dhcntt_30_11_2023_scan.pdf,manifested,True,,
https://ctsv.uit.edu.vn/bai-viet/quyet-dinh-so-1222022-thay-doi-cvht-lop-ktmt2021-va-mtcl2021ksthan-tung,https://ctsv.uit.edu.vn/sites/default/files/202203/122_qd_dhcntt04_03_2022_scan.pdf,manifested,True,,
https://ctsv.uit.edu.vn/bai-viet/quyet-dinh-so-122022-tang-giay-khen-cho-sinh-vien-nganh-he-thong-thong-tin-dat-thanh-tich,https://ctsv.uit.edu.vn/sites/default/files/202201/12_qd_dhcntt05_01_2022_scan.pdf,manifested,True,,
https://ctsv.uit.edu.vn/bai-viet/quyet-dinh-so-12362023-cap-hoc-bong-hoc-tap-cho-sinh-vien-chuong-trinh-tien-tien-hk2-nam,https://ctsv.uit.edu.vn/sites/default/files/uploads/files/202401/1236_qd-dhcntt_04_12_2023_scan.pdf,manifested,True,,
https://ctsv.uit.edu.vn/bai-viet/quyet-dinh-so-12352023-danh-sach-sinh-vien-chuong-trinh-tai-nang-nganh-toan-thong-tin-nhan,https://ctsv.uit.edu.vn/sites/default/files/uploads/files/202401/1235_qd-dhcntt_04_12_2023_scan.pdf,manifested,True,,
https://ctsv.uit.edu.vn/bai-viet/quyet-dinh-so-12362024-cap-hoc-bong-cho-sinh-vien-nganh-thiet-ke-vi-mach-khoa-tuyen-2024,https://ctsv.uit.edu.vn/sites/default/files/uploads/files/202411/1236_qd_dhcntt17_10_2024_scan.pdf,manifested,True,,
https://ctsv.uit.edu.vn/bai-viet/quyet-dinh-so-12372023-cap-hoc-bong-tuyen-sinh-khoa-2020-2021-2022-hk1-nam-hoc-2023-2024,https://ctsv.uit.edu.vn/sites/default/files/uploads/files/202401/1237_qd-dhcntt_04_12_2023_scan.pdf,manifested,True,,
https://ctsv.uit.edu.vn/bai-viet/quyet-dinh-so-12372024-trao-hoc-bong-tiep-suc-cho-sinh-vien-khoa-2023-do-cong-ty-tnhh-kbtg,https://ctsv.uit.edu.vn/sites/default/files/uploads/files/202411/1237_qd_dhcntt17_10_2024_scan.pdf,manifested,True,,
https://ctsv.uit.edu.vn/bai-viet/quyet-dinh-so-12382023-danh-sach-sinh-vien-khoa-2020-2021-nhan-hoc-bong-o-ktx-nam-hoc-2022,https://ctsv.uit.edu.vn/sites/default/files/uploads/files/202401/1238_qd-dhcntt_04_12_2023_scan.pdf,manifested,True,,
https://ctsv.uit.edu.vn/bai-viet/quyet-dinh-so-12402023-cap-hoc-bong-khuyen-khich-hoc-tap-hk2-nam-hoc-2022-2023-cho-sinh,https://ctsv.uit.edu.vn/sites/default/files/uploads/files/202401/1240_qd-dhcntt_04_12_2023_scan.pdf,manifested,True,,
https://ctsv.uit.edu.vn/bai-viet/quyet-dinh-so-12442023-trao-hoc-bong-uit-global-thang-10-nam-2023,https://ctsv.uit.edu.vn/sites/default/files/uploads/files/202401/1244_qd-dhcntt_04_12_2023_scan.pdf,manifested,True,,
https://ctsv.uit.edu.vn/bai-viet/quyet-dinh-so-12462024-khen-thuong-giang-vien-huong-dan-sinh-vien-dat-giai-ky-thi-icpc-cac,https://ctsv.uit.edu.vn/sites/default/files/uploads/files/202411/1246_qd_dhcntt22_10_2024_scan.pdf,manifested,True,,
https://ctsv.uit.edu.vn/bai-viet/quyet-dinh-so-12622023-trao-hoc-bong-tai-tro-cho-sinh-vien-khoa-khoa-hoc-may-tinh,https://ctsv.uit.edu.vn/sites/default/files/uploads/files/202401/1262_qd-dhcntt_08_12_2023_scan.pdf,manifested,True,,
https://ctsv.uit.edu.vn/bai-viet/quyet-dinh-so-12632023-danh-sach-sinh-vien-khoa-2020-nhan-hoc-bong-ktx-nam-hoc-2022-2023,https://ctsv.uit.edu.vn/sites/default/files/uploads/files/202401/1263_qd-dhcntt_08_12_2023_scan.pdf,manifested,True,,
https://ctsv.uit.edu.vn/bai-viet/quyet-dinh-so-12822023-trao-hoc-bong-tai-tro-cho-sinh-vien-chuong-trinh-hoc-bong-gems,https://ctsv.uit.edu.vn/sites/default/files/uploads/files/202401/1282_qd_dhcntt12_12_2023_scan.pdf,manifested,True,,
https://ctsv.uit.edu.vn/bai-viet/quyet-dinh-so-12832023-khen-thuong-tap-sinh-vien-dat-thanh-tich-cao-tao-hoi-thi-thu-thach,https://ctsv.uit.edu.vn/sites/default/files/uploads/files/202401/1283_qd_dhcntt12_12_2023_scan.pdf,manifested,True,,
https://ctsv.uit.edu.vn/bai-viet/quyet-dinh-so-12842023-tang-giay-khen-giang-vien-huong-dan-sinh-vien-dat-thanh-tich-cao-tai,https://ctsv.uit.edu.vn/sites/default/files/uploads/files/202401/1284_qd_dhcntt12_12_2023_scan.pdf,manifested,True,,
https://ctsv.uit.edu.vn/bai-viet/quyet-dinh-so-12852023-khen-thuong-cho-hoc-vien-cao-hoc-dat-thanh-tich-cao-trong-ky-tuyen,https://ctsv.uit.edu.vn/sites/default/files/uploads/files/202401/1285_qd_dhcntt12_12_2023_scan.pdf,manifested,True,,
https://ctsv.uit.edu.vn/bai-viet/quyet-dinh-so-12862023-trao-hoc-bong-tai-tro-cho-sinh-vien-chuong-trinh-hoc-bong-gems,https://ctsv.uit.edu.vn/sites/default/files/uploads/files/202401/1286_qd_dhcntt12_12_2023_scan.pdf,manifested,True,,
https://ctsv.uit.edu.vn/bai-viet/quyet-dinh-so-12882024-cu-sinh-vien-tham-du-le-trao-giai-thuong-nu-sinh-khoa-hoc-cong-nghe,https://ctsv.uit.edu.vn/sites/default/files/uploads/files/202411/1288_qd_dhcntt01_11_2024_scan.pdf,manifested,True,,
https://ctsv.uit.edu.vn/bai-viet/quyet-dinh-so-12942024-trao-hoc-bong-tiep-suc-cho-sinh-vien-khoa-2024-do-cong-ty-tnhh-canh,https://ctsv.uit.edu.vn/sites/default/files/uploads/files/202411/1294_qd_dhcntt04_11_2024_scan.pdf,manifested,True,,
https://ctsv.uit.edu.vn/bai-viet/quyet-dinh-so-12952024-trao-hoc-bong-tiep-suc-cho-sinh-vien-khoa-2024-do-ngan-hang,https://ctsv.uit.edu.vn/sites/default/files/uploads/files/202411/1295_qd_dhcntt04_11_2024_scan.pdf,manifested,True,,
https://ctsv.uit.edu.vn/bai-viet/quyet-dinh-so-12962024-trao-hoc-bong-tiep-suc-cho-sinh-vien-khoa-2024-do-ngan-hang,https://ctsv.uit.edu.vn/sites/default/files/uploads/files/202411/1296_qd_dhcntt04_11_2024_scan.pdf,manifested,True,,
https://ctsv.uit.edu.vn/bai-viet/quyet-dinh-so-12972024-trao-hoc-bong-tiep-suc-cho-sinh-vien-khoa-2024-do-ngan-hang-tmcp-dau,https://ctsv.uit.edu.vn/sites/default/files/uploads/files/202411/1297_qd_dhcntt04_11_2024_scan.pdf,manifested,True,,
https://ctsv.uit.edu.vn/bai-viet/quyet-dinh-so-12982024-trao-hoc-bong-khuyen-khich-hoc-tap-cho-sinh-vien-co-hoan-canh-kho,https://ctsv.uit.edu.vn/sites/default/files/uploads/files/202411/1298_qd_dhcntt04_11_2024_scan.pdf,manifested,True,,
https://ctsv.uit.edu.vn/bai-viet/quyet-dinh-so-12992024-tang-giay-khen-cho-sinh-vien-nganh-he-thong-thong-tin-dat-thanh-tich,https://ctsv.uit.edu.vn/sites/default/files/uploads/files/202411/1299_qd_dhcntt04_11_2024_scan.pdf,manifested,True,,
https://ctsv.uit.edu.vn/bai-viet/quyet-dinh-so-1302012-su-dung-logo-cua-truong-dai-hoc-cong-nghe-thong-tin,https://ctsv.uit.edu.vn/sites/default/files/attachments/article/85/Q%C4%90%20130.pdf,manifested,True,,
https://ctsv.uit.edu.vn/bai-viet/quyet-dinh-so-1312018-cong-tac-cvht-lop-cttt2017,https://ctsv.uit.edu.vn/sites/default/files/201803/131_qd_dhcntt12_3_2018_scan.pdf,manifested,True,,
https://ctsv.uit.edu.vn/bai-viet/quyet-dinh-so-1312021-thanh-lap-hoi-dong-xet-hoc-bong-uit-global,https://ctsv.uit.edu.vn/sites/default/files/202107/131_qd_dhcntt_10_3_2021_scan.pdf,manifested,True,,
https://ctsv.uit.edu.vn/bai-viet/quyet-dinh-so-13142016-cong-tac-co-van-hoc-tap-lop-antn2013,https://ctsv.uit.edu.vn/sites/default/files/201604/13_qd_dhcntt_ctsv20_4_2016_scan.pdf,manifested,True,,
https://ctsv.uit.edu.vn/bai-viet/quyet-dinh-so-13142016-cong-tac-co-van-hoc-tap-lop-antn2013,https://ctsv.uit.edu.vn/sites/default/files/201604/14_qd_dhcntt_ctsv20_4_2016_scan.pdf,manifested,True,,
https://ctsv.uit.edu.vn/bai-viet/quyet-dinh-so-13131314131513162023-mien-giam-hoc-phi-cho-sinh-vien-hk1-nam-hoc-2023-2024,https://ctsv.uit.edu.vn/sites/default/files/uploads/files/202401/1314_qd_dhcntt14_12_2023_scan.pdf,manifested,True,,
https://ctsv.uit.edu.vn/bai-viet/quyet-dinh-so-13131314131513162023-mien-giam-hoc-phi-cho-sinh-vien-hk1-nam-hoc-2023-2024,https://ctsv.uit.edu.vn/sites/default/files/uploads/files/202401/1313_qd_dhcntt14_12_2023_scan.n.pdf,manifested,True,,
https://ctsv.uit.edu.vn/bai-viet/quyet-dinh-so-13131314131513162023-mien-giam-hoc-phi-cho-sinh-vien-hk1-nam-hoc-2023-2024,https://ctsv.uit.edu.vn/sites/default/files/uploads/files/202401/1315_qd_dhcntt14_12_2023_scan.pdf,manifested,True,,
https://ctsv.uit.edu.vn/bai-viet/quyet-dinh-so-13131314131513162023-mien-giam-hoc-phi-cho-sinh-vien-hk1-nam-hoc-2023-2024,https://ctsv.uit.edu.vn/sites/default/files/uploads/files/202401/1316_qd_dhcntt14_12_2023_scan.pdf,manifested,True,,
https://ctsv.uit.edu.vn/bai-viet/quyet-dinh-so-1317131813192025-quyet-dinh-ve-chinh-sach-mien-giam-hoc-phi-cho-sinh-vien-hoc,https://ctsv.uit.edu.vn/sites/default/files/uploads/files/202512/1317_qd_dhcntt27_10_2025_scan.pdf,manifested,True,,
https://ctsv.uit.edu.vn/bai-viet/quyet-dinh-so-1317131813192025-quyet-dinh-ve-chinh-sach-mien-giam-hoc-phi-cho-sinh-vien-hoc,https://ctsv.uit.edu.vn/sites/default/files/uploads/files/202512/1318_qd_dhcntt27_10_2025_scan.pdf,manifested,True,,
https://ctsv.uit.edu.vn/bai-viet/quyet-dinh-so-1317131813192025-quyet-dinh-ve-chinh-sach-mien-giam-hoc-phi-cho-sinh-vien-hoc,https://ctsv.uit.edu.vn/sites/default/files/uploads/files/202512/1319_qd_dhcntt27_10_2025_scan.pdf,manifested,True,,
https://ctsv.uit.edu.vn/bai-viet/quyet-dinh-so-132022-tang-giay-khen-cho-sinh-vien-nganh-toan-thong-tin-dat-thanh-tich-tot,https://ctsv.uit.edu.vn/sites/default/files/202201/13_qd_dhcntt05_01_2022_scan.pdf,manifested,True,,
https://ctsv.uit.edu.vn/bai-viet/quyet-dinh-so-13232023-trao-hoc-bong-tiep-suc-cho-sinh-vien-khoa-2023-do-cong-ty-tnhh,https://ctsv.uit.edu.vn/sites/default/files/uploads/files/202401/1323_qd_dhcntt18_12_2023_scan.pdf,manifested,True,,
https://ctsv.uit.edu.vn/bai-viet/quyet-dinh-so-13242023-trao-hoc-bong-tuyen-sinh-cho-hoc-vien-sau-dai-hoc-trung-tuyen-dot-1,https://ctsv.uit.edu.vn/sites/default/files/uploads/files/202401/1324_qd_dhcntt18_12_2023_scan.pdf,manifested,True,,
https://ctsv.uit.edu.vn/bai-viet/quyet-dinh-so-13252023-tang-giay-khen-cho-sinh-vien-hoc-vien-cao-hoc-dat-thanh-tich-trong,https://ctsv.uit.edu.vn/sites/default/files/uploads/files/202401/1325_qd_dhcntt19_12_2023_scan.pdf,manifested,True,,
https://ctsv.uit.edu.vn/bai-viet/quyet-dinh-so-13262024-cap-hoc-bong-cho-sinh-vien-nganh-thiet-ke-vi-mach-khoa-tuyen-2024,https://ctsv.uit.edu.vn/sites/default/files/uploads/files/202411/1326_qd_dhcntt08_11_2024_scan.pdf,manifested,True,,
https://ctsv.uit.edu.vn/bai-viet/quyet-dinh-so-13272024-cap-hoc-bong-hoc-tap-cho-sinh-vien-chuong-trinh-tien-tien-hk2-nam,https://ctsv.uit.edu.vn/sites/default/files/uploads/files/202411/1327_qd_dhcntt08_11_2024_scan.pdf,manifested,True,,
https://ctsv.uit.edu.vn/bai-viet/quyet-dinh-so-13282024-cap-hoc-bong-hoc-tap-cho-sinh-vien-chuong-trinh-chat-luong-cao-hk2,https://ctsv.uit.edu.vn/sites/default/files/uploads/files/202411/1328_qd_dhcntt08_11_2024_scan.pdf,manifested,True,,
https://ctsv.uit.edu.vn/bai-viet/quyet-dinh-so-13292024-cap-hoc-bong-khuyen-khich-hoc-tap-hk2-nam-hoc-2023-2024,https://ctsv.uit.edu.vn/sites/default/files/uploads/files/202411/1329_qd_dhcntt08_11_2024_scan.pdf,manifested,True,,
https://ctsv.uit.edu.vn/bai-viet/quyet-dinh-so-13302024-cap-hoc-bong-cho-sinh-vien-chuong-trinh-tai-nang-nganh-khoa-hoc-may,https://ctsv.uit.edu.vn/sites/default/files/uploads/files/202411/1330_qd_dhcntt08_11_2024_scan.pdf,manifested,True,,
https://ctsv.uit.edu.vn/bai-viet/quyet-dinh-so-13322024-cap-hoc-bong-tuyen-sinh-khoa-2021-2022-2023-2024-hk1-nam-hoc-2024,https://ctsv.uit.edu.vn/sites/default/files/uploads/files/202411/1332_qd_dhcntt08_11_2024_scan.pdf,manifested,True,,
https://ctsv.uit.edu.vn/bai-viet/quyet-dinh-so-13312024-cap-hoc-bongcho-sinh-vien-chuong-trinh-tai-nang-nganh-toan-thong-tin,https://ctsv.uit.edu.vn/sites/default/files/uploads/files/202411/1331_qd_dhcntt08_11_2024_scan.pdf,manifested,True,,
https://ctsv.uit.edu.vn/bai-viet/quyet-dinh-so-13332024-trao-hoc-bong-tuyen-sinh-danh-cho-sinh-vien-duoc-nhan-hoc-bong-o-ktx,https://ctsv.uit.edu.vn/sites/default/files/uploads/files/202411/1333_qd_dhcntt08_11_2024_scan.pdf,manifested,True,,
https://ctsv.uit.edu.vn/bai-viet/quyet-dinh-so-13342024-cap-hoc-bong-toan-dien-sang-tao-phung-su-cho-sinh-vien-chuong-trinh,https://ctsv.uit.edu.vn/sites/default/files/uploads/files/202411/1334_qd_dhcntt08_11_2024_scan.pdf,manifested,True,,
https://ctsv.uit.edu.vn/bai-viet/quyet-dinh-so-13432024-trao-hoc-bong-cho-sinh-vien-dat-danh-hieu-thu-khoa-ky-tuyen-sinh-dai,https://ctsv.uit.edu.vn/sites/default/files/uploads/files/202411/1343_qd_dhcntt08_11_2024_scan.pdf,manifested,True,,
https://ctsv.uit.edu.vn/bai-viet/quyet-dinh-so-13472025-trao-hoc-bong-uit-global,https://ctsv.uit.edu.vn/sites/default/files/uploads/files/202512/1347_qd_dhcntt30_10_2025_scan.pdf,manifested,True,,
https://ctsv.uit.edu.vn/bai-viet/quyet-dinh-so-1352017-cong-tac-co-van-hoc-tap-lop-khtn2015,https://ctsv.uit.edu.vn/sites/default/files/201710/135-qd-dhcntt_17-3-2017.scan_.pdf,manifested,True,,
https://ctsv.uit.edu.vn/bai-viet/quyet-dinh-so-13562024-trien-khai-chinh-sach-ho-tro-nguoi-hoc-khuyet-tat-tai-truong-dhcntt,https://ctsv.uit.edu.vn/sites/default/files/uploads/files/202411/1356_qd_dhcntt12_11_2024_scan.pdf,manifested,True,,
https://ctsv.uit.edu.vn/bai-viet/quyet-dinh-so-13632024-tang-giay-khen-cho-cac-ca-nhan-tap-doi-thi-dat-giai-tai-cuoc-thi,https://ctsv.uit.edu.vn/sites/default/files/uploads/files/202411/1363_qd_dhcntt14_11_2024_scan.pdf,manifested,True,,
https://ctsv.uit.edu.vn/bai-viet/quyet-dinh-so-13672023-trao-hoc-bong-uit-global-thang-11-nam-2023,https://ctsv.uit.edu.vn/sites/default/files/uploads/files/202401/1367_qd_dhcntt26_12_2023_scan.pdf,manifested,True,,
https://ctsv.uit.edu.vn/bai-viet/quyet-dinh-so-13702024-trao-hoc-bong-cho-sinh-vien-co-hoan-canh-kho-khan-do-cong-ty-co-phan,https://ctsv.uit.edu.vn/sites/default/files/uploads/files/202411/1370_qd_dhcntt15_11_2024_scan.pdf,manifested,True,,
https://ctsv.uit.edu.vn/bai-viet/quyet-dinh-so-13712023-khen-thuong-cho-giang-vien-huan-luyen-sinh-vien-dat-giai-cao-trong,https://ctsv.uit.edu.vn/sites/default/files/uploads/files/202401/1371_qd_dhcntt27_12_2023_scan.pdf,manifested,True,,
https://ctsv.uit.edu.vn/bai-viet/quyet-dinh-so-1372020-thay-doi-cvht-lop-tmdt2018-ths-nguyen-thi-hanh,https://ctsv.uit.edu.vn/sites/default/files/202005/137_qd_dhcntt31_03_2020_scan.pdf,manifested,True,,
https://ctsv.uit.edu.vn/bai-viet/quyet-dinh-so-13722023-tang-giay-khen-cho-sinh-vien-dat-danh-hieu-sinh-vien-5-tot-tieu-bieu,https://ctsv.uit.edu.vn/sites/default/files/uploads/files/202401/1372_qd_dhcntt27_12_2023_scan.pdf,manifested,True,,
https://ctsv.uit.edu.vn/bai-viet/quyet-dinh-so-13732023-tang-giay-khen-cho-sinh-vien-dat-thanh-tich-tot-trong-ngien-cuu-khoa,https://ctsv.uit.edu.vn/sites/default/files/uploads/files/202401/1373_qd_dhcntt27_12_2023_scan.pdf,manifested,True,,
https://ctsv.uit.edu.vn/bai-viet/quyet-dinh-so-13742023-trao-hoc-bong-tiep-suc-cho-sinh-vien-khoa-2023,https://ctsv.uit.edu.vn/sites/default/files/uploads/files/202401/1374_qd_dhcntt27_12_2023_scan.pdf,manifested,True,,
https://ctsv.uit.edu.vn/bai-viet/quyet-dinh-so-13752023-tang-giay-khen-tap-sinh-vien-dat-giai-cuoc-thi-khoa-hoc-du-lieu-2023,https://ctsv.uit.edu.vn/sites/default/files/uploads/files/202401/1375_qd_dhcntt28_12_2023_scan.pdf,manifested,True,,
https://ctsv.uit.edu.vn/bai-viet/quyet-dinh-so-13812024-cu-sinh-vien-tham-gia-chuong-trinh-discovernus,https://ctsv.uit.edu.vn/sites/default/files/uploads/files/202411/1381_qd_dhcntt18_11_2024_scan.pdf,manifested,True,,
https://ctsv.uit.edu.vn/bai-viet/quyet-dinh-so-1382020-bo-nhiem-cvht-lop-httt2019-ths-ho-tran-nhat-thuy,https://ctsv.uit.edu.vn/sites/default/files/202005/138_qd_dhcntt31_03_2020_scan.pdf,manifested,True,,
https://ctsv.uit.edu.vn/bai-viet/quyet-dinh-so-13832025-tang-giay-khen-ca-nhan-dat-thanh-tich-xuat-sac-trong-cong-tac-doan,https://ctsv.uit.edu.vn/sites/default/files/uploads/files/202512/1383_qd_dhcntt12_11_2025_scan.pdf,manifested,True,,
https://ctsv.uit.edu.vn/bai-viet/quyet-dinh-so-13832025-tang-giay-khen-ca-nhan-dat-thanh-tich-xuat-sac-trong-cong-tac-doan-0,https://ctsv.uit.edu.vn/sites/default/files/uploads/files/202601/1383_qd_dhcntt12_11_2025_scan.pdf,manifested,True,,
https://ctsv.uit.edu.vn/bai-viet/quyet-dinh-so-13842025-tang-giay-khen-ca-nhan-dat-thanh-tich-xuat-sac-trong-hoi-thi-can-0,https://ctsv.uit.edu.vn/sites/default/files/uploads/files/202601/1384_qd_dhcntt12_11_2025_scan.pdf,manifested,True,,
https://ctsv.uit.edu.vn/bai-viet/quyet-dinh-so-13842025-tang-giay-khen-ca-nhan-dat-thanh-tich-xuat-sac-trong-hoi-thi-can-bo,https://ctsv.uit.edu.vn/sites/default/files/uploads/files/202512/1384_qd_dhcntt12_11_2025_scan.pdf,manifested,True,,
https://ctsv.uit.edu.vn/bai-viet/quyet-dinh-so-13852025-tang-giay-khen-ca-nhan-dat-thanh-tich-xuat-sac-trong-cong-tac-hoi-0,https://ctsv.uit.edu.vn/sites/default/files/uploads/files/202601/1385_qd_dhcntt12_11_2025_scan.pdf,manifested,True,,
https://ctsv.uit.edu.vn/bai-viet/quyet-dinh-so-13852025-tang-giay-khen-ca-nhan-dat-thanh-tich-xuat-sac-trong-cong-tac-hoi-va,https://ctsv.uit.edu.vn/sites/default/files/uploads/files/202512/1385_qd_dhcntt12_11_2025_scan.pdf,manifested,True,,
https://ctsv.uit.edu.vn/bai-viet/quyet-dinh-so-13862025-tang-giay-khen-cho-sinh-vien-dat-danh-hieu-sinh-vien-5-tot-tieu-0,https://ctsv.uit.edu.vn/sites/default/files/uploads/files/202601/1386_qd_dhcntt12_11_2025_scan.pdf,manifested,True,,
https://ctsv.uit.edu.vn/bai-viet/quyet-dinh-so-13862025-tang-giay-khen-cho-sinh-vien-dat-danh-hieu-sinh-vien-5-tot-tieu-bieu,https://ctsv.uit.edu.vn/sites/default/files/uploads/files/202512/1386_qd_dhcntt12_11_2025_scan.pdf,manifested,True,,
https://ctsv.uit.edu.vn/bai-viet/quyet-dinh-so-13962025-khen-thuong-tap-ca-nhan-sinh-vien-co-de-tai-dat-giai-thuong-khoa-0,https://ctsv.uit.edu.vn/sites/default/files/uploads/files/202601/1396_qd_dhcntt13_11_2025_scan.pdf,manifested,True,,
https://ctsv.uit.edu.vn/bai-viet/quyet-dinh-so-13962025-khen-thuong-tap-ca-nhan-sinh-vien-co-de-tai-dat-giai-thuong-khoa-hoc,https://ctsv.uit.edu.vn/sites/default/files/uploads/files/202512/1396_qd_dhcntt13_11_2025_scan.pdf,manifested,True,,
https://ctsv.uit.edu.vn/bai-viet/quyet-dinh-so-14002025-tang-giay-khen-cho-hoc-vien-cao-hoc-tot-nghiep-loai-xuat-sac-va-0,https://ctsv.uit.edu.vn/sites/default/files/uploads/files/202601/1400_qd_dhcntt14_11_2025_scan.pdf,manifested,True,,
https://ctsv.uit.edu.vn/bai-viet/quyet-dinh-so-14002025-tang-giay-khen-cho-hoc-vien-cao-hoc-tot-nghiep-loai-xuat-sac-va-loai,https://ctsv.uit.edu.vn/sites/default/files/uploads/files/202512/1400_qd_dhcntt14_11_2025_scan.pdf,manifested,True,,
https://ctsv.uit.edu.vn/bai-viet/quyet-dinh-so-1402024-thay-cvht-ktpm0001quan-chi-khanh-annguyen-ngoc-qui,https://ctsv.uit.edu.vn/sites/default/files/uploads/files/202403/140_qd_dhcntt26_02_2024_scan.pdf,manifested,True,,
https://ctsv.uit.edu.vn/bai-viet/quyet-dinh-so-14062025-tang-giay-khen-doi-voi-sinh-vien-tot-nghiep-loai-gioi-he-dao-tao-0,https://ctsv.uit.edu.vn/sites/default/files/uploads/files/202601/1406_qd_dhcntt17_11_2025_scan.pdf,manifested,True,,
https://ctsv.uit.edu.vn/bai-viet/quyet-dinh-so-14062025-tang-giay-khen-doi-voi-sinh-vien-tot-nghiep-loai-gioi-he-dao-tao-tu,https://ctsv.uit.edu.vn/sites/default/files/uploads/files/202512/1406_qd_dhcntt17_11_2025_scan.pdf,manifested,True,,
https://ctsv.uit.edu.vn/bai-viet/quyet-dinh-so-14072024-mien-giam-hoc-phi-cho-sinh-vien-hk1-dot-2-nh-2024-2025,https://ctsv.uit.edu.vn/sites/default/files/uploads/files/202411/1407_qd_dhcntt21_11_2024_scan.pdf,manifested,True,,
https://ctsv.uit.edu.vn/bai-viet/quyet-dinh-so-14082024-tro-cap-xa-hoi-cho-sinh-vien-hk1-nh-2024-2025,https://ctsv.uit.edu.vn/sites/default/files/uploads/files/202411/1408_qd_dhcntt21_11_2024_scan.pdf,manifested,True,,
https://ctsv.uit.edu.vn/bai-viet/quyet-dinh-so-14092024-ho-tro-chinh-sach-hoc-bong-va-chi-phi-mua-do-dung-hoc-tap-cho-sv,https://ctsv.uit.edu.vn/sites/default/files/uploads/files/202411/1409_qd_dhcntt21_11_2024_scan.pdf,manifested,True,,
https://ctsv.uit.edu.vn/bai-viet/quyet-dinh-so-14102024-cap-ho-tro-chi-phi-hoc-tap-cho-sinh-vien-dan-toc-thieu-so-hk1-nh,https://ctsv.uit.edu.vn/sites/default/files/uploads/files/202411/1410_qd_dhcntt21_11_2024_scan.pdf,manifested,True,,
https://ctsv.uit.edu.vn/bai-viet/quyet-dinh-so-14162025-thanh-lap-hoi-dong-khen-thuong-ky-luat-sinh-vien,https://ctsv.uit.edu.vn/sites/default/files/uploads/files/202512/1416_qd_dhcntt18_11_2025_scan.pdf,manifested,True,,
https://ctsv.uit.edu.vn/bai-viet/quyet-dinh-so-14162025-thanh-lap-hoi-dong-khen-thuong-ky-luat-sinh-vien-0,https://ctsv.uit.edu.vn/sites/default/files/uploads/files/202601/1416_qd_dhcntt18_11_2025_scan.pdf,manifested,True,,
https://ctsv.uit.edu.vn/bai-viet/quyet-dinh-so-14192025-tang-giay-khen-cho-sinh-vien-dat-thanh-tich-tai-giai-bong-da-0,https://ctsv.uit.edu.vn/sites/default/files/uploads/files/202601/1419_qd_dhcntt19_11_2025_scan.pdf,manifested,True,,
https://ctsv.uit.edu.vn/bai-viet/quyet-dinh-so-14192025-tang-giay-khen-cho-sinh-vien-dat-thanh-tich-tai-giai-bong-da-futsal,https://ctsv.uit.edu.vn/sites/default/files/uploads/files/202512/1419_qd_dhcntt19_11_2025_scan.pdf,manifested,True,,
https://ctsv.uit.edu.vn/bai-viet/quyet-dinh-so-14202025-khen-thuong-sinh-vien-tot-nghiep-loai-gioi-dot-2-nam-2025,https://ctsv.uit.edu.vn/sites/default/files/uploads/files/202512/1420_qd_dhcntt19_11_2025_scan.pdf,manifested,True,,
https://ctsv.uit.edu.vn/bai-viet/quyet-dinh-so-14202025-tang-giay-khen-doi-voi-sinh-vien-tot-nghiep-loai-gioi-dot-2-nam-2025,https://ctsv.uit.edu.vn/sites/default/files/uploads/files/202601/1420_qd_dhcntt19_11_2025_scan.pdf,manifested,True,,
https://ctsv.uit.edu.vn/bai-viet/quyet-dinh-so-142022-tang-giay-khen-cho-sinh-vien-nganh-ky-thuat-phan-mem-dat-thanh-tich,https://ctsv.uit.edu.vn/sites/default/files/202201/14_qd_dhcntt05_01_2022_scan.pdf,manifested,True,,
https://ctsv.uit.edu.vn/bai-viet/quyet-dinh-so-142024-trao-hoc-bong-cho-sinh-vien-do-quy-tai-tro-khat-vong-tuong-lai-trao,https://ctsv.uit.edu.vn/sites/default/files/uploads/files/202401/14_qd_dhcntt05_01_2024_scan.pdf,manifested,True,,
https://ctsv.uit.edu.vn/bai-viet/quyet-dinh-so-14212025-khen-thuong-sinh-vien-tot-nghiep-loai-xuat-sac-dot-2-nam-2025,https://ctsv.uit.edu.vn/sites/default/files/uploads/files/202512/1421_qd_dhcntt19_11_2025_scan.pdf,manifested,True,,
https://ctsv.uit.edu.vn/bai-viet/quyet-dinh-so-14212025-khen-thuong-sinh-vien-tot-nghiep-loai-xuat-sac-dot-2-nam-2025-0,https://ctsv.uit.edu.vn/sites/default/files/uploads/files/202601/1421_qd_dhcntt19_11_2025_scan.pdf,manifested,True,,
https://ctsv.uit.edu.vn/bai-viet/quyet-dinh-so-1422017-trao-hoc-bong-kms-2017,https://ctsv.uit.edu.vn/sites/default/files/201710/142-qd-dhcntt23-3-2017.scan_.pdf,manifested,True,,
https://ctsv.uit.edu.vn/bai-viet/quyet-dinh-so-14222025-khen-thuong-sinh-vien-tot-nghiep-thu-khoa-nganh-dot-2-nam-2025-0,https://ctsv.uit.edu.vn/sites/default/files/uploads/files/202601/1422_qd_dhcntt19_11_2025_scan.pdf,manifested,True,,
https://ctsv.uit.edu.vn/bai-viet/quyet-dinh-so-14222025-khen-thuong-sinh-vien-tot-nghiep-thu-khoa-nganh-dot-2-nam-2025,https://ctsv.uit.edu.vn/sites/default/files/uploads/files/202512/1422_qd_dhcntt19_11_2025_scan.pdf,manifested,True,,
https://ctsv.uit.edu.vn/bai-viet/quyet-dinh-so-14332025-trao-hoc-bong-uit-global,https://ctsv.uit.edu.vn/sites/default/files/uploads/files/202512/1433_qd_dhcntt21_11_2025_scan.pdf,manifested,True,,
https://ctsv.uit.edu.vn/bai-viet/quyet-dinh-so-14342025-tang-giay-khen-cho-giang-vien-huong-dan-sv-co-de-tai-dat-giai-0,https://ctsv.uit.edu.vn/sites/default/files/uploads/files/202601/1434_qd_dhcntt21_11_2025_scan.pdf,manifested,True,,
https://ctsv.uit.edu.vn/bai-viet/quyet-dinh-so-14342025-tang-giay-khen-cho-giang-vien-huong-dan-sv-co-de-tai-dat-giai-thuong,https://ctsv.uit.edu.vn/sites/default/files/uploads/files/202512/1434_qd_dhcntt21_11_2025_scan.pdf,manifested,True,,
https://ctsv.uit.edu.vn/bai-viet/quyet-dinh-so-14352025-trao-hoc-bong-tai-tro-cho-sinh-vien-chuong-trinh-hoc-bong-gems,https://ctsv.uit.edu.vn/sites/default/files/uploads/files/202512/1435_qd_dhcntt24_11_2025_scan.pdf,manifested,True,,
https://ctsv.uit.edu.vn/bai-viet/quyet-dinh-so-14352025-trao-hoc-bong-tai-tro-cho-sinh-vien-chuong-trinh-hoc-bong-gems-0,https://ctsv.uit.edu.vn/sites/default/files/uploads/files/202601/1435_qd_dhcntt24_11_2025_scan.pdf,manifested,True,,
https://ctsv.uit.edu.vn/bai-viet/quyet-dinh-so-14362025-tang-giay-khen-cho-sinh-vien-dat-thanh-tich-tai-giai-bong-da-futsal,https://ctsv.uit.edu.vn/sites/default/files/uploads/files/202512/1436_qd_dhcntt24_11_2025_scan.pdf,manifested,True,,
https://ctsv.uit.edu.vn/bai-viet/quyet-dinh-so-1462017-cu-sinh-vien-tham-du-ky-thi-olympic-toan-hoc-sinh-vien-2017,https://ctsv.uit.edu.vn/sites/default/files/201710/146-qd-dhcntt24-3-2017.scan_.pdf,manifested,True,,
https://ctsv.uit.edu.vn/bai-viet/quyet-dinh-so-1462023-trao-hoc-bong-kkht-cho-hoc-vien-sdh-co-thanh-tich-hoc-tap-tot-nam-hoc,https://ctsv.uit.edu.vn/sites/default/files/202303/146_qd_dhcntt27_02_2023_scan.pdf,manifested,True,,
https://ctsv.uit.edu.vn/bai-viet/quyet-dinh-so-14872025-trao-hoc-bong-tai-tro-cho-sinh-vien,https://ctsv.uit.edu.vn/sites/default/files/uploads/files/202601/1487_qd_dhcntt03_12_2025_scan.pdf,manifested,True,,
https://ctsv.uit.edu.vn/bai-viet/quyet-dinh-so-1492017-thanh-lap-hoi-dong-danh-gia-ren-luyen-sinh-vien-nam-2017,https://ctsv.uit.edu.vn/sites/default/files/201710/149_qd_dhcntt_29_3_2017.scan_.pdf,manifested,True,,
https://ctsv.uit.edu.vn/bai-viet/quyet-dinh-so-1502017-thanh-lap-hoi-dong-khen-thuong-ky-luat-sinh-vien-hoc-ky-ii-nam-hoc,https://ctsv.uit.edu.vn/sites/default/files/201710/150_qd_dhcntt_29_3_2017.scan_.pdf,manifested,True,,
https://ctsv.uit.edu.vn/bai-viet/quyet-dinh-so-15162016-cong-tac-co-van-hoc-tap-lop-mmtt2014,https://ctsv.uit.edu.vn/sites/default/files/201604/16_qd_dhcntt_ctsv20_4_2016_scan.pdf,manifested,True,,
https://ctsv.uit.edu.vn/bai-viet/quyet-dinh-so-15162016-cong-tac-co-van-hoc-tap-lop-mmtt2014,https://ctsv.uit.edu.vn/sites/default/files/201604/15_qd_dhcntt_ctsv20_4_2016_scan.pdf,manifested,True,,
https://ctsv.uit.edu.vn/bai-viet/quyet-dinh-so-152022-tang-giay-khen-cho-sinh-vien-nganh-cong-nghe-thong-tin-dat-thanh-tich,https://ctsv.uit.edu.vn/sites/default/files/202201/15_qd_dhcntt05_01_2022_scan.pdf,manifested,True,,
https://ctsv.uit.edu.vn/bai-viet/quyet-dinh-so-15212025-cap-hoc-bong-cho-sinh-vien-chuong-trinh-tai-nang-nganh-toan-thong,https://ctsv.uit.edu.vn/sites/default/files/uploads/files/202601/1521_qd_dhcntt09_12_2025_scan.pdf,manifested,True,,
https://ctsv.uit.edu.vn/bai-viet/quyet-dinh-so-15222025-cap-hoc-bong-cho-sinh-vien-chuong-trinh-tai-nang-nganh-khoa-hoc-may,https://ctsv.uit.edu.vn/sites/default/files/uploads/files/202601/1522_qd_dhcntt09_12_2025_scan.pdf,manifested,True,,
https://ctsv.uit.edu.vn/bai-viet/quyet-dinh-so-15232025-cap-hoc-bong-cho-sinh-vien-chuong-trinh-tai-nang-nganh-thiet-ke-vi,https://ctsv.uit.edu.vn/sites/default/files/uploads/files/202601/1523_qd_dhcntt09_12_2025_scan.pdf,manifested,True,,
https://ctsv.uit.edu.vn/bai-viet/quyet-dinh-so-15242025-cap-hoc-bong-cho-sinh-vien-nganh-thiet-ke-vi-mach-hoc-ky-1-nam-hoc,https://ctsv.uit.edu.vn/sites/default/files/uploads/files/202601/1524_qd_dhcntt09_12_2025_scan.pdf,manifested,True,,
https://ctsv.uit.edu.vn/bai-viet/quyet-dinh-so-15252025-cap-hoc-bong-cho-sinh-vien-chuong-trinh-tien-tien-hk2-nam-hoc-2024,https://ctsv.uit.edu.vn/sites/default/files/uploads/files/202601/1525_qd_dhcntt09_12_2025_scan.pdf,manifested,True,,
https://ctsv.uit.edu.vn/bai-viet/quyet-dinh-so-15262025-cap-hoc-bong-thu-khoa-hoc-ky-1-nam-hoc-2025-2026,https://ctsv.uit.edu.vn/sites/default/files/uploads/files/202601/1526_qd_dhcntt09_12_2025_scan.pdf,manifested,True,,
https://ctsv.uit.edu.vn/bai-viet/quyet-dinh-so-15272025-cu-nghien-cuu-sinh-du-hoi-nghi-mmm-2026-va-tham-gia-cuoc-thi-vbs,https://ctsv.uit.edu.vn/sites/default/files/uploads/files/202601/1527_qd_dhcntt09_12_2025_scan.pdf,manifested,True,,
https://ctsv.uit.edu.vn/bai-viet/quyet-dinh-so-15292025-cap-hoc-bong-khuyen-khich-hoc-tap-hk2-nam-hoc-2024-2025-cho-sinh,https://ctsv.uit.edu.vn/sites/default/files/uploads/files/202601/1529_qd_dhcntt09_12_2025_scan.pdf,manifested,True,,
https://ctsv.uit.edu.vn/bai-viet/quyet-dinh-so-15302025-cap-hoc-bong-toan-dien-sang-tao-phung-su-cho-sinh-vien-chuong-trinh,https://ctsv.uit.edu.vn/sites/default/files/uploads/files/202601/1530_qd_dhcntt09_12_2025_scan.pdf,manifested,True,,
https://ctsv.uit.edu.vn/bai-viet/quyet-dinh-so-15532024-trao-hoc-bong-uit-global-thang-10-11-nam-2024-0,https://ctsv.uit.edu.vn/sites/default/files/uploads/files/202501/1553_qd_dhcntt17_12_2024_scan.pdf,manifested,True,,
https://ctsv.uit.edu.vn/bai-viet/quyet-dinh-so-15572025-khen-thuong-giang-vien-huong-dan-va-sinh-vien-dat-thanh-tich-cao-tai,https://ctsv.uit.edu.vn/sites/default/files/uploads/files/202601/1557_qd_dhcntt15_12_2025_scan.pdf,manifested,True,,
https://ctsv.uit.edu.vn/bai-viet/quyet-dinh-so-15732025-tang-giay-khen-cho-hoc-vien-dat-thanh-tich-cao-ky-tuyen-sinh-chuong,https://ctsv.uit.edu.vn/sites/default/files/uploads/files/202601/1573_qd_dhcntt17_12_2025_scan.pdf,manifested,True,,
https://ctsv.uit.edu.vn/bai-viet/quyet-dinh-so-15832025-trao-hoc-bong-cho-sinh-vien-dat-danh-hieu-thu-khoa-ky-tuyen-sinh-dai,https://ctsv.uit.edu.vn/sites/default/files/uploads/files/202601/1583_qd_dhcntt18_12_2025_scan.pdf,manifested,True,,
https://ctsv.uit.edu.vn/bai-viet/quyet-dinh-so-15912024-khen-thuong-giang-vien-huong-dan-sinh-vien-dat-giai-trong-cuoc-thi-0,https://ctsv.uit.edu.vn/sites/default/files/uploads/files/202501/1591_qd_dhcntt23_12_2024_scan.pdf,manifested,True,,
https://ctsv.uit.edu.vn/bai-viet/quyet-dinh-so-1592023-trao-hoc-bong-uit-global-thang-01-nam-2023,https://ctsv.uit.edu.vn/sites/default/files/202303/159_qd_dhcntt01_03_2023_scan.pdf,manifested,True,,
https://ctsv.uit.edu.vn/bai-viet/quyet-dinh-so-15922024-khen-thuong-giang-vien-huong-dan-sinh-vien-dat-giai-trong-cuoc-thi-0,https://ctsv.uit.edu.vn/sites/default/files/uploads/files/202501/1592_qd_dhcntt23_12_2024_scan.pdf,manifested,True,,
https://ctsv.uit.edu.vn/bai-viet/quyet-dinh-so-15932024-khen-thuong-giang-vien-huong-dan-sinh-vien-dat-giai-trong-cuoc-thi-0,https://ctsv.uit.edu.vn/sites/default/files/uploads/files/202501/1593_qd_dhcntt23_12_2024_scan.pdf,manifested,True,,
https://ctsv.uit.edu.vn/bai-viet/quyet-dinh-so-15942024-khen-thuong-giang-vien-huong-dan-sinh-vien-dat-giai-trong-cuoc-thi-0,https://ctsv.uit.edu.vn/sites/default/files/uploads/files/202501/1594_qd_dhcntt23_12_2024_scan.pdf,manifested,True,,
https://ctsv.uit.edu.vn/bai-viet/quyet-dinh-so-15952024-khen-thuong-giang-vien-huong-dan-sinh-vien-dat-giai-trong-cuoc-thi-0,https://ctsv.uit.edu.vn/sites/default/files/uploads/files/202501/1595_qd_dhcntt23_12_2024_scan.pdf,manifested,True,,
https://ctsv.uit.edu.vn/bai-viet/quyet-dinh-so-15962024-khen-thuong-giang-vien-huong-dan-sinh-vien-dat-giai-trong-cuoc-thi-0,https://ctsv.uit.edu.vn/sites/default/files/uploads/files/202501/1596_qd_dhcntt23_12_2024_scan.pdf,manifested,True,,
https://ctsv.uit.edu.vn/bai-viet/quyet-dinh-so-1602025-trao-hoc-bong-rosen-nam-2024,https://ctsv.uit.edu.vn/sites/default/files/uploads/files/202504/160_qd_dhcntt25_02_2025_scan.pdf,manifested,True,,
https://ctsv.uit.edu.vn/bai-viet/quyet-dinh-so-16032025-tang-giay-khen-tap-ca-nhan-dat-thanh-tich-xuat-sac-trong-cong-tac,https://ctsv.uit.edu.vn/sites/default/files/uploads/files/202601/1603_qd_dhcntt23_12_2025_scan.pdf,manifested,True,,
https://ctsv.uit.edu.vn/bai-viet/quyet-dinh-so-16092025-trao-hoc-bong-tai-tro-cho-tan-sinh-vien-khoa-2025,https://ctsv.uit.edu.vn/sites/default/files/uploads/files/202601/1609_qd_dhcntt24_12_2025_scan.pdf,manifested,True,,
https://ctsv.uit.edu.vn/bai-viet/quyet-dinh-so-16192025-khen-thuong-giang-vien-huong-dan-va-sinh-vien-dat-thanh-tich-cao-tai,https://ctsv.uit.edu.vn/sites/default/files/uploads/files/202601/1619_qd_dhcntt24_12_2025_scan.pdf,manifested,True,,
https://ctsv.uit.edu.vn/bai-viet/quyet-dinh-so-162022-tang-giay-khen-cho-sinh-vien-nganh-thuong-mai-dien-tu-dat-thanh-tich,https://ctsv.uit.edu.vn/sites/default/files/202201/16_qd_dhcntt05_01_2022_scan.pdf,manifested,True,,
https://ctsv.uit.edu.vn/bai-viet/quyet-dinh-so-1622017-thanh-lap-ban-chuc-hoi-nghi-sinh-vien-nam-hoc-2016-2017,https://ctsv.uit.edu.vn/sites/default/files/201710/162-qd-dhcntt_04-4-2017.scan_.pdf,manifested,True,,
https://ctsv.uit.edu.vn/bai-viet/quyet-dinh-so-16222025-trao-hoc-bong-uit-global,https://ctsv.uit.edu.vn/sites/default/files/uploads/files/202601/1622_qd_dhcntt25_12_2025_scan.pdf,manifested,True,,
https://ctsv.uit.edu.vn/bai-viet/quyet-dinh-so-16292025-cap-hoc-bong-toan-dien-sang-tao-phung-su-khoa-202220232024,https://ctsv.uit.edu.vn/sites/default/files/uploads/files/202601/1629_qd_dhcntt26_12_2025_scan.pdf,manifested,True,,
https://ctsv.uit.edu.vn/bai-viet/quyet-dinh-so-1632021-thay-doi-cvht-lop-ktpm0001-ks-quan-chi-khanh,https://ctsv.uit.edu.vn/sites/default/files/202104/163_qd_dhcntt24_03_2021_scan.pdf,manifested,True,,
https://ctsv.uit.edu.vn/bai-viet/quyet-dinh-so-1642021-thanh-lap-btc-cac-hoat-dong-duc-thao-sinh-vien-nam-2021,https://ctsv.uit.edu.vn/sites/default/files/202105/164_qd_dhcntt24_03_2021_scan.pdf,manifested,True,,
https://ctsv.uit.edu.vn/bai-viet/quyet-dinh-so-1642025-cu-sinh-vien-tham-gia-ky-thi-icpc-asia-pacific-championship-2025-tai,https://ctsv.uit.edu.vn/sites/default/files/uploads/files/202504/164_qd_dhcntt26_02_2025_scan.pdf,manifested,True,,
https://ctsv.uit.edu.vn/bai-viet/quyet-dinh-so-1662023-mien-giam-hoc-phi-cho-sinh-vien-hk2-dot-1-nam-2022-2023,https://ctsv.uit.edu.vn/sites/default/files/202303/166_qd_dhcntt07_3_2023_scan.pdf,manifested,True,,
https://ctsv.uit.edu.vn/bai-viet/quyet-dinh-so-1702024-giai-lop-atbc2023,https://ctsv.uit.edu.vn/sites/default/files/uploads/files/202403/170_qd_dhcntt06_03_2024_scan.pdf,manifested,True,,
https://ctsv.uit.edu.vn/bai-viet/quyet-dinh-so-172016-khen-thuong-sinh-vien-dat-giai-ba-ky-thi-olympic-toan-hoc-sinh-vien,https://ctsv.uit.edu.vn/sites/default/files/201605/17_qd_dhcntt_ctsv04_5_2016_scan.pdf,manifested,True,,
https://ctsv.uit.edu.vn/bai-viet/quyet-dinh-so-1722018-cu-sinh-vien-tham-du-ky-thi-olympic-toan-hoc-sinh-vien-va-hoc-sinh,https://ctsv.uit.edu.vn/sites/default/files/201803/172_qd_dhcntt27_3_2018_scan.pdf,manifested,True,,
https://ctsv.uit.edu.vn/bai-viet/quyet-dinh-so-1722024-cong-tac-co-van-hoc-tap-lop-cnt220232,https://ctsv.uit.edu.vn/sites/default/files/uploads/files/202403/172_qd_dhcntt06_03_2024_scan.pdf,manifested,True,,
https://ctsv.uit.edu.vn/bai-viet/quyet-dinh-so-1732024-trao-hoc-bong-uit-global-thang-01-nam-2024,https://ctsv.uit.edu.vn/sites/default/files/uploads/files/202403/173_qd_dhcntt06_03_2024_scan.pdf,manifested,True,,
https://ctsv.uit.edu.vn/bai-viet/quyet-dinh-so-1772023-tang-giay-khen-cho-sinh-vien-dat-thanh-tich-trong-cuoc-thi-lap-trinh,https://ctsv.uit.edu.vn/sites/default/files/202303/177_qd_dhcntt13_3_2023_scan.pdf,manifested,True,,
https://ctsv.uit.edu.vn/bai-viet/quyet-dinh-so-1782022-trao-hoc-bong-khuyen-khich-hoc-tap-cho-hoc-vien-sau-dai-hoc-nam-2022,https://ctsv.uit.edu.vn/sites/default/files/202206/178_qd_dhcntt30_3_2022_scan.pdf,manifested,True,,
https://ctsv.uit.edu.vn/bai-viet/quyet-dinh-so-1782023-khen-thuong-cho-giang-vien-huan-luyen-sinh-vien-dat-giai-cuoc-thi,https://ctsv.uit.edu.vn/sites/default/files/202303/178_qd_dhcntt13_3_2023_scan.pdf,manifested,True,,
https://ctsv.uit.edu.vn/bai-viet/quyet-dinh-so-1792023-trao-hoc-bong-tai-tro-cho-sinh-vien-chuong-trinh-hoc-bong-gems,https://ctsv.uit.edu.vn/sites/default/files/202303/179_qd_dhcntt13_3_2023_scan.pdf,manifested,True,,
https://ctsv.uit.edu.vn/bai-viet/quyet-dinh-so-1812017-khen-thuong-sinh-vien-dat-thanh-tich-cao-trong-ky-thi-olympic-toan,https://ctsv.uit.edu.vn/sites/default/files/201710/181-qd-dhcntt17-4-2017.scan_.pdf,manifested,True,,
https://ctsv.uit.edu.vn/bai-viet/quyet-dinh-so-182016-ky-luat-sinh-vien-nam-2016nguyen-dang-thai07520313,https://ctsv.uit.edu.vn/sites/default/files/201605/18_qd_dhcntt_ctsv04_5_2016_scan.pdf,manifested,True,,
https://ctsv.uit.edu.vn/bai-viet/quyet-dinh-so-1852020-trao-hoc-bong-gems-university-2020-dot-2,https://ctsv.uit.edu.vn/sites/default/files/202005/185_qd_dhcntt05_05_2020_scan.pdf,manifested,True,,
https://ctsv.uit.edu.vn/bai-viet/quyet-dinh-so-1872019-cong-nhan-ket-qua-danh-gia-drl-sv-hoc-ky-1-nam-hoc-2018-2019,https://ctsv.uit.edu.vn/sites/default/files/201904/187_qd_dhcntt_09_4_2019_scan.pdf,manifested,True,,
https://ctsv.uit.edu.vn/bai-viet/quyet-dinh-so-1882022-trao-hoc-bong-uit-global-thang-3-nam-2022,https://ctsv.uit.edu.vn/sites/default/files/202206/188_qd_dhcntt31_3_2022_scan.pdf,manifested,True,,
https://ctsv.uit.edu.vn/bai-viet/quyet-dinh-so-1882025-mien-giam-hoc-phi-cho-sinh-vien-hk2-nh-2024-2025,https://ctsv.uit.edu.vn/sites/default/files/uploads/files/202504/188_qd_dhcntt25_02_2025_scan.pdf,manifested,True,,
https://ctsv.uit.edu.vn/bai-viet/quyet-dinh-so-1892025-tro-cap-xa-hoi-cho-sinh-vien-hk2-nh-2024-2025,https://ctsv.uit.edu.vn/sites/default/files/uploads/files/202504/189_qd_dhcntt03_03_2025_scan.pdf,manifested,True,,
https://ctsv.uit.edu.vn/bai-viet/quyet-dinh-so-1902025-ho-tro-chi-phi-hoc-tap-cho-sinh-vien-dan-toc-thieu-so-hk2-nh-2024,https://ctsv.uit.edu.vn/sites/default/files/uploads/files/202504/190_qd_dhcntt03_03_2025_scan.pdf,manifested,True,,
https://ctsv.uit.edu.vn/bai-viet/quyet-dinh-so-192016-thanh-lap-hoi-dong-xet-mien-giam-hoc-phi-tro-cap-xa-hoi-hkii-nam-hoc,https://ctsv.uit.edu.vn/sites/default/files/201605/19_qd_dhcntt_ctsv10_5_2016_scan.pdf,manifested,True,,
https://ctsv.uit.edu.vn/bai-viet/quyet-dinh-so-1921931951962024-che-do-chinh-sach-hk2-nam-hoc-2023-2024,https://ctsv.uit.edu.vn/sites/default/files/uploads/files/202403/192_qd_dhcntt14_03_2024_scan.pdf,manifested,True,,
https://ctsv.uit.edu.vn/bai-viet/quyet-dinh-so-1921931951962024-che-do-chinh-sach-hk2-nam-hoc-2023-2024,https://ctsv.uit.edu.vn/sites/default/files/uploads/files/202403/193_qd_dhcntt14_03_2024_scan.pdf,manifested,True,,
https://ctsv.uit.edu.vn/bai-viet/quyet-dinh-so-1921931951962024-che-do-chinh-sach-hk2-nam-hoc-2023-2024,https://ctsv.uit.edu.vn/sites/default/files/uploads/files/202403/195_qd_dhcntt14_03_2024_scan.pdf,manifested,True,,
https://ctsv.uit.edu.vn/bai-viet/quyet-dinh-so-1921931951962024-che-do-chinh-sach-hk2-nam-hoc-2023-2024,https://ctsv.uit.edu.vn/sites/default/files/uploads/files/202403/196_qd_dhcntt14_03_2024_scan.pdf,manifested,True,,
https://ctsv.uit.edu.vn/bai-viet/quyet-dinh-so-1942017-mien-giam-hoc-phi-cho-sinh-vien-hk2-nam-hoc-2016-2017,https://ctsv.uit.edu.vn/sites/default/files/201706/194-qd-dhcntt_19-4-2017._scan.pdf,manifested,True,,
https://ctsv.uit.edu.vn/bai-viet/quyet-dinh-so-1952017-tro-cap-xa-hoi-cho-sinh-vien-hk2-nam-hoc-2016-2017,https://ctsv.uit.edu.vn/sites/default/files/201706/195-qd-dhcntt19-4-2017.scan_.pdf,manifested,True,,
https://ctsv.uit.edu.vn/bai-viet/quyet-dinh-so-1962017-ho-tro-chinh-sach-hoc-bong-va-chi-phi-mua-do-dung-hoc-tap-cho-sinh,https://ctsv.uit.edu.vn/sites/default/files/201706/196-qd-dhcntt_19-4-2017.scan_.pdf,manifested,True,,
https://ctsv.uit.edu.vn/bai-viet/quyet-dinh-so-1972017-cap-ho-tro-chi-phi-hoc-tap-cho-sinh-vien-dan-toc-thieu-so-hk2-nam-hoc,https://ctsv.uit.edu.vn/sites/default/files/201706/197-qd-dhcntt_19-4-2017.scan_.pdf,manifested,True,,
https://ctsv.uit.edu.vn/bai-viet/quyet-dinh-so-1972017-ho-tro-chi-phi-hoc-tap-cho-sinh-vien-dan-toc-thieu-so-hoc-ky-2-nam,https://ctsv.uit.edu.vn/sites/default/files/201710/197-qd-dhcntt_19-4-2017.scan_.pdf,manifested,True,,
https://ctsv.uit.edu.vn/bai-viet/quyet-dinh-so-1972023-cu-sinh-vien-tham-gia-olympic-toan-sinh-vien-va-hoc-sinh-toan-quoc,https://ctsv.uit.edu.vn/sites/default/files/202303/197_qd_dhcntt16_3_2023_scan.pdf,manifested,True,,
https://ctsv.uit.edu.vn/bai-viet/quyet-dinh-so-202016-thanh-lap-ban-chi-dao-ban-chuc-le-tot-nghiep-va-trao-bang-thac-si-ky,https://ctsv.uit.edu.vn/sites/default/files/201605/20_qd_dhcntt_ctsv15_5_2016_scan.pdf,manifested,True,,
https://ctsv.uit.edu.vn/bai-viet/quyet-dinh-so-2032025-trao-hoc-bong-uit-global-thang-12-nam-2024,https://ctsv.uit.edu.vn/sites/default/files/uploads/files/202504/203_qd_dhcntt06_03_2025_scan.pdf,manifested,True,,
https://ctsv.uit.edu.vn/bai-viet/quyet-dinh-so-2042025-trao-hoc-bong-uit-global-thang-01-nam-2025,https://ctsv.uit.edu.vn/sites/default/files/uploads/files/202504/204_qd_dhcntt06_03_2025_scan.pdf,manifested,True,,
https://ctsv.uit.edu.vn/bai-viet/quyet-dinh-so-2052025-trao-hoc-bong-uit-global-khoa-2024,https://ctsv.uit.edu.vn/sites/default/files/uploads/files/202504/205_qd_dhcntt06_03_2025_scan.pdf,manifested,True,,
https://ctsv.uit.edu.vn/bai-viet/quyet-dinh-so-2072019-khen-thuong-sinh-vien-tham-gia-va-dat-giai-ky-thi-olympic-toan-hoc,https://ctsv.uit.edu.vn/sites/default/files/201905/207_qd_dhcntt16_04_2019_scan.pdf,manifested,True,,
https://ctsv.uit.edu.vn/bai-viet/quyet-dinh-so-2062025-thu-hoi-hoc-bong-doi-voi-sinh-vien-nhan-hoc-bong-uit-global,https://ctsv.uit.edu.vn/sites/default/files/uploads/files/202504/206_qd_dhcntt06_03_2025_scan.pdf,manifested,True,,
https://ctsv.uit.edu.vn/bai-viet/quyet-dinh-so-2072023-trao-hoc-bong-uit-global-thang-02-nam-2023,https://ctsv.uit.edu.vn/sites/default/files/202304/207_qd_dhcntt20_3_2023_scan.pdf,manifested,True,,
https://ctsv.uit.edu.vn/bai-viet/quyet-dinh-so-2082017-khen-thuong-sinh-vien-dat-thanh-tich-cao-trong-cuoc-thi-nha-sang-0,https://ctsv.uit.edu.vn/sites/default/files/201710/208-qd-dhcntt_20-4-2017.scan_.pdf,manifested,True,,
https://ctsv.uit.edu.vn/bai-viet/quyet-dinh-so-2082017-khen-thuong-sinh-vien-dat-thanh-tich-cao-trong-cuoc-thi-nha-sang-tao,https://ctsv.uit.edu.vn/sites/default/files/201706/208-qd-dhcntt_20-4-2017.scan_.pdf,manifested,True,,
https://ctsv.uit.edu.vn/bai-viet/quyet-dinh-so-2082019-tang-giay-khen-cho-sinh-vien-dat-huy-chuong-mon-co-vua-co-tuong-hoi,https://ctsv.uit.edu.vn/sites/default/files/201905/208_qd_dhcntt16_04_2019_scan.pdf,manifested,True,,
https://ctsv.uit.edu.vn/bai-viet/quyet-dinh-so-2092017-khen-thuong-giang-vien-huong-dan-sinh-vien-dat-thanh-tich-cao-trong,https://ctsv.uit.edu.vn/sites/default/files/201706/209-qd-dhcntt_24-4-2017.scan_.pdf,manifested,True,,
https://ctsv.uit.edu.vn/bai-viet/quyet-dinh-so-2092017-khen-thuong-giang-vien-huong-dan-sinh-vien-dat-thanh-tich-cao-trong-0,https://ctsv.uit.edu.vn/sites/default/files/201710/209-qd-dhcntt_24-4-2017.scan_.pdf,manifested,True,,
https://ctsv.uit.edu.vn/bai-viet/quyet-dinh-so-2102017-thanh-lap-hoi-dong-xet-duyet-hoc-bong-khuyen-khich-hoc-tap-nam-2017,https://ctsv.uit.edu.vn/sites/default/files/201706/210-qd-dhcntt_24-4-2017._scan.pdf,manifested,True,,
https://ctsv.uit.edu.vn/bai-viet/quyet-dinh-so-2102017-thanh-lap-hoi-dong-xet-duyet-hoc-bong-kkht-2017,https://ctsv.uit.edu.vn/sites/default/files/201710/210-qd-dhcntt_24-4-2017._scan.pdf,manifested,True,,
https://ctsv.uit.edu.vn/bai-viet/quyet-dinh-so-2112017-cong-nhan-kq-danh-gia-drl-sinh-vien-hk1-nh-2016-2017,https://ctsv.uit.edu.vn/sites/default/files/201704/qd_so_2112017_kq_drl_sv_hk1_2016-2017.pdf,manifested,True,,
https://ctsv.uit.edu.vn/bai-viet/quyet-dinh-so-2112017-cong-nhan-kq-danh-gia-drl-sinh-vien-hk1-nh-2016-2017,https://ctsv.uit.edu.vn/sites/default/files/201704/211_qd_dhcntt24_4_2017.pdf,manifested,True,,
https://ctsv.uit.edu.vn/bai-viet/quyet-dinh-so-212016-cong-tac-co-van-hoc-tap-khoa-2011,https://ctsv.uit.edu.vn/sites/default/files/201605/21_qd_dhcntt_ctsv19_5_2016_scan.pdf,manifested,True,,
https://ctsv.uit.edu.vn/bai-viet/quyet-dinh-so-2152017-cu-sinh-vien-tham-gia-chuong-trinh-nha-lanh-dao-tuong-lai-nam-2017,https://ctsv.uit.edu.vn/sites/default/files/201706/215-qd-dhcntt_26-4-2017.scan_.pdf,manifested,True,,
https://ctsv.uit.edu.vn/bai-viet/quyet-dinh-so-2172025-trao-hoc-bong-tai-tro-cho-sinh-vien-chuong-trinh-hoc-bong-gems,https://ctsv.uit.edu.vn/sites/default/files/uploads/files/202504/217_qd_dhcntt10_03_2025_scan.pdf,manifested,True,,
https://ctsv.uit.edu.vn/bai-viet/quyet-dinh-so-2182020-trao-hoc-bong-khuyen-khich-hoc-tap-cho-hoc-vien-co-thanh-tich-cao,https://ctsv.uit.edu.vn/sites/default/files/202005/218_qd_dhcntt19_05_2020_scan.pdf,manifested,True,,
https://ctsv.uit.edu.vn/bai-viet/quyet-dinh-so-2182192202212018-ho-tro-chinh-sach-hoc-ky-2-nam-hoc-2017-2018,https://ctsv.uit.edu.vn/sites/default/files/201804/218_qd_dhcntt10_4_2018_scan.pdf,manifested,True,,
https://ctsv.uit.edu.vn/bai-viet/quyet-dinh-so-2182192202212018-ho-tro-chinh-sach-hoc-ky-2-nam-hoc-2017-2018,https://ctsv.uit.edu.vn/sites/default/files/201804/219_qd_dhcntt10_4_2018_scan.pdf,manifested,True,,
https://ctsv.uit.edu.vn/bai-viet/quyet-dinh-so-2182192202212018-ho-tro-chinh-sach-hoc-ky-2-nam-hoc-2017-2018,https://ctsv.uit.edu.vn/sites/default/files/201804/220_qd_dhcntt10_4_2018_scan.pdf,manifested,True,,
https://ctsv.uit.edu.vn/bai-viet/quyet-dinh-so-2182192202212018-ho-tro-chinh-sach-hoc-ky-2-nam-hoc-2017-2018,https://ctsv.uit.edu.vn/sites/default/files/201804/221_qd_dhcntt10_4_2018_scan.pdf,manifested,True,,
https://ctsv.uit.edu.vn/bai-viet/quyet-dinh-so-2282019-mien-giam-hoc-phi-cho-sinh-vien-hk2-2018-2019,https://ctsv.uit.edu.vn/sites/default/files/201905/228_qd_dhcntt25_4_2019_scan.pdf,manifested,True,,
https://ctsv.uit.edu.vn/bai-viet/quyet-dinh-so-2292019-tro-cap-xa-hoi-cho-sinh-vien-hk2-2018-2019,https://ctsv.uit.edu.vn/sites/default/files/201905/229_qd_dhcntt25_4_2019_scan.pdf,manifested,True,,
https://ctsv.uit.edu.vn/bai-viet/quyet-dinh-so-2302019-ho-tro-chinh-sach-hoc-bong-va-chi-phi-mua-do-dung-hoc-tap-cho-sinh,https://ctsv.uit.edu.vn/sites/default/files/201905/230_qd_dhcntt25_4_2019_scan.pdf,manifested,True,,
https://ctsv.uit.edu.vn/bai-viet/quyet-dinh-so-2312019-ho-tro-chi-phi-hoc-tap-cho-sinh-vien-dan-toc-thieu-so-hk2-2018-2019,https://ctsv.uit.edu.vn/sites/default/files/201905/231_qd_dhcntt25_4_2019_scan.pdf,manifested,True,,
https://ctsv.uit.edu.vn/bai-viet/quyet-dinh-so-232020-khen-thuong-sinh-vien-dat-giai-trong-cuoc-thi-hoa-khoi-du-lich-dong,https://ctsv.uit.edu.vn/sites/default/files/202002/23_qd_dhcntt10_01_2020_scan.pdf,manifested,True,,
https://ctsv.uit.edu.vn/bai-viet/quyet-dinh-so-2322022-cu-sinh-vien-tham-gia-olympic-toan-hoc-sinh-vien-va-hoc-sinh-toan,https://ctsv.uit.edu.vn/sites/default/files/202206/232_qd_dhcntt12_4_2022_scan.pdf,manifested,True,,
https://ctsv.uit.edu.vn/bai-viet/quyet-dinh-so-232425262016-sinh-vien-huong-che-do-mien-giam-hoc-phi-hoc-ky-2-nam-hoc-2015,https://ctsv.uit.edu.vn/sites/default/files/201605/25_qd_dhcntt_ctsv23_5_2016_scan.pdf,manifested,True,,
https://ctsv.uit.edu.vn/bai-viet/quyet-dinh-so-232425262016-sinh-vien-huong-che-do-mien-giam-hoc-phi-hoc-ky-2-nam-hoc-2015,https://ctsv.uit.edu.vn/sites/default/files/201605/26_qd_dhcntt_ctsv23_5_2016.scan_.pdf,manifested,True,,
https://ctsv.uit.edu.vn/bai-viet/quyet-dinh-so-232425262016-sinh-vien-huong-che-do-mien-giam-hoc-phi-hoc-ky-2-nam-hoc-2015,https://ctsv.uit.edu.vn/sites/default/files/201605/23_qd_dhcntt_ctsv23_5_2016_scan.pdf,manifested,True,,
https://ctsv.uit.edu.vn/bai-viet/quyet-dinh-so-232425262016-sinh-vien-huong-che-do-mien-giam-hoc-phi-hoc-ky-2-nam-hoc-2015,https://ctsv.uit.edu.vn/sites/default/files/201606/24_qd_dhcntt_ctsv23_5_2016_scan.pdf,manifested,True,,
https://ctsv.uit.edu.vn/bai-viet/quyet-dinh-so-2362017-khen-thuong-ca-nhan-co-dong-gop-tich-cuc-trong-cong-tac-doan-va-phong,https://ctsv.uit.edu.vn/sites/default/files/201706/236_qd_dhcntt_10_5_2017.scan_.pdf,manifested,True,,
https://ctsv.uit.edu.vn/bai-viet/quyet-dinh-so-2402022-tang-giay-khen-sinh-vien-dat-thanh-tich-trong-cuoc-thi-lap-trinh-xe,https://ctsv.uit.edu.vn/sites/default/files/202206/240_qd_dhcntt14_4_2022_scan.pdf,manifested,True,,
https://ctsv.uit.edu.vn/bai-viet/quyet-dinh-so-2412024-cong-nhan-ket-qua-danh-gia-diem-ren-luyen-sinh-vien-hk1-nam-hoc-2023,https://ctsv.uit.edu.vn/sites/default/files/uploads/files/202404/241_qd_dhcntt22_03_2024_scan.pdf,manifested,True,,
https://ctsv.uit.edu.vn/bai-viet/quyet-dinh-so-242015-trao-hoc-bong-tuyen-sinh-nam-2015,https://ctsv.uit.edu.vn/sites/default/files/201509/24_qd_dhcntt_ctsv_01_9_2015.pdf,manifested,True,,
https://ctsv.uit.edu.vn/bai-viet/quyet-dinh-so-242020-khen-thuong-sinh-vien-5-tot-tieu-bieu-sinh-vien-5-tot-nhieu-nam-lien,https://ctsv.uit.edu.vn/sites/default/files/202002/24_qd_dhcntt10_01_2020_scan.pdf,manifested,True,,
https://ctsv.uit.edu.vn/bai-viet/quyet-dinh-so-2442020-cong-nhan-ket-qua-danh-gia-diem-ren-luyen-sinh-vien-hoc-ky-1-nam-hoc,https://ctsv.uit.edu.vn/sites/default/files/202005/244_qd_dhcntt27_05_2020_scan.pdf,manifested,True,,
https://ctsv.uit.edu.vn/bai-viet/quyet-dinh-so-2452017-cap-hoc-bong-kkht-hoc-ky-1-nam-hoc-2016-2017-cho-sinh-vien-he-chinh,https://ctsv.uit.edu.vn/sites/default/files/201706/245_qd_dhcntt_15_5_2017._scan.pdf,manifested,True,,
https://ctsv.uit.edu.vn/bai-viet/quyet-dinh-so-2452023-trao-hoc-bong-uit-global-cho-sinh-vien-khoa-2022-tu-nguon-tai-tro-cua,https://ctsv.uit.edu.vn/sites/default/files/202304/245_qd_dhcntt29_03_2023_scan.pdf,manifested,True,,
https://ctsv.uit.edu.vn/bai-viet/quyet-dinh-so-2452024-cu-sinh-vien-tham-gia-cuoc-thi-bosch-future-mobility-challenge-2024,https://ctsv.uit.edu.vn/sites/default/files/uploads/files/202404/245_qd_dhcntt22_03_2024_scan.pdf,manifested,True,,
https://ctsv.uit.edu.vn/bai-viet/quyet-dinh-so-2452026-trao-hoc-bong-uit-global-thang-1-va-2-nam-2026,https://ctsv.uit.edu.vn/sites/default/files/uploads/files/202604/245_qd_dhcntt16_03_2026_scan.pdf,manifested,True,,
https://ctsv.uit.edu.vn/bai-viet/quyet-dinh-so-2462023-trao-hoc-bong-rosen-nam-hoc-2022-2023,https://ctsv.uit.edu.vn/sites/default/files/202304/246_qd_dhcntt29_03_2023_scan.pdf,manifested,True,,
https://ctsv.uit.edu.vn/bai-viet/quyet-dinh-so-2462024-trao-hoc-bong-tai-tro-cho-sinh-vien-chuong-trinh-hoc-bong-gems,https://ctsv.uit.edu.vn/sites/default/files/uploads/files/202404/246_qd_dhcntt22_03_2024_scan.pdf,manifested,True,,
https://ctsv.uit.edu.vn/bai-viet/quyet-dinh-so-2462026-trao-hoc-bong-uit-global-khoa-2025,https://ctsv.uit.edu.vn/sites/default/files/uploads/files/202604/246_qd_dhcntt16_03_2026_scan.pdf,manifested,True,,
https://ctsv.uit.edu.vn/bai-viet/quyet-dinh-so-247-248-249-2502021-che-do-chinh-sach-hoc-ky-2-nam-hoc-2020-2021,https://ctsv.uit.edu.vn/sites/default/files/202104/247-qd-dhcntt_23-4-2021.pdf,manifested,True,,
https://ctsv.uit.edu.vn/bai-viet/quyet-dinh-so-247-248-249-2502021-che-do-chinh-sach-hoc-ky-2-nam-hoc-2020-2021,https://ctsv.uit.edu.vn/sites/default/files/202104/248-qd-dhcntt_23-4-2021.pdf,manifested,True,,
https://ctsv.uit.edu.vn/bai-viet/quyet-dinh-so-247-248-249-2502021-che-do-chinh-sach-hoc-ky-2-nam-hoc-2020-2021,https://ctsv.uit.edu.vn/sites/default/files/202104/249-qd-dhcntt_23-4-2021.pdf,manifested,True,,
https://ctsv.uit.edu.vn/bai-viet/quyet-dinh-so-247-248-249-2502021-che-do-chinh-sach-hoc-ky-2-nam-hoc-2020-2021,https://ctsv.uit.edu.vn/sites/default/files/202104/250-qd-dhcntt_23-4-2021.pdf,manifested,True,,
https://ctsv.uit.edu.vn/bai-viet/quyet-dinh-so-2472023-cong-tac-co-van-hoc-tap-lop-tmdt2021,https://ctsv.uit.edu.vn/sites/default/files/202304/247_qd_dhcntt29_03_2023_scan.pdf,manifested,True,,
https://ctsv.uit.edu.vn/bai-viet/quyet-dinh-so-2472482492502021-che-do-chinh-sach-cho-sinh-vien-hoc-ky-2-nam-hoc-2020-2021,https://ctsv.uit.edu.vn/sites/default/files/202105/248_qd_dhcntt23_04_2021_scan.pdf,manifested,True,,
https://ctsv.uit.edu.vn/bai-viet/quyet-dinh-so-2472482492502021-che-do-chinh-sach-cho-sinh-vien-hoc-ky-2-nam-hoc-2020-2021,https://ctsv.uit.edu.vn/sites/default/files/202105/247_qd_dhcntt23_04_2021_scan.pdf,manifested,True,,
https://ctsv.uit.edu.vn/bai-viet/quyet-dinh-so-2472482492502021-che-do-chinh-sach-cho-sinh-vien-hoc-ky-2-nam-hoc-2020-2021,https://ctsv.uit.edu.vn/sites/default/files/202105/249_qd_dhcntt23_04_2021_scan.pdf,manifested,True,,
https://ctsv.uit.edu.vn/bai-viet/quyet-dinh-so-2472482492502021-che-do-chinh-sach-cho-sinh-vien-hoc-ky-2-nam-hoc-2020-2021,https://ctsv.uit.edu.vn/sites/default/files/202105/250_qd_dhcntt23_04_2021_scan.pdf,manifested,True,,
https://ctsv.uit.edu.vn/bai-viet/quyet-dinh-so-2482023-cong-tac-co-van-hoc-tap-lop-cncl2019,https://ctsv.uit.edu.vn/sites/default/files/202304/248_qd_dhcntt29_03_2023_scan.pdf,manifested,True,,
https://ctsv.uit.edu.vn/bai-viet/quyet-dinh-so-2492023-cong-tac-co-van-hoc-tap-lop-tmdt20222,https://ctsv.uit.edu.vn/sites/default/files/202304/249_qd_dhcntt29_03_2023_scan.pdf,manifested,True,,
https://ctsv.uit.edu.vn/bai-viet/quyet-dinh-so-2502018-khen-thuong-doi-tuyen-dat-thanh-tich-cao-trong-cuoc-thi-sinh-vien-voi,https://ctsv.uit.edu.vn/sites/default/files/201804/250_qd_dhcntt26_4_2018_scan.pdf,manifested,True,,
https://ctsv.uit.edu.vn/bai-viet/quyet-dinh-so-2512018-khen-thuong-doi-tuyen-dat-thanh-tich-cao-trong-ky-thi-olympic-toan,https://ctsv.uit.edu.vn/sites/default/files/201804/251_qd_dhcntt26_4_2018_scan.pdf,manifested,True,,
https://ctsv.uit.edu.vn/bai-viet/quyet-dinh-so-2512021-cu-sinh-vien-tham-gia-olympic-toan-hoc-sinh-vien-va-hoc-sinh-nam-2021,https://ctsv.uit.edu.vn/sites/default/files/202105/251_qd_dhcntt23_04_2021_scan.pdf,manifested,True,,
https://ctsv.uit.edu.vn/bai-viet/quyet-dinh-so-252015-khen-thuong-thu-khoa-khoa-ky-tuyen-sinh-dai-hoc-chinh-quy-nam-2015,https://ctsv.uit.edu.vn/sites/default/files/201509/25_qd_dhcntt_ctsv_01_9_2015.pdf,manifested,True,,
https://ctsv.uit.edu.vn/bai-viet/quyet-dinh-so-2532022-thanh-lap-ban-chi-dao-ban-chuc-le-tot-nghiep-va-trao-bang-tien-si,https://ctsv.uit.edu.vn/sites/default/files/202206/253_qd_dhcntt22_4_2022_scan.pdf,manifested,True,,
https://ctsv.uit.edu.vn/bai-viet/quyet-dinh-so-2542022-quyet-dinh-ve-viec-ban-hanh-qui-dinh-ve-viec-xet-cap-hoc-bong-khuyen,https://ctsv.uit.edu.vn/sites/default/files/202204/254_qd_dhcntt_22_4_2022_0.pdf,manifested,True,,
https://ctsv.uit.edu.vn/bai-viet/quyet-dinh-so-2552022-quyet-dinh-ve-viec-ban-hanh-qui-dinh-ve-viec-xet-cap-hoc-bong-hoc,https://ctsv.uit.edu.vn/sites/default/files/202204/255_qd_dhcntt_22_4_2022_0.pdf,manifested,True,,
https://ctsv.uit.edu.vn/bai-viet/quyet-dinh-so-2562018-su-dung-diem-ren-luyen-de-xep-loai-tot-nghiep-cho-sinh-vien-he-chinh,https://ctsv.uit.edu.vn/sites/default/files/201804/256_qd_dhcntt27_4_2018_scan.pdf,manifested,True,,
https://ctsv.uit.edu.vn/bai-viet/quyet-dinh-so-2562022-thanh-lap-hoi-dong-xet-hoc-bong-khuyen-khich-hoc-tap-sinh-vien-nam,https://ctsv.uit.edu.vn/sites/default/files/202206/256_qd_dhcntt22_4_2022_scan.pdf,manifested,True,,
https://ctsv.uit.edu.vn/bai-viet/quyet-dinh-so-2572022-thanh-lap-hoi-dong-khen-thuong-ky-luat-sinh-vien-nam-2022,https://ctsv.uit.edu.vn/sites/default/files/202206/257_qd_dhcntt22_4_2022_scan.pdf,manifested,True,,
https://ctsv.uit.edu.vn/bai-viet/quyet-dinh-so-2592021-thanh-lap-hoi-dong-xet-hoc-bong-kkht-cho-sinh-vien-hk1-nam-hoc-2020,https://ctsv.uit.edu.vn/sites/default/files/202105/259_qd_dhcntt27_04_2021_scan.pdf,manifested,True,,
https://ctsv.uit.edu.vn/bai-viet/quyet-dinh-so-2592022-thanh-lap-ban-chuc-cac-hoat-dong-duc-thao-sinh-vien-nam-2022,https://ctsv.uit.edu.vn/sites/default/files/202206/259_qd_dhcntt22_4_2022_scan.pdf,manifested,True,,
https://ctsv.uit.edu.vn/bai-viet/quyet-dinh-so-2602021-thanh-lap-hoi-dong-danh-gia-drl-sv-hk1-nam-hoc-2020-2021,https://ctsv.uit.edu.vn/sites/default/files/202105/260_qd_dhcntt27_04_2021_scan.pdf,manifested,True,,
https://ctsv.uit.edu.vn/bai-viet/quyet-dinh-so-2612025-cu-sinh-vien-tham-gia-ky-thi-olympic-toan-hoc-sinh-vien-va-hoc-sinh,https://ctsv.uit.edu.vn/sites/default/files/uploads/files/202504/261_qd_dhcntt18_03_2025_scan.pdf,manifested,True,,
https://ctsv.uit.edu.vn/bai-viet/quyet-dinh-so-262015-mien-giam-hoc-phi-cho-sinh-vien-tran-minh-14520012,https://ctsv.uit.edu.vn/sites/default/files/201509/26_qd_dhcntt_ctsv_09_9_2015_0.pdf,manifested,True,,
https://ctsv.uit.edu.vn/bai-viet/quyet-dinh-so-2652018-khen-thuong-doi-tuyen-dat-thanh-tich-cao-trong-ky-thi-olympic-tin-hoc,https://ctsv.uit.edu.vn/sites/default/files/201805/265_qd_dhcntt4_5_2018_scan.pdf,manifested,True,,
https://ctsv.uit.edu.vn/bai-viet/quyet-dinh-so-2692020-trao-hoc-bong-rosen-2020,https://ctsv.uit.edu.vn/sites/default/files/202011/269_qd_dhcntt01_06_2020_scan.pdf,manifested,True,,
https://ctsv.uit.edu.vn/bai-viet/quyet-dinh-so-2692024-cu-sinh-vien-tham-gia-olympic-toan-hoc-sinh-vien-va-hoc-sinh-toan,https://ctsv.uit.edu.vn/sites/default/files/uploads/files/202404/269_qd_dhcntt27_03_2024_scan.pdf,manifested,True,,
https://ctsv.uit.edu.vn/bai-viet/quyet-dinh-so-2702020-trao-hoc-bong-citynow-2020,https://ctsv.uit.edu.vn/sites/default/files/202011/270_qd_dhcntt02_06_2020_scan.pdf,manifested,True,,
https://ctsv.uit.edu.vn/bai-viet/quyet-dinh-so-272015-thanh-lap-lop-sinh-hoat-khoa-2015-nam-hoc-2015-2016,https://ctsv.uit.edu.vn/sites/default/files/201509/moi_27_qd_dhcntt_ctsv_10_9_2015.pdf,manifested,True,,
https://ctsv.uit.edu.vn/bai-viet/quyet-dinh-so-272016-khen-thuong-hoc-vien-cao-hoc-tot-nghiep-loai-gioi-dot-1-nam-2016,https://ctsv.uit.edu.vn/sites/default/files/201606/27_qd_dhcntt_ctsv01_6_2016_scan.pdf,manifested,True,,
https://ctsv.uit.edu.vn/bai-viet/quyet-dinh-so-2722025-cong-nhan-ket-qua-danh-gia-diem-ren-luyen-sinh-vien-hoc-ky-1-nam-hoc,https://ctsv.uit.edu.vn/sites/default/files/uploads/files/202504/272_qd_dhcntt20_03_2025_scan_qd.pdf,manifested,True,,
https://ctsv.uit.edu.vn/bai-viet/quyet-dinh-so-2782021-cong-nhan-ket-qua-danh-gia-drlsv-hoc-ky-1-nam-hoc-2020-2021,https://ctsv.uit.edu.vn/sites/default/files/202105/278_qd_dhcntt06_05_2021_scan_qd.pdf,manifested,True,,
https://ctsv.uit.edu.vn/bai-viet/quyet-dinh-so-2782022-thanh-lap-hoi-dong-danh-gia-diem-ren-luyen-sinh-vien-nam-hoc-2021,https://ctsv.uit.edu.vn/sites/default/files/202206/278_qd_dhcntt27_4_2022_scan.pdf,manifested,True,,
https://ctsv.uit.edu.vn/bai-viet/quyet-dinh-so-2812021-khen-thuong-sinh-vien-dat-giai-trong-cuoc-thi-lsi-designcontest,https://ctsv.uit.edu.vn/sites/default/files/202107/281_qd_dhcntt10_05_2021_scan.pdf,manifested,True,,
https://ctsv.uit.edu.vn/bai-viet/quyet-dinh-so-282015-bo-nhiem-co-van-hoc-tap-khoa-2015-va-lop-khong-dung-tien-do,https://ctsv.uit.edu.vn/sites/default/files/201509/28_qd_dhcntt_ctsv_10_9_2015.pdf,manifested,True,,
https://ctsv.uit.edu.vn/bai-viet/quyet-dinh-so-282016-khen-thuong-sinh-vien-tot-nghiep-thu-khoa-cap-khoa-khoa-2011,https://ctsv.uit.edu.vn/sites/default/files/201606/28_qd_dhcntt_ctsv01_6_2016_scan.pdf,manifested,True,,
https://ctsv.uit.edu.vn/bai-viet/quyet-dinh-so-2822021-khen-thuong-sinh-vien-dat-giai-trong-cuoc-thi-lap-trinh-makerthon,https://ctsv.uit.edu.vn/sites/default/files/202107/282_qd_dhcntt10_05_2021_scan.pdf,manifested,True,,
https://ctsv.uit.edu.vn/bai-viet/quyet-dinh-so-2822026-cu-sinh-vien-tham-du-hoi-nghi-khoa-hoc-aciids-2026,https://ctsv.uit.edu.vn/sites/default/files/uploads/files/202604/282_qd_dhcntt20_03_2026_scan.pdf,manifested,True,,
https://ctsv.uit.edu.vn/bai-viet/quyet-dinh-so-2852024-trao-hoc-bong-uit-global-cho-sinh-vien-khoa-2023,https://ctsv.uit.edu.vn/sites/default/files/uploads/files/202404/285_qd_dhcntt01_04_2024_scan.pdf,manifested,True,,
https://ctsv.uit.edu.vn/bai-viet/quyet-dinh-so-2862024-trao-hoc-bong-uit-global-thang-02-nam-2024,https://ctsv.uit.edu.vn/sites/default/files/uploads/files/202404/286_qd_dhcntt01_04_2024_scan.pdf,manifested,True,,
https://ctsv.uit.edu.vn/bai-viet/quyet-dinh-so-2872025-tang-giay-khen-cho-sinh-vien-nganh-toan-thong-tin-dat-thanh-tich-tot,https://ctsv.uit.edu.vn/sites/default/files/uploads/files/202504/287_qd_dhcntt21_03_2025_scan.pdf,manifested,True,,
https://ctsv.uit.edu.vn/bai-viet/quyet-dinh-so-2872018-cong-nhan-ket-qua-danh-gia-drl-sv-hoc-ky-1-nam-hoc-2017-2018,https://ctsv.uit.edu.vn/sites/default/files/201805/287_qd_dhcntt15_5_2018_scan.pdf,manifested,True,,
https://ctsv.uit.edu.vn/bai-viet/quyet-dinh-so-2872026-cu-sinh-vien-tham-du-ky-thi-olympic-toan-hoc-sinh-vien-va-hoc-sinh,https://ctsv.uit.edu.vn/sites/default/files/uploads/files/202604/287_qd_dhcntt23_03_2026_scan.pdf,manifested,True,,
https://ctsv.uit.edu.vn/bai-viet/quyet-dinh-so-2882020-thoi-nhiem-vu-cvht-cac-lop-chuong-trinh-ky-su-khoa-2015,https://ctsv.uit.edu.vn/sites/default/files/202006/288_qd_dhcntt08_06_2020_scan.pdf,manifested,True,,
https://ctsv.uit.edu.vn/bai-viet/quyet-dinh-so-2882025-tang-giay-khen-cho-sinh-vien-nganh-cong-nghe-thong-tin-dat-thanh-tich,https://ctsv.uit.edu.vn/sites/default/files/uploads/files/202504/288_qd_dhcntt21_03_2025_scan.pdf,manifested,True,,
https://ctsv.uit.edu.vn/bai-viet/quyet-dinh-so-2892020-thanh-lap-ban-chuc-cac-hoat-dong-duc-thao-sinh-vien-nam-2020,https://ctsv.uit.edu.vn/sites/default/files/202011/289_qd_dhcntt08_06_2020_scan.pdf,manifested,True,,
https://ctsv.uit.edu.vn/bai-viet/quyet-dinh-so-2892023-trao-hoc-bong-uit-global-cho-sinh-vien-khoa-2022,https://ctsv.uit.edu.vn/sites/default/files/202304/289_qd_dhcntt05_04_2023_scan.pdf,manifested,True,,
https://ctsv.uit.edu.vn/bai-viet/quyet-dinh-so-2892025-tang-giay-khen-cho-sinh-vien-nganh-khoa-hoc-du-lieu-dat-thanh-tich,https://ctsv.uit.edu.vn/sites/default/files/uploads/files/202504/289_qd_dhcntt21_03_2025_scan.pdf,manifested,True,,
https://ctsv.uit.edu.vn/bai-viet/quyet-dinh-so-29-va-302015-cong-tac-co-van-hoc-tap-lop-cntt2014,https://ctsv.uit.edu.vn/sites/default/files/201509/29_qd_dhcntt_ctsv_10_9_2015.pdf,manifested,True,,
https://ctsv.uit.edu.vn/bai-viet/quyet-dinh-so-29-va-302015-cong-tac-co-van-hoc-tap-lop-cntt2014,https://ctsv.uit.edu.vn/sites/default/files/201510/30_qd_dhcntt_ctsv_10_9_2015.pdf,manifested,True,,
https://ctsv.uit.edu.vn/bai-viet/quyet-dinh-so-2902025-tang-giay-khen-cho-sinh-vien-nganh-khoa-hoc-may-tinh-dat-thanh-tich,https://ctsv.uit.edu.vn/sites/default/files/uploads/files/202504/290_qd_dhcntt21_03_2025_scan.pdf,manifested,True,,
https://ctsv.uit.edu.vn/bai-viet/quyet-dinh-so-2912025-tang-giay-khen-cho-sinh-vien-nganh-he-thongthong-tin-dat-thanh-tich,https://ctsv.uit.edu.vn/sites/default/files/uploads/files/202504/291_qd_dhcntt21_03_2025_scan.pdf,manifested,True,,
https://ctsv.uit.edu.vn/bai-viet/quyet-dinh-so-292016-khen-thuong-sinh-vien-tot-nghiep-dat-loai-gioi-xuat-sac-trong-hoc-tap,https://ctsv.uit.edu.vn/sites/default/files/201606/29_qd_dhcntt_ctsv01_6_2016_scan.pdf,manifested,True,,
https://ctsv.uit.edu.vn/bai-viet/quyet-dinh-so-2922025-tang-giay-khen-cho-sinh-vien-nganh-ky-thuat-may-tinh-dat-thanh-tich,https://ctsv.uit.edu.vn/sites/default/files/uploads/files/202504/292_qd_dhcntt21_03_2025_scan.pdf,manifested,True,,
https://ctsv.uit.edu.vn/bai-viet/quyet-dinh-so-2932025-tang-giay-khen-cho-sinh-vien-nganh-ky-thuat-phan-mem-dat-thanh-tich,https://ctsv.uit.edu.vn/sites/default/files/uploads/files/202504/293_qd_dhcntt21_03_2025_scan.pdf,manifested,True,,
https://ctsv.uit.edu.vn/bai-viet/quyet-dinh-so-2932942952962020-che-do-chinh-sach-hoc-ky-2-nam-hoc-2019-2020,https://ctsv.uit.edu.vn/sites/default/files/202006/293_qd_dhcntt09_06_2020_scan.pdf,manifested,True,,
https://ctsv.uit.edu.vn/bai-viet/quyet-dinh-so-2932942952962020-che-do-chinh-sach-hoc-ky-2-nam-hoc-2019-2020,https://ctsv.uit.edu.vn/sites/default/files/202006/294_qd_dhcntt09_06_2020_scan.pdf,manifested,True,,
https://ctsv.uit.edu.vn/bai-viet/quyet-dinh-so-2932942952962020-che-do-chinh-sach-hoc-ky-2-nam-hoc-2019-2020,https://ctsv.uit.edu.vn/sites/default/files/202006/295_qd_dhcntt09_06_2020_scan.pdf,manifested,True,,
https://ctsv.uit.edu.vn/bai-viet/quyet-dinh-so-2932942952962020-che-do-chinh-sach-hoc-ky-2-nam-hoc-2019-2020,https://ctsv.uit.edu.vn/sites/default/files/202006/296_qd_dhcntt09_06_2020_scan.pdf,manifested,True,,
https://ctsv.uit.edu.vn/bai-viet/quyet-dinh-so-2942025-tang-giay-khen-cho-sinh-vien-nganh-mang-may-tinh-va-truyen-thong-du,https://ctsv.uit.edu.vn/sites/default/files/uploads/files/202504/294_qd_dhcntt21_03_2025_scan.pdf,manifested,True,,
https://ctsv.uit.edu.vn/bai-viet/quyet-dinh-so-2952022-cong-nhan-ket-qua-danh-gia-diem-ren-luyen-sinh-vien-hoc-ky-1-nam-hoc,https://ctsv.uit.edu.vn/sites/default/files/202206/295_qd_dhcntt05_5_2022_scan.pdf,manifested,True,,
https://ctsv.uit.edu.vn/bai-viet/quyet-dinh-so-2952025-tang-giay-khen-cho-sinh-vien-nganh-thiet-ke-vi-mach-dat-thanh-tich,https://ctsv.uit.edu.vn/sites/default/files/uploads/files/202504/295_qd_dhcntt21_03_2025_scan.pdf,manifested,True,,
https://ctsv.uit.edu.vn/bai-viet/quyet-dinh-so-2962025-tang-giay-khen-cho-sinh-vien-nganh-tri-tue-nhan-tao-dat-thanh-tich,https://ctsv.uit.edu.vn/sites/default/files/uploads/files/202504/296_qd_dhcntt21_03_2025_scan.pdf,manifested,True,,
https://ctsv.uit.edu.vn/bai-viet/quyet-dinh-so-2972020-thanh-lap-ban-chuc-hoi-nghi-sinh-vien-nam-hoc-2019-2020,https://ctsv.uit.edu.vn/sites/default/files/202007/297_qd_dhcntt09_06_2020_scan.pdf,manifested,True,,
https://ctsv.uit.edu.vn/bai-viet/quyet-dinh-so-2992026-cong-nhan-ket-qua-danh-gia-diem-ren-luyen-sinh-vien-hk1-nam-hoc-2025,https://ctsv.uit.edu.vn/sites/default/files/uploads/files/202604/299_qd_dhcntt24_03_2026_scan.pdf,manifested,True,,
https://ctsv.uit.edu.vn/bai-viet/quyet-dinh-so-302016-khen-thuong-sinh-vien-tot-nghiep-dat-loai-gioi-he-tu-xa-qua-mang-dot-1,https://ctsv.uit.edu.vn/sites/default/files/201606/30_qd_dhcntt_ctsv01_6_2016_scan.pdf,manifested,True,,
https://ctsv.uit.edu.vn/bai-viet/quyet-dinh-so-3072026-cong-tac-cvht-lop-cntt0001,https://ctsv.uit.edu.vn/sites/default/files/uploads/files/202604/307_qd_dhcntt25_03_2026_scan.pdf,manifested,True,,
https://ctsv.uit.edu.vn/bai-viet/quyet-dinh-so-3112021-trao-hoc-bong-cho-sinh-vien-co-hoan-canh-kho-khan-bi-anh-huong-boi,https://ctsv.uit.edu.vn/sites/default/files/202201/311_qd_dhcntt24_05_2021_scan.pdf,manifested,True,,
https://ctsv.uit.edu.vn/bai-viet/quyet-dinh-so-312016-cu-sinh-vien-tham-du-hoi-nghi-asian-undergraduate-summit-lan-thu-2-nam,https://ctsv.uit.edu.vn/sites/default/files/201606/31_qd_dhcntt_ctsv14_6_2016_scan.pdf,manifested,True,,
https://ctsv.uit.edu.vn/bai-viet/quyet-dinh-so-3122017-khen-thuong-sv-tot-nghiep-dot-1-nam-2017-he-tu-xa-qua-mang,https://ctsv.uit.edu.vn/sites/default/files/201706/312_qd_dhcntt_1_6_2017.scan_.pdf,manifested,True,,
https://ctsv.uit.edu.vn/bai-viet/quyet-dinh-so-3132017-khen-thuong-sv-tot-nghiep-loai-gioi-dot-1-nam-2017,https://ctsv.uit.edu.vn/sites/default/files/201706/313_qd_dhcntt_1_6_2017.scan_.pdf,manifested,True,,
https://ctsv.uit.edu.vn/bai-viet/quyet-dinh-so-3142017-khen-thuong-sv-tot-nghiep-thu-khoa-nganh-dot-1-nam-2017,https://ctsv.uit.edu.vn/sites/default/files/201707/314-qd-dhcntt1-6-2017.pdf,manifested,True,,
https://ctsv.uit.edu.vn/bai-viet/quyet-dinh-so-3142022-khen-thuong-giang-vien-sinh-vien-dat-giai-trong-cuoc-thi-lsi-design,https://ctsv.uit.edu.vn/sites/default/files/202206/314_qd_dhcntt16_5_2022_scan.pdf,manifested,True,,
https://ctsv.uit.edu.vn/bai-viet/quyet-dinh-so-3172024-trao-hoc-bong-tai-tro-cho-sinh-vien-do-cong-ty-geotech-hub-tai-tro,https://ctsv.uit.edu.vn/sites/default/files/uploads/files/202404/317_qd_dhcntt09_04_2024_scan.pdf,manifested,True,,
https://ctsv.uit.edu.vn/bai-viet/quyet-dinh-so-3212026-tang-giay-khen-cho-sinh-vien-tieu-bieu-trong-hoat-dong-khao-sat-giai,https://ctsv.uit.edu.vn/sites/default/files/uploads/files/202604/321_qd_dhcntt30_03_2026_scan.pdf,manifested,True,,
https://ctsv.uit.edu.vn/bai-viet/quyet-dinh-so-322015-trao-hoc-bong-bidv-cho-tan-sinh-vien-khoa-2015,https://ctsv.uit.edu.vn/sites/default/files/201510/32_qd_dhcntt_ctsv_22_9_2015.pdf,manifested,True,,
https://ctsv.uit.edu.vn/bai-viet/quyet-dinh-so-322016-cap-hoc-bong-khuyen-khich-hoc-tap-hoc-ky-1-nam-hoc-2015-2016-cho-sinh,https://ctsv.uit.edu.vn/sites/default/files/201607/32_qd_dhcntt_ctsv5_7_2016_scan.pdf,manifested,True,,
https://ctsv.uit.edu.vn/bai-viet/quyet-dinh-so-3242022-tang-giay-khen-cho-sinh-vien-nganh-ky-thuat-phan-mem-dat-thanh-tich,https://ctsv.uit.edu.vn/sites/default/files/202206/324_qd_dhcntt18_5_2022_scan.pdf,manifested,True,,
https://ctsv.uit.edu.vn/bai-viet/quyet-dinh-so-3252022-tang-giay-khen-cho-sinh-vien-nganh-cong-nghe-thong-tin-dat-thanh-tich,https://ctsv.uit.edu.vn/sites/default/files/202206/325_qd_dhcntt18_5_2022_scan.pdf,manifested,True,,
https://ctsv.uit.edu.vn/bai-viet/quyet-dinh-so-3262022-tang-giay-khen-cho-sinh-vien-nganh-toan-thong-tin-dat-thanh-tich-tot,https://ctsv.uit.edu.vn/sites/default/files/202206/326_qd_dhcntt18_5_2022_scan.pdf,manifested,True,,
https://ctsv.uit.edu.vn/bai-viet/quyet-dinh-so-3272018-khen-thuong-sinh-vien-tot-nghiep-dat-loai-gioi-dot-thang-6-nam-2018,https://ctsv.uit.edu.vn/sites/default/files/201808/327_qd_dhcntt04_6_2018_scan.pdf,manifested,True,,
https://ctsv.uit.edu.vn/bai-viet/quyet-dinh-so-3272022-tang-giay-khen-cho-sinh-vien-nganh-thuong-mai-dien-tu-dat-thanh-tich,https://ctsv.uit.edu.vn/sites/default/files/202206/327_qd_dhcntt18_5_2022_scan.pdf,manifested,True,,
https://ctsv.uit.edu.vn/bai-viet/quyet-dinh-so-3282018-khen-tang-sinh-vien-tot-nghiep-dat-loai-gioi-dot-thang-6-nam-2018,https://ctsv.uit.edu.vn/sites/default/files/201808/328_qd_dhcntt04_6_2018_scan.pdf,manifested,True,,
https://ctsv.uit.edu.vn/bai-viet/quyet-dinh-so-3282022-tang-giay-khen-cho-sinh-vien-nganh-ky-thuat-may-tinh-dat-thanh-tich,https://ctsv.uit.edu.vn/sites/default/files/202206/328_qd_dhcntt18_5_2022_scan.pdf,manifested,True,,
https://ctsv.uit.edu.vn/bai-viet/quyet-dinh-so-3292018-khen-thuong-sinh-vien-tot-nghiep-thu-khoa-nganh-dot-thang-6-nam-2018,https://ctsv.uit.edu.vn/sites/default/files/201808/329_qd_dhcntt04_6_2018_scan.pdf,manifested,True,,
https://ctsv.uit.edu.vn/bai-viet/quyet-dinh-so-3292022-tang-giay-khen-cho-sinh-vien-nganh-mang-may-tinh-va-truyen-thong-du,https://ctsv.uit.edu.vn/sites/default/files/202206/329_qd_dhcntt18_5_2022_scan.pdf,manifested,True,,
https://ctsv.uit.edu.vn/bai-viet/quyet-dinh-so-3292026-cong-tac-cvht-lop-atbc2025,https://ctsv.uit.edu.vn/sites/default/files/uploads/files/202604/329_qd_dhcntt31_03_2026_scan.pdf,manifested,True,,
https://ctsv.uit.edu.vn/bai-viet/quyet-dinh-so-33-va-342015-cong-tac-co-van-hoc-tap-lop-ktmt2014,https://ctsv.uit.edu.vn/sites/default/files/201510/33_qd_dhcntt_ctsv_24_9_2015.pdf,manifested,True,,
https://ctsv.uit.edu.vn/bai-viet/quyet-dinh-so-33-va-342015-cong-tac-co-van-hoc-tap-lop-ktmt2014,https://ctsv.uit.edu.vn/sites/default/files/201510/34_qd_dhcntt_ctsv_24_9_2015_0.pdf,manifested,True,,
https://ctsv.uit.edu.vn/bai-viet/quyet-dinh-so-3302022-tang-giay-khen-cho-sinh-vien-nganh-khoa-hoc-may-tinh-dat-thanh-tich,https://ctsv.uit.edu.vn/sites/default/files/202206/330_qd_dhcntt18_5_2022_scan.pdf,manifested,True,,
https://ctsv.uit.edu.vn/bai-viet/quyet-dinh-so-3312022-tang-giay-khen-cho-sinh-vien-nganh-khoa-hoc-du-lieu-dat-thanh-tich,https://ctsv.uit.edu.vn/sites/default/files/202206/331_qd_dhcntt18_5_2022_scan.pdf,manifested,True,,
https://ctsv.uit.edu.vn/bai-viet/quyet-dinh-so-332016-cap-hoc-bong-khuyen-khich-hoc-tap-hoc-ky-1-nam-hoc-2015-2016-cho-sinh,https://ctsv.uit.edu.vn/sites/default/files/201607/33_qd_dhcntt_ctsv5_7_2016_scan.pdf,manifested,True,,
https://ctsv.uit.edu.vn/bai-viet/quyet-dinh-so-3322022-tang-giay-khen-cho-sinh-vien-nganh-he-thong-thong-tin-dat-thanh-tich,https://ctsv.uit.edu.vn/sites/default/files/202206/332_qd_dhcntt18_5_2022_scan.pdf,manifested,True,,
https://ctsv.uit.edu.vn/bai-viet/quyet-dinh-so-342016-quyet-dinh-ve-viec-khen-thuong-tap-sinh-vien-dat-giai-cuoc-thi-sang,https://ctsv.uit.edu.vn/sites/default/files/201607/34_qd_dhcntt_ctsv5_7_2016_scan.pdf,manifested,True,,
https://ctsv.uit.edu.vn/bai-viet/quyet-dinh-so-342020-trao-hoc-bong-salang-foundation,https://ctsv.uit.edu.vn/sites/default/files/202003/34_qd_dhcntt16_01_2020_scan.pdf,manifested,True,,
https://ctsv.uit.edu.vn/bai-viet/quyet-dinh-so-342023-trao-hoc-bong-quy-tai-tro-khat-vong-tuong-lai,https://ctsv.uit.edu.vn/sites/default/files/202302/34_qd_dhcntt12_01_2023_scan.pdf,manifested,True,,
https://ctsv.uit.edu.vn/bai-viet/quyet-dinh-so-342025-tang-giay-khen-cho-sinh-vien-dat-danh-hieu-doi-truong-doi-pho-xuat-sac,https://ctsv.uit.edu.vn/sites/default/files/uploads/files/202501/34_qd_dhcntt10_01_2025_scan.pdf,manifested,True,,
https://ctsv.uit.edu.vn/bai-viet/quyet-dinh-so-343-344-3452026-chinh-sach-cho-sinh-vien-hoc-ky-2-nam-hoc-2025-2026,https://ctsv.uit.edu.vn/sites/default/files/uploads/files/202604/344_qd_dhcntt01_04_2026_scan.pdf,manifested,True,,
https://ctsv.uit.edu.vn/bai-viet/quyet-dinh-so-343-344-3452026-chinh-sach-cho-sinh-vien-hoc-ky-2-nam-hoc-2025-2026,https://ctsv.uit.edu.vn/sites/default/files/uploads/files/202604/345_qd_dhcntt01_04_2026_scan.pdf,manifested,True,,
https://ctsv.uit.edu.vn/bai-viet/quyet-dinh-so-343-344-3452026-chinh-sach-cho-sinh-vien-hoc-ky-2-nam-hoc-2025-2026,https://ctsv.uit.edu.vn/sites/default/files/uploads/files/202604/343_qd_dhcntt01_04_2026_scan_0.pdf,manifested,True,,
https://ctsv.uit.edu.vn/bai-viet/quyet-dinh-so-3462022-tang-giay-khen-sinh-vien-dat-thanh-tich-trong-ky-thi-olympic-toan-hoc,https://ctsv.uit.edu.vn/sites/default/files/202206/346_qd_dhcntt23_5_2022_scan.pdf,manifested,True,,
https://ctsv.uit.edu.vn/bai-viet/quyet-dinh-so-3512023-cu-sinh-vien-tham-gia-vong-chung-ket-cuoc-thi-xe-tu-hanh-bosch-future,https://ctsv.uit.edu.vn/sites/default/files/202304/351_qd_dhcntt18_4_2023_scan.pdf,manifested,True,,
https://ctsv.uit.edu.vn/bai-viet/quyet-dinh-so-3512018-cap-hoc-bong-kkht-hoc-ky-1-nam-hoc-2017-2018-cho-sinh-vien-he-chinh,https://ctsv.uit.edu.vn/sites/default/files/201808/351_qd_dhcntt12_6_2018_scan.pdf,manifested,True,,
https://ctsv.uit.edu.vn/bai-viet/quyet-dinh-so-352020-thay-doi-cvht-lop-khcl20181-ts-luong-ngoc-hoang,https://ctsv.uit.edu.vn/sites/default/files/202001/35_qd_dhcntt16_1_2020_scan.pdf,manifested,True,,
https://ctsv.uit.edu.vn/bai-viet/quyet-dinh-so-352023-trao-hoc-bong-tai-tro-cho-sinh-vien,https://ctsv.uit.edu.vn/sites/default/files/202302/35_qd_dhcntt12_01_2023_scan.pdf,manifested,True,,
https://ctsv.uit.edu.vn/bai-viet/quyet-dinh-so-352016-cong-nhan-ket-qua-danh-gia-diem-ren-luyen-sinh-vien-hoc-ky-1-nam-hoc,https://ctsv.uit.edu.vn/sites/default/files/201607/35_qd_dhcntt_ctsv8_7_2016_scan_ds.pdf.pdf,manifested,True,,
https://ctsv.uit.edu.vn/bai-viet/quyet-dinh-so-352016-cong-nhan-ket-qua-danh-gia-diem-ren-luyen-sinh-vien-hoc-ky-1-nam-hoc,https://ctsv.uit.edu.vn/sites/default/files/201711/35_qd_dhcntt_ctsv8_7_2016_scan.pdf,manifested,True,,
https://ctsv.uit.edu.vn/bai-viet/quyet-dinh-so-3532023-trao-hoc-bong-uit-global-thang-3-nam-2023,https://ctsv.uit.edu.vn/sites/default/files/202304/353_qd_dhcntt19_04_2023_scan.pdf,manifested,True,,
https://ctsv.uit.edu.vn/bai-viet/quyet-dinh-so-3592021-trao-hoc-bong-uit-global-thang-6-nam-2021,https://ctsv.uit.edu.vn/sites/default/files/202201/359_qd_dhcntt14_06_2021_scan.pdf,manifested,True,,
https://ctsv.uit.edu.vn/bai-viet/quyet-dinh-so-362016-thanh-lap-ban-chi-dao-ban-chuc-don-tan-sinh-vien-nam-hoc-2016-2017,https://ctsv.uit.edu.vn/sites/default/files/201609/36_qd_dhcntt_ctsv08_8_2016_scan_0.pdf,manifested,True,,
https://ctsv.uit.edu.vn/bai-viet/quyet-dinh-so-362020-thay-doi-cvht-lop-khmt20161-ths-nguyen-thanh-son,https://ctsv.uit.edu.vn/sites/default/files/202001/36_qd_dhcntt16_1_2020_scan.pdf,manifested,True,,
https://ctsv.uit.edu.vn/bai-viet/quyet-dinh-so-3692017-khen-thuong-sv-tot-nghiep-thu-khoa-nganh-he-thong-thong-tin-khoa-2012,https://ctsv.uit.edu.vn/sites/default/files/201707/369-qd-dhcntt27-6-2017.scan_.pdf,manifested,True,,
https://ctsv.uit.edu.vn/bai-viet/quyet-dinh-so-3692024-tang-giay-khen-cho-sinh-vien-nganh-toan-thong-tin-dat-thanh-tich-tot,https://ctsv.uit.edu.vn/sites/default/files/uploads/files/202404/369_qd_dhcntt23_04_2024_scan.pdf,manifested,True,,
https://ctsv.uit.edu.vn/bai-viet/quyet-dinh-so-3702024-tang-giay-khen-cho-sinh-vien-nganh-cong-nghe-thong-tin-dat-thanh-tich,https://ctsv.uit.edu.vn/sites/default/files/uploads/files/202404/370_qd_dhcntt23_04_2024_scan.pdf,manifested,True,,
https://ctsv.uit.edu.vn/bai-viet/quyet-dinh-so-3712024-tang-giay-khen-cho-sinh-vien-nganh-he-thong-thong-tin-dat-thanh-tich,https://ctsv.uit.edu.vn/sites/default/files/uploads/files/202404/371_qd_dhcntt23_04_2024_scan.pdf,manifested,True,,
https://ctsv.uit.edu.vn/bai-viet/quyet-dinh-so-372015-khen-thuong-cac-ca-nhan-dong-gop-tich-cuc-trong-cong-tac-doan-hoi-nam,https://ctsv.uit.edu.vn/sites/default/files/201511/37_qd_dhcntt_ctsv_16_10_2015_scan.pdf,manifested,True,,
https://ctsv.uit.edu.vn/bai-viet/quyet-dinh-so-372016-thanh-lap-btc-le-khai-giang-nam-hoc-2016-2017,https://ctsv.uit.edu.vn/sites/default/files/201609/37_qd_dhcntt_ctsv23_8_2016_scan.pdf,manifested,True,,
https://ctsv.uit.edu.vn/bai-viet/quyet-dinh-so-372020-thay-doi-cvht-lop-khdl2018-ths-nguyen-van-kiet,https://ctsv.uit.edu.vn/sites/default/files/202001/37_qd_dhcntt16_1_2020_scan.pdf,manifested,True,,
https://ctsv.uit.edu.vn/bai-viet/quyet-dinh-so-372021-tang-giay-khen-ca-nhan-dat-danh-hieu-thanh-nien-tien-tien-lam-theo-loi,https://ctsv.uit.edu.vn/sites/default/files/202105/37_qd_dhcntt18_01_2021_scan.pdf,manifested,True,,
https://ctsv.uit.edu.vn/bai-viet/quyet-dinh-so-3722024-tang-giay-khen-cho-sinh-vien-nganh-khoa-hoc-du-lieu-dat-thanh-tich,https://ctsv.uit.edu.vn/sites/default/files/uploads/files/202404/372_qd_dhcntt23_04_2024_scan.pdf,manifested,True,,
https://ctsv.uit.edu.vn/bai-viet/quyet-dinh-so-3732024-tang-giay-khen-cho-sinh-vien-nganh-khoa-hoc-may-tinh-dat-thanh-tich,https://ctsv.uit.edu.vn/sites/default/files/uploads/files/202404/373_qd_dhcntt23_04_2024_scan.pdf,manifested,True,,
https://ctsv.uit.edu.vn/bai-viet/quyet-dinh-so-3742024-tang-giay-khen-cho-sinh-vien-nganh-ky-thuat-may-tinh-dat-thanh-tich,https://ctsv.uit.edu.vn/sites/default/files/uploads/files/202404/374_qd_dhcntt23_04_2024_scan.pdf,manifested,True,,
https://ctsv.uit.edu.vn/bai-viet/quyet-dinh-so-3742026-khen-thuong-giang-vien-huong-dan-sinh-vien-dat-giai-trong-cuoc-thi,https://ctsv.uit.edu.vn/sites/default/files/uploads/files/202604/374_qd_dhcntt08_04_2026_scan.pdf,manifested,True,,
https://ctsv.uit.edu.vn/bai-viet/quyet-dinh-so-3742026-khen-thuong-giang-vien-huong-dan-sinh-vien-dat-giai-trong-cuoc-thi-0,https://ctsv.uit.edu.vn/sites/default/files/uploads/files/202604/374_qd_dhcntt08_04_2026_scan_0.pdf,manifested,True,,
https://ctsv.uit.edu.vn/bai-viet/quyet-dinh-so-3752026-khen-thuong-giang-vien-huong-dan-sinh-vien-dat-giai-trong-cuoc-thi,https://ctsv.uit.edu.vn/sites/default/files/uploads/files/202604/375_qd_dhcntt08_04_2026_scan.pdf,manifested,True,,
https://ctsv.uit.edu.vn/bai-viet/quyet-dinh-so-3752024-tang-giay-khen-cho-sinh-vien-nganh-ky-thuat-phan-mem-dat-thanh-tich,https://ctsv.uit.edu.vn/sites/default/files/uploads/files/202404/375_qd_dhcntt23_04_2024_scan.pdf,manifested,True,,
https://ctsv.uit.edu.vn/bai-viet/quyet-dinh-so-3752026-khen-thuong-giang-vien-huong-dan-sinh-vien-dat-giai-trong-cuoc-thi-0,https://ctsv.uit.edu.vn/sites/default/files/uploads/files/202604/375_qd_dhcntt08_04_2026_scan_0.pdf,manifested,True,,
https://ctsv.uit.edu.vn/bai-viet/quyet-dinh-so-3762024-tang-giay-khen-cho-sinh-vien-nganh-mang-may-tinh-va-truyen-thong-du,https://ctsv.uit.edu.vn/sites/default/files/uploads/files/202404/376_qd_dhcntt23_04_2024_scan.pdf,manifested,True,,
https://ctsv.uit.edu.vn/bai-viet/quyet-dinh-so-3772023-thanh-lap-hoi-dong-danh-gia-ren-luyen-sinh-vien-nam-hoc-2022-2023,https://ctsv.uit.edu.vn/sites/default/files/202304/377_qd_dhcntt21_04_2023_scan.pdf,manifested,True,,
https://ctsv.uit.edu.vn/bai-viet/quyet-dinh-so-3772024-tang-giay-khen-cho-sinh-vien-nganh-thuong-mai-dien-tu-dat-thanh-tich,https://ctsv.uit.edu.vn/sites/default/files/uploads/files/202404/377_qd_dhcntt23_04_2024_scan.pdf,manifested,True,,
https://ctsv.uit.edu.vn/bai-viet/quyet-dinh-so-3782024-tang-giay-khen-cho-sinh-vien-nganh-tri-tue-nhan-tao-dat-thanh-tich,https://ctsv.uit.edu.vn/sites/default/files/uploads/files/202404/378_qd_dhcntt23_04_2024_scan.pdf,manifested,True,,
https://ctsv.uit.edu.vn/bai-viet/quyet-dinh-so-3802022-khen-thuong-doi-voi-sinh-vien-tot-nghiep-loai-xuat-sac-he-dai-hoc,https://ctsv.uit.edu.vn/sites/default/files/202207/380_qd_dhcntt18_5_2022_scan.pdf,manifested,True,,
https://ctsv.uit.edu.vn/bai-viet/quyet-dinh-so-3812022-tang-giay-khen-doi-voi-sinh-vien-tot-nghiep-loai-gioi-he-dai-hoc,https://ctsv.uit.edu.vn/sites/default/files/202207/381_qd_dhcntt03_6_2022_scan.pdf,manifested,True,,
https://ctsv.uit.edu.vn/bai-viet/quyet-dinh-so-382015-cu-sinh-vien-tham-gia-dien-dan-thu-linh-sv-dong-nam-tai-thai-lan,https://ctsv.uit.edu.vn/sites/default/files/201511/38_qd_dhcntt_ctsv_16_10_2015_scan.pdf,manifested,True,,
https://ctsv.uit.edu.vn/bai-viet/quyet-dinh-so-382016-trao-hoc-bong-tuyen-sinh-nam-2016,https://ctsv.uit.edu.vn/sites/default/files/201609/38_qd_dhcntt_ctsv31_8_2016_scan.pdf,manifested,True,,
https://ctsv.uit.edu.vn/bai-viet/quyet-dinh-so-382021-khen-thuong-sinh-vien-5-tot-tieu-bieu-sinh-vien-5-tot-nhieu-nam-lien,https://ctsv.uit.edu.vn/sites/default/files/202105/38_qd_dhcntt18_01_2021_scan.pdf,manifested,True,,
https://ctsv.uit.edu.vn/bai-viet/quyet-dinh-so-3822022-tang-giay-khen-doi-voi-hoc-vien-cao-hoc-tot-nghiep-loai-gioi-nam-2021,https://ctsv.uit.edu.vn/sites/default/files/202207/382_qd_dhcntt03_6_2022_scan.pdf,manifested,True,,
https://ctsv.uit.edu.vn/bai-viet/quyet-dinh-so-3822023-cong-nhan-ket-qua-danh-gia-drl-sv-hk1-nam-hoc-2022-2023,https://ctsv.uit.edu.vn/sites/default/files/202304/382_qd_dhcntt25_04_2023_scan_qd.pdf,manifested,True,,
https://ctsv.uit.edu.vn/bai-viet/quyet-dinh-so-3832021-thanh-lap-hoi-dong-xet-hoc-bong-uit-anti-covid,https://ctsv.uit.edu.vn/sites/default/files/202201/383_qd_dhcntt25_06_2021_scan_n.pdf,manifested,True,,
https://ctsv.uit.edu.vn/bai-viet/quyet-dinh-so-3832022-tang-giay-khen-doi-voi-hoc-vien-cao-hoc-tot-nghiep-loai-gioi-dot-1,https://ctsv.uit.edu.vn/sites/default/files/202207/383_qd_dhcntt03_6_2022_scan.pdf,manifested,True,,
https://ctsv.uit.edu.vn/bai-viet/quyet-dinh-so-3842021-trao-hoc-bong-danh-cho-sinh-vien-co-hoan-canh-kho-khan-bi-anh-huong,https://ctsv.uit.edu.vn/sites/default/files/202107/384_qd_dhcntt_25_6_2021_scan.pdf,manifested,True,,
https://ctsv.uit.edu.vn/bai-viet/quyet-dinh-so-3842023-thanh-lap-ban-chi-dao-ban-chuc-le-tot-nghiep-va-trao-bang-tien-si-0,https://ctsv.uit.edu.vn/sites/default/files/202306/384_qd_dhcntt25_04_2023_scan.pdf,manifested,True,,
https://ctsv.uit.edu.vn/bai-viet/quyet-dinh-so-3852021-cap-hoc-bong-khuyen-khich-hoc-tap-cho-sinh-vien-vuot-kho-hoc-tot-hk1,https://ctsv.uit.edu.vn/sites/default/files/202107/385_qd_dhcntt25_6_2021.pdf,manifested,True,,
https://ctsv.uit.edu.vn/bai-viet/quyet-dinh-so-3882019-thay-doi-cvht-lop-khmt2017-ths-nguyen-thi-ngoc-diem,https://ctsv.uit.edu.vn/sites/default/files/201907/388_qd_dhcnntt04_7_2019_scan.pdf,manifested,True,,
https://ctsv.uit.edu.vn/bai-viet/quyet-dinh-so-3862021-cap-hoc-bong-khuyen-khich-hoc-tap-hk1-2020-2021,https://ctsv.uit.edu.vn/sites/default/files/202107/386_qd-dhcntt25_6_2021-hb_kkht.pdf,manifested,True,,
https://ctsv.uit.edu.vn/bai-viet/quyet-dinh-so-3882020-thanh-lap-hoi-dong-khen-thuong-ky-luat-sinh-vien,https://ctsv.uit.edu.vn/sites/default/files/202007/388_qd_dhcntt15_07_2020_scan.pdf,manifested,True,,
https://ctsv.uit.edu.vn/bai-viet/quyet-dinh-so-392016-khen-thuong-sinh-vien-dat-danh-hieu-thu-khoa-khoa-ky-tuyen-sinh-dai,https://ctsv.uit.edu.vn/sites/default/files/201609/39_qd_dhcntt_ctsv31_8_2016_scan.pdf,manifested,True,,
https://ctsv.uit.edu.vn/bai-viet/quyet-dinh-so-392015-mghp-nam-hoc-2015-2016,https://ctsv.uit.edu.vn/sites/default/files/201511/39_qd_dhcntt_ctsv19_11_2015.pdf,manifested,True,,
https://ctsv.uit.edu.vn/bai-viet/quyet-dinh-so-392021-tang-giay-khen-doi-voi-ca-nhan-dat-thanh-tich-tot-trong-nghien-cuu,https://ctsv.uit.edu.vn/sites/default/files/202105/39_qd_dhcntt18_01_2021_scan.pdf,manifested,True,,
https://ctsv.uit.edu.vn/bai-viet/quyet-dinh-so-4002019-thoi-nhiem-vu-cvht-cac-lop-khoa-2014,https://ctsv.uit.edu.vn/sites/default/files/201907/400_qd_dhcntt11_7_2019_cvht_k2014.pdf,manifested,True,,
https://ctsv.uit.edu.vn/bai-viet/quyet-dinh-so-402015-tcxh-nam-hoc-2015-2016,https://ctsv.uit.edu.vn/sites/default/files/201511/40_qd_dhcntt_ctsv19_11_2015_scan.pdf,manifested,True,,
https://ctsv.uit.edu.vn/bai-viet/quyet-dinh-so-402016-khen-thuong-sinh-vien-dat-giai-cuoc-thi-sang-tao-ky-thuat-toan-quoc,https://ctsv.uit.edu.vn/sites/default/files/201609/40_qd_dhcntt_ctsv31_8_2016_scan.pdf,manifested,True,,
https://ctsv.uit.edu.vn/bai-viet/quyet-dinh-so-402018-thay-doi-cvht-lop-ktmt2017,https://ctsv.uit.edu.vn/sites/default/files/201801/40_qd_dhcntt_11_1_2018_scan.pdf,manifested,True,,
https://ctsv.uit.edu.vn/bai-viet/quyet-dinh-so-4092022-tang-giay-khen-sinh-vien-tot-nghiep-thu-khoa-nghi-luc-dot-1-nam-2022,https://ctsv.uit.edu.vn/sites/default/files/202207/409_qd_dhcntt15_6_2022_scan.pdf,manifested,True,,
https://ctsv.uit.edu.vn/bai-viet/quyet-dinh-so-4102022-tang-giay-khen-sinh-vien-tot-nghiep-thu-khoa-nganh-dot-1-nam-2021,https://ctsv.uit.edu.vn/sites/default/files/202208/410_qd_dhcntt15_6_2022_scan.pdf,manifested,True,,
https://ctsv.uit.edu.vn/bai-viet/quyet-dinh-so-4112022-tang-giay-khen-sinh-vien-tot-nghiep-thu-khoa-nganh-dot-2-nam-2022,https://ctsv.uit.edu.vn/sites/default/files/202207/411_qd_dhcntt15_6_2022_scan.pdf,manifested,True,,
https://ctsv.uit.edu.vn/bai-viet/quyet-dinh-so-412015-ho-tro-chinh-sach-hoc-bong-va-chi-phi-mua-do-dung-hoc-tap-cho-sinh,https://ctsv.uit.edu.vn/sites/default/files/201511/41_qd_dhcntt_ctsv19_11_2015_scan.pdf,manifested,True,,
https://ctsv.uit.edu.vn/bai-viet/quyet-dinh-so-412016-trao-hoc-bong-toan-thong-tin,https://ctsv.uit.edu.vn/sites/default/files/201609/41_qd_dhcntt_ctsv5_9_2016_scan.pdf,manifested,True,,
https://ctsv.uit.edu.vn/bai-viet/quyet-dinh-so-4122022-tang-giay-khen-sinh-vien-tot-nghiep-thu-khoa-nganh-dot-1-nam-2022,https://ctsv.uit.edu.vn/sites/default/files/202207/412_qd_dhcntt15_6_2022_scan.pdf,manifested,True,,
https://ctsv.uit.edu.vn/bai-viet/quyet-dinh-so-4132023-trao-hoc-bong-tai-tro-cho-sinh-vien-co-hoan-canh-kho-khan-nam-hoc,https://ctsv.uit.edu.vn/sites/default/files/202306/413_qd_dhcntt08_05_2023_scan.pdf,manifested,True,,
https://ctsv.uit.edu.vn/bai-viet/quyet-dinh-so-4122024-khen-thuong-giang-vien-huong-dan-sinh-vien-dat-giai-ky-thi-olymlic,https://ctsv.uit.edu.vn/sites/default/files/uploads/files/202408/412_qd_dhcntt08_05_2024_scan.pdf,manifested,True,,
https://ctsv.uit.edu.vn/bai-viet/quyet-dinh-so-4142023-khen-thuong-giang-vien-huong-dan-sinh-vien-dat-giai-ky-thi-olympic,https://ctsv.uit.edu.vn/sites/default/files/202306/414_qd_dhcntt08_05_2023_scan.pdf,manifested,True,,
https://ctsv.uit.edu.vn/bai-viet/quyet-dinh-so-420-cap-hoc-bong-kkht-cho-sinh-vien-vuot-kho-hoc-tot-hoc-ky-1-nam-hoc-2018,https://ctsv.uit.edu.vn/sites/default/files/201908/420_qd_dhcntt22_7_2019_scan.pdf,manifested,True,,
https://ctsv.uit.edu.vn/bai-viet/quyet-dinh-so-4212019-cap-hoc-bong-kkht-hoc-ky-1-nam-hoc-2018-2019-cho-sinh-vien-he-chinh,https://ctsv.uit.edu.vn/sites/default/files/201908/421_qd_dhcntt22_7_2019_scan.pdf,manifested,True,,
https://ctsv.uit.edu.vn/bai-viet/quyet-dinh-so-422015-ho-tro-chi-phi-mua-do-dung-hoc-tap-cho-sinh-vien-dan-toc-thieu-so,https://ctsv.uit.edu.vn/sites/default/files/201511/42_qd_dhcntt_ctsv19_11_2015_scan.pdf,manifested,True,,
https://ctsv.uit.edu.vn/bai-viet/quyet-dinh-so-422016-cong-tac-can-bo-lop-cntt2015,https://ctsv.uit.edu.vn/sites/default/files/201609/42_qd_dhcntt_ctsv7_9_2016_scan.pdf,manifested,True,,
https://ctsv.uit.edu.vn/bai-viet/quyet-dinh-so-4292026-tang-giay-khen-cho-sinh-vien-nganh-toan-thong-tin-dat-thanh-tich-tot,https://ctsv.uit.edu.vn/sites/default/files/uploads/files/202604/429_qd_dhcntt17_04_2026_scan.pdf,manifested,True,,
https://ctsv.uit.edu.vn/bai-viet/quyet-dinh-so-4302026-tang-giay-khen-cho-sinh-vien-nganh-cong-nghe-thong-tin-dat-thanh-tich,https://ctsv.uit.edu.vn/sites/default/files/uploads/files/202604/430_qd_dhcntt17_04_2026_scan.pdf,manifested,True,,
https://ctsv.uit.edu.vn/bai-viet/quyet-dinh-so-4312026-tang-giay-khen-cho-sinh-vien-nganh-khoa-hoc-du-lieu-dat-thanh-tich,https://ctsv.uit.edu.vn/sites/default/files/uploads/files/202604/431_qd_dhcntt17_04_2026_scan.pdf,manifested,True,,
https://ctsv.uit.edu.vn/bai-viet/quyet-dinh-so-432015-thanh-lap-ban-chi-dao-ban-chuc-le-tot-nghiep-va-trao-bang-thac-si-ky,https://ctsv.uit.edu.vn/sites/default/files/201511/43_qd_dhcntt_ctsv19_11_2015_scan.pdf,manifested,True,,
https://ctsv.uit.edu.vn/bai-viet/quyet-dinh-so-432016-thanh-lap-lop-sinh-hoat-khoa-2016-nam-hoc-2016-2017,https://ctsv.uit.edu.vn/sites/default/files/201609/43_qd_dhcntt_ctsv14_9_2016_scan.pdf,manifested,True,,
https://ctsv.uit.edu.vn/bai-viet/quyet-dinh-so-4322026-tang-giay-khen-cho-sinh-vien-nganh-khoa-hoc-may-tinh-dat-thanh-tich,https://ctsv.uit.edu.vn/sites/default/files/uploads/files/202604/432_qd_dhcntt17_04_2026_scan.pdf,manifested,True,,
https://ctsv.uit.edu.vn/bai-viet/quyet-dinh-so-4332026-tang-giay-khen-cho-sinh-vien-nganh-he-thongthong-tin-dat-thanh-tich,https://ctsv.uit.edu.vn/sites/default/files/uploads/files/202604/433_qd_dhcntt17_04_2026_scan.pdf,manifested,True,,
https://ctsv.uit.edu.vn/bai-viet/quyet-dinh-so-4342026-tang-giay-khen-cho-sinh-vien-nganh-ky-thuat-may-tinh-dat-thanh-tich,https://ctsv.uit.edu.vn/sites/default/files/uploads/files/202604/434_qd_dhcntt17_04_2026_scan.pdf,manifested,True,,
https://ctsv.uit.edu.vn/bai-viet/quyet-dinh-so-4352026-tang-giay-khen-cho-sinh-vien-nganh-ky-thuat-phan-mem-dat-thanh-tich,https://ctsv.uit.edu.vn/sites/default/files/uploads/files/202604/435_qd_dhcntt17_04_2026_scan.pdf,manifested,True,,
https://ctsv.uit.edu.vn/bai-viet/quyet-dinh-so-4362026-tang-giay-khen-cho-sinh-vien-nganh-mang-may-tinh-va-truyen-thong-du,https://ctsv.uit.edu.vn/sites/default/files/uploads/files/202604/436_qd_dhcntt17_04_2026_scan.pdf,manifested,True,,
https://ctsv.uit.edu.vn/bai-viet/quyet-dinh-so-4372026-tang-giay-khen-cho-sinh-vien-nganh-thiet-ke-vi-mach-dat-thanh-tich,https://ctsv.uit.edu.vn/sites/default/files/uploads/files/202604/437_qd_dhcntt17_04_2026_scan.pdf,manifested,True,,
https://ctsv.uit.edu.vn/bai-viet/quyet-dinh-so-437-tang-giay-khen-cho-sinh-vien-dat-thanh-tich-tot-trong-hoc-tap-va-ren,https://ctsv.uit.edu.vn/sites/default/files/201908/437_qd_dhcntt30_7_2019_scan.pdf,manifested,True,,
https://ctsv.uit.edu.vn/bai-viet/quyet-dinh-so-4382026-tang-giay-khen-cho-sinh-vien-nganh-tri-tue-nhan-tao-dat-thanh-tich,https://ctsv.uit.edu.vn/sites/default/files/uploads/files/202604/438_qd_dhcntt17_04_2026_scan.pdf,manifested,True,,
https://ctsv.uit.edu.vn/bai-viet/quyet-dinh-so-4392026-tang-giay-khen-cho-sinh-vien-nganh-thuong-mai-dien-tu-dat-thanh-tich,https://ctsv.uit.edu.vn/sites/default/files/uploads/files/202604/439_qd_dhcntt17_04_2026_scan.pdf,manifested,True,,
https://ctsv.uit.edu.vn/bai-viet/quyet-dinh-so-4402026-tang-giay-khen-cho-sinh-vien-nganh-truyen-thong-da-phuong-tien-dat,https://ctsv.uit.edu.vn/sites/default/files/uploads/files/202604/440_qd_dhcntt17_04_2026_scan.pdf,manifested,True,,
https://ctsv.uit.edu.vn/bai-viet/quyet-dinh-so-4412026-khen-thuong-giang-vien-huong-dan-sinh-vien-dat-giai-trong-cuoc-thi,https://ctsv.uit.edu.vn/sites/default/files/uploads/files/202604/441_qd_dhcntt17_04_2026_scan.pdf,manifested,True,,
https://ctsv.uit.edu.vn/bai-viet/quyet-dinh-so-442015-khen-thuong-sinh-vien-5-tot-sinh-vien-5-tot-tieu-bieu-va-sinh-vien-5,https://ctsv.uit.edu.vn/sites/default/files/201511/44_qd_dhcntt_ctsv19_11_2015_scan.pdf,manifested,True,,
https://ctsv.uit.edu.vn/bai-viet/quyet-dinh-so-442016-cong-tac-can-bo-lop-khmt2014,https://ctsv.uit.edu.vn/sites/default/files/201609/44_qd_dhcntt_ctsv19_9_2016_scan.pdf,manifested,True,,
https://ctsv.uit.edu.vn/bai-viet/quyet-dinh-so-4422026-trao-hoc-bong-tai-tro-cho-sinh-vien-chuong-trinh-hoc-bong-gems,https://ctsv.uit.edu.vn/sites/default/files/uploads/files/202604/442_qd_dhcntt17_04_2026_scan.pdf,manifested,True,,
https://ctsv.uit.edu.vn/bai-viet/quyet-dinh-so-4462020-khen-thuong-hoc-vien-cao-hoc-dat-thanh-tich-cao-trong-ky-thi-tuyen,https://ctsv.uit.edu.vn/sites/default/files/202011/446_qd_dhcntt_06_08_2020_scan.pdf,manifested,True,,
https://ctsv.uit.edu.vn/bai-viet/quyet-dinh-so-4452020-tang-giay-khen-cho-sinh-vien-dat-thanh-tich-tot-trong-hoc-tap-va-ren,https://ctsv.uit.edu.vn/sites/default/files/202011/445_qd_dhcntt_05_08_2020_scan.pdf,manifested,True,,
https://ctsv.uit.edu.vn/bai-viet/quyet-dinh-so-4462025-cu-sinh-vien-tham-gia-cuoc-thi-lap-trinh-xe-tu-hanh-bosch-future,https://ctsv.uit.edu.vn/sites/default/files/uploads/files/202504/446_qd_dhcntt10_04_2025_scan.pdf,manifested,True,,
https://ctsv.uit.edu.vn/bai-viet/quyet-dinh-so-4472022-trao-hoc-bong-uit-global-thang-4-5-nam-2022,https://ctsv.uit.edu.vn/sites/default/files/202207/447_qd_dhcntt27_6_2022_scan.pdf,manifested,True,,
https://ctsv.uit.edu.vn/bai-viet/quyet-dinh-so-4482022-danh-sach-sinh-vien-chuong-trinh-tai-nang-nganh-toan-thong-tin-nhan,https://ctsv.uit.edu.vn/sites/default/files/202207/448_qd_dhcntt27_6_2022_scan.pdf,manifested,True,,
https://ctsv.uit.edu.vn/bai-viet/quyet-dinh-so-4492022-tang-giay-khen-cho-sinh-vien-va-hoc-vien-cao-hoc-co-bai-bao-nghien,https://ctsv.uit.edu.vn/sites/default/files/202207/449_qd_dhcntt27_6_2022_scan.pdf,manifested,True,,
https://ctsv.uit.edu.vn/bai-viet/quyet-dinh-so-4492023-trao-hoc-bong-tai-tro-cho-sinh-vien-do-cong-ty-dxc-tai-tro,https://ctsv.uit.edu.vn/sites/default/files/202306/449_qd_dhcntt17_05_2023_scan.pdf,manifested,True,,
https://ctsv.uit.edu.vn/bai-viet/quyet-dinh-so-4502022-danh-sach-sinh-vien-chuong-trinh-tai-nang-nganh-khoa-hoc-may-tinh,https://ctsv.uit.edu.vn/sites/default/files/202207/450_qd_dhcntt27_6_2022_scan.pdf,manifested,True,,
https://ctsv.uit.edu.vn/bai-viet/quyet-dinh-so-4502023-trao-hoc-bong-tai-tro-cho-sinh-vien-do-cong-ty-geotech-hub-tai-tro,https://ctsv.uit.edu.vn/sites/default/files/202306/450_qd_dhcntt17_05_2023_scan.pdf,manifested,True,,
https://ctsv.uit.edu.vn/bai-viet/quyet-dinh-so-452016-cong-tac-co-van-hoc-tap-khoa-2016,https://ctsv.uit.edu.vn/sites/default/files/201609/45_qd_dhcntt_ctsv19_9_2016_scan_0.pdf,manifested,True,,
https://ctsv.uit.edu.vn/bai-viet/quyet-dinh-so-452015-trao-hoc-bong-salang-foundation-cho-sinh-vien-khoa-2015,https://ctsv.uit.edu.vn/sites/default/files/201511/45_qd_dhcntt_ctsv19_11_2015_scan.pdf,manifested,True,,
https://ctsv.uit.edu.vn/bai-viet/quyet-dinh-so-452023-trao-hoc-bong-uit-global-cho-sv-khoa-2022-do-ngan-hang-vcb-tai-tro,https://ctsv.uit.edu.vn/sites/default/files/202303/45_qd_dhcntt30_01_2023_scan.pdf,manifested,True,,
https://ctsv.uit.edu.vn/bai-viet/quyet-dinh-so-4602025-khen-thuong-giang-vien-huong-dan-va-sinh-vien-dat-thanh-tich-cao-ky,https://ctsv.uit.edu.vn/sites/default/files/uploads/files/202506/460_qd_dhcntt14_04_2025_scan.pdf,manifested,True,,
https://ctsv.uit.edu.vn/bai-viet/quyet-dinh-so-462015-khen-thuong-doi-tuyen-dat-giai-nhat-cuoc-thi-toan-mang-cyber-sea-game,https://ctsv.uit.edu.vn/sites/default/files/201511/46_qd_dhcntt_ctsv19_11_2015_scan.pdf,manifested,True,,
https://ctsv.uit.edu.vn/bai-viet/quyet-dinh-so-462016-cong-tac-co-van-hoc-tap-lop-mtcl20152,https://ctsv.uit.edu.vn/sites/default/files/201610/46_qd_dhcntt_ctsv28_9_2016_scan.pdf,manifested,True,,
https://ctsv.uit.edu.vn/bai-viet/quyet-dinh-so-472015-khen-thuong-doi-tuyen-dat-giai-cuoc-thi-quoc-gia-sinh-vien-voi-toan,https://ctsv.uit.edu.vn/sites/default/files/201511/47_qd_dhcntt_ctsv19_11_2015_scan.pdf,manifested,True,,
https://ctsv.uit.edu.vn/bai-viet/quyet-dinh-so-472016-khen-thuong-cac-ca-nhan-dong-gop-tich-cuc-trong-cong-tac-doan-hoi-nam,https://ctsv.uit.edu.vn/sites/default/files/201610/47_qd_dhcntt_ctsv29_9_2016_scan.pdf,manifested,True,,
https://ctsv.uit.edu.vn/bai-viet/quyet-dinh-so-4742025-cu-sinh-vien-tham-gia-hoi-nghi-cvpr-va-tham-gia-cuoc-thi-ivise-2025,https://ctsv.uit.edu.vn/sites/default/files/uploads/files/202506/474_qd_dhcntt16_04_2025_scan.pdf,manifested,True,,
https://ctsv.uit.edu.vn/bai-viet/quyet-dinh-so-4772018-bo-nhiem-cvht-khoa-2018,https://ctsv.uit.edu.vn/sites/default/files/201808/477_qd-dhcntt20_08_2018_scan.pdf,manifested,True,,
https://ctsv.uit.edu.vn/bai-viet/quyet-dinh-so-4782020-cap-hoc-bong-khuyen-khich-hoc-tap-hoc-ky-1-nam-hoc-2019-2020-cho-sinh,https://ctsv.uit.edu.vn/sites/default/files/202011/478_qd_dhcntt14_08_2020_scan.pdf,manifested,True,,
https://ctsv.uit.edu.vn/bai-viet/quyet-dinh-so-4792018-thanh-lap-lop-sinh-hoat-khoa-tuyen-2018,https://ctsv.uit.edu.vn/sites/default/files/201808/479_qd-dhcntt22_08_2018_scan.pdf,manifested,True,,
https://ctsv.uit.edu.vn/bai-viet/quyet-dinh-so-4792018-thanh-lap-lop-sinh-hoat-khoa-tuyen-2018,https://ctsv.uit.edu.vn/sites/default/files/201808/dssv_khoa_2018.pdf,manifested,True,,
https://ctsv.uit.edu.vn/bai-viet/quyet-dinh-so-482015-cap-ho-tro-chi-phi-hoc-tap-cho-sinh-vien-dan-toc-thieu-so-hoc-ky-2-nam,https://ctsv.uit.edu.vn/sites/default/files/201512/48_qd_dhcntt_ctsv02_12_2015_scan.pdf,manifested,True,,
https://ctsv.uit.edu.vn/bai-viet/quyet-dinh-so-482016-cu-sinh-vien-tham-du-dien-dan-thu-linh-sinh-vien-dong-nam-2016,https://ctsv.uit.edu.vn/sites/default/files/201610/48_qd_dhcntt_ctsv12_10_2016_scan.pdf,manifested,True,,
https://ctsv.uit.edu.vn/bai-viet/quyet-dinh-so-4822020-cap-hoc-bong-cho-sinh-vien-co-hoan-canh-kho-khan-bi-anh-huong-boi,https://ctsv.uit.edu.vn/sites/default/files/202011/482_qd_dhcntt14_08_2020_scan.pdf,manifested,True,,
https://ctsv.uit.edu.vn/bai-viet/quyet-dinh-so-4832020-ky-luat-sinh-vien,https://ctsv.uit.edu.vn/sites/default/files/202011/483_qd_dhcntt14_08_2020_scan.pdf,manifested,True,,
https://ctsv.uit.edu.vn/bai-viet/quyet-dinh-so-4892019-thanh-lap-cac-lop-sinh-vien-khoa-2019,https://ctsv.uit.edu.vn/sites/default/files/201909/489_qd_dhcntt19_08_2019_thanh_lap_lop_k2019.pdf,manifested,True,,
https://ctsv.uit.edu.vn/bai-viet/quyet-dinh-so-4892023-tang-giay-khen-cho-sinh-vien-dat-thanh-tich-tot-trong-hoc-tap-hk1-nam,https://ctsv.uit.edu.vn/sites/default/files/202306/489_qd_dhcntt24_05_2023_scan.pdf,manifested,True,,
https://ctsv.uit.edu.vn/bai-viet/quyet-dinh-so-4902019-bo-nhiem-cvht-cac-lop-sinh-vien-khoa-2019,https://ctsv.uit.edu.vn/sites/default/files/201909/490_qd_dhcntt19_08_2019_cvht_k2019.pdf,manifested,True,,
https://ctsv.uit.edu.vn/bai-viet/quyet-dinh-so-4912023-tang-giay-khen-cho-sinh-vien-nganh-mang-may-tinh-va-truyen-thong-du,https://ctsv.uit.edu.vn/sites/default/files/202306/491_qd_dhcntt24_05_2023_scan.pdf,manifested,True,,
https://ctsv.uit.edu.vn/bai-viet/quyet-dinh-so-4902023-tang-giay-khen-cho-sinh-vien-nganh-thuong-mai-dien-tu-dat-thanh-tich,https://ctsv.uit.edu.vn/sites/default/files/202306/490_qd_dhcntt24_05_2023_scan.pdf,manifested,True,,
https://ctsv.uit.edu.vn/bai-viet/quyet-dinh-so-492015-cap-ho-tro-chi-phi-hoc-tap-cho-sinh-vien-dan-toc-thieu-so-hoc-ky-1-nam,https://ctsv.uit.edu.vn/sites/default/files/201512/49_qd_dhcntt_ctsv02_12_2015_scan.pdf,manifested,True,,
https://ctsv.uit.edu.vn/bai-viet/quyet-dinh-so-492016-thanh-lap-ban-lien-lac-cuu-sinh-vien-truong-dh-cntt-lam-thoi,https://ctsv.uit.edu.vn/sites/default/files/201611/49_qd_dhcntt_ctsv21_10_2016_scan.pdf,manifested,True,,
https://ctsv.uit.edu.vn/bai-viet/quyet-dinh-so-4922023-tang-giay-khen-cho-sinh-vien-nganh-ky-thuat-phan-mem-dat-thanh-tich,https://ctsv.uit.edu.vn/sites/default/files/202306/492_qd_dhcntt24_05_2023_scan.pdf,manifested,True,,
https://ctsv.uit.edu.vn/bai-viet/quyet-dinh-so-4932023-tang-giay-khen-cho-sinh-vien-nganh-ky-thuat-may-tinh-dat-thanh-tich,https://ctsv.uit.edu.vn/sites/default/files/202306/493_qd_dhcntt24_05_2023_scan.pdf,manifested,True,,
https://ctsv.uit.edu.vn/bai-viet/quyet-dinh-so-4942023-tang-giay-khen-cho-sinh-vien-nganh-khoa-hoc-may-tinh-dat-thanh-tich,https://ctsv.uit.edu.vn/sites/default/files/202306/494_qd_dhcntt24_05_2023_scan.pdf,manifested,True,,
https://ctsv.uit.edu.vn/bai-viet/quyet-dinh-so-4952023-tang-giay-khen-cho-sinh-vien-nganh-khoa-hoc-du-lieu-dat-thanh-tich,https://ctsv.uit.edu.vn/sites/default/files/202306/495_qd_dhcntt24_05_2023_scan.pdf,manifested,True,,
https://ctsv.uit.edu.vn/bai-viet/quyet-dinh-so-4962023-tang-giay-khen-cho-sinh-vien-nganh-he-thong-thong-tin-dat-thanh-tich,https://ctsv.uit.edu.vn/sites/default/files/202306/496_qd_dhcntt24_05_2023_scan.pdf,manifested,True,,
https://ctsv.uit.edu.vn/bai-viet/quyet-dinh-so-4972023-tang-giay-khen-cho-sinh-vien-nganh-cong-nghe-thong-tin-dat-thanh-tich,https://ctsv.uit.edu.vn/sites/default/files/202306/497_qd_dhcntt24_05_2023_scan.pdf,manifested,True,,
https://ctsv.uit.edu.vn/bai-viet/quyet-dinh-so-4982023-tang-giay-khen-cho-sinh-vien-nganh-toan-thong-tin-dat-thanh-tich-tot,https://ctsv.uit.edu.vn/sites/default/files/202306/498_qd_dhcntt24_05_2023_scan.pdf,manifested,True,,
https://ctsv.uit.edu.vn/bai-viet/quyet-dinh-so-502015-cap-ho-tro-chi-phi-hoc-tap-cho-sinh-vien-dan-toc-thieu-so-hoc-ky-2-nam,https://ctsv.uit.edu.vn/sites/default/files/201512/50_qd_dhcntt_ctsv02_12_2015_scan.pdf,manifested,True,,
https://ctsv.uit.edu.vn/bai-viet/quyet-dinh-so-502016-cong-tac-co-van-hoc-tap-lop-khtn2012,https://ctsv.uit.edu.vn/sites/default/files/201611/50_qd_dhcntt_ctsv11_11_2016_scan.pdf,manifested,True,,
https://ctsv.uit.edu.vn/bai-viet/quyet-dinh-so-5062025-cap-hoc-bong-khuyen-khich-hoc-tap-duy-tri-hoc-ky-2-nam-hoc-2024-2025,https://ctsv.uit.edu.vn/sites/default/files/uploads/files/202506/506_qd_dhcntt25_04_2025_scan.pdf,manifested,True,,
https://ctsv.uit.edu.vn/bai-viet/quyet-dinh-so-5072025-trao-hoc-bong-uit-global-thang-02-03-nam-2025,https://ctsv.uit.edu.vn/sites/default/files/uploads/files/202506/507_qd_dhcntt28_04_2025_scan.pdf,manifested,True,,
https://ctsv.uit.edu.vn/bai-viet/quyet-dinh-so-5092018-bo-nhiem-cvht-lop-htcl2015do-thi-minh-phung,https://ctsv.uit.edu.vn/sites/default/files/201809/509_qd_dhcntt29_8_2018_scan.pdf,manifested,True,,
https://ctsv.uit.edu.vn/bai-viet/quyet-dinh-so-5102018-thoi-cvht-lop-attn2016nguyen-anh-tuan,https://ctsv.uit.edu.vn/sites/default/files/201809/510_qd_dhcntt29_8_2018_scan.pdf,manifested,True,,
https://ctsv.uit.edu.vn/bai-viet/quyet-dinh-so-5112018-bo-nhiem-cvht-lop-attt2017-nguyen-nhat-quang,https://ctsv.uit.edu.vn/sites/default/files/201809/511_qd_dhcntt29_8_2018_scan.pdf,manifested,True,,
https://ctsv.uit.edu.vn/bai-viet/quyet-dinh-so-512015-mien-giam-hoc-phi-cho-sinh-vien-nam-hoc-2015-2016-bo-sung,https://ctsv.uit.edu.vn/sites/default/files/201512/51_qd_dhcntt_ctsv02_12_2015_scan.pdf,manifested,True,,
https://ctsv.uit.edu.vn/bai-viet/quyet-dinh-so-512016-cong-tac-co-van-hoc-tap-lop-htcl2015,https://ctsv.uit.edu.vn/sites/default/files/201611/51_qd_dhcntt_ctsv11_11_2016_scan.pdf,manifested,True,,
https://ctsv.uit.edu.vn/bai-viet/quyet-dinh-so-5122018-khen-thuong-sinh-vien-dat-danh-hieu-thu-khoa-khoa-ky-tuyen-sinh-dai,https://ctsv.uit.edu.vn/sites/default/files/201809/512_qd_dhcntt29_8_2018_scan.pdf,manifested,True,,
https://ctsv.uit.edu.vn/bai-viet/quyet-dinh-so-5122022-trao-hoc-bong-uit-global-thang-6-nam-2022,https://ctsv.uit.edu.vn/sites/default/files/202210/512_qd_dhcntt13_7_2022_scan.pdf,manifested,True,,
https://ctsv.uit.edu.vn/bai-viet/quyet-dinh-so-5132018-khen-thuong-tan-sinh-vien-dat-thanh-tich-tot-ky-tuyen-sinh-dai-hoc,https://ctsv.uit.edu.vn/sites/default/files/201809/513_qd_dhcntt29_8_2018_scan.pdf,manifested,True,,
https://ctsv.uit.edu.vn/bai-viet/quyet-dinh-so-5132021-trao-hoc-bong-uit-anticovid-19-cho-sinh-vien-he-chinh-quy-co-hoan,https://ctsv.uit.edu.vn/sites/default/files/202201/513_qd_dhcntt23_08_2021_scan.pdf,manifested,True,,
https://ctsv.uit.edu.vn/bai-viet/quyet-dinh-so-5132023-mien-giam-hoc-phi-cho-sinh-vien-hk2-dot-2-nam-2022-2023,https://ctsv.uit.edu.vn/sites/default/files/202306/513_qd_dhcntt26_05_2023_scan.pdf,manifested,True,,
https://ctsv.uit.edu.vn/bai-viet/quyet-dinh-so-5142018-trao-hoc-bong-tuyen-sinh-nam-2018,https://ctsv.uit.edu.vn/sites/default/files/201809/514_qd_dhcntt29_8_2018_scan.pdf,manifested,True,,
https://ctsv.uit.edu.vn/bai-viet/quyet-dinh-so-5142021-trao-hoc-bong-uit-anticovid-19-cho-sinh-vien-chuong-trinh-lien-ket,https://ctsv.uit.edu.vn/sites/default/files/202201/514_qd_dhcntt23_08_2021_scan.pdf,manifested,True,,
https://ctsv.uit.edu.vn/bai-viet/quyet-dinh-so-5142023-tro-cap-xa-hoi-cho-sinh-vien-hk2-nam-hoc-2022-2023,https://ctsv.uit.edu.vn/sites/default/files/202306/514_qd_dhcntt26_05_2023_scan.pdf,manifested,True,,
https://ctsv.uit.edu.vn/bai-viet/quyet-dinh-so-5152023-ho-tro-chinh-sach-hoc-bong-va-chi-phi-mua-do-dung-hoc-tap-cho-sinh,https://ctsv.uit.edu.vn/sites/default/files/202306/515_qd_dhcntt26_05_2023_scan.pdf,manifested,True,,
https://ctsv.uit.edu.vn/bai-viet/quyet-dinh-so-5162023-ho-tro-chi-phi-hoc-tap-cho-sinh-vien-dan-toc-thieu-so-hk2-nam-hoc,https://ctsv.uit.edu.vn/sites/default/files/202306/516_qd_dhcntt26_05_2023_scan.pdf,manifested,True,,
https://ctsv.uit.edu.vn/bai-viet/quyet-dinh-so-5162025-thanh-lap-ban-chi-dao-ban-chuc-le-tot-nghiep-va-trao-bang-tien-si,https://ctsv.uit.edu.vn/sites/default/files/uploads/files/202506/516_qd_dhcntt05_05_2025_scan.pdf,manifested,True,,
https://ctsv.uit.edu.vn/bai-viet/quyet-dinh-so-5172019-khen-thuong-sinh-vien-dat-danh-hieu-thu-khoa-ky-tuyen-sinh-dai-hoc,https://ctsv.uit.edu.vn/sites/default/files/201909/517_qd_dhcntt26_8_2019_scan.pdf,manifested,True,,
https://ctsv.uit.edu.vn/bai-viet/quyet-dinh-so-5172021-trao-hoc-bong-uit-anticovid-19-cho-sinh-vien-khoa-cong-nghe-phan-mem,https://ctsv.uit.edu.vn/sites/default/files/202201/517_qd_dhcntt24_08_2021_scan.pdf,manifested,True,,
https://ctsv.uit.edu.vn/bai-viet/quyet-dinh-so-5182021-trao-hoc-bong-uit-anticovid-19-cho-25-sinh-vien-co-hoan-canh-kho-khan,https://ctsv.uit.edu.vn/sites/default/files/202201/518_qd_dhcntt24_08_2021_scan.pdf,manifested,True,,
https://ctsv.uit.edu.vn/bai-viet/quyet-dinh-so-5192018-trao-hoc-bong-tai-tro-cua-rosen-cho-hoc-vien-cao-hoc-khoa-2017-co,https://ctsv.uit.edu.vn/sites/default/files/201809/519_qd_dhcntt30_8_2018_scan.pdf,manifested,True,,
https://ctsv.uit.edu.vn/bai-viet/quyet-dinh-so-5192021-tang-giay-khen-cho-sinh-vien-nganh-attt-co-thanh-tich-tot-trong-hoc,https://ctsv.uit.edu.vn/sites/default/files/202111/519_qd_dhcntt24_8_2021.pdf,manifested,True,,
https://ctsv.uit.edu.vn/bai-viet/quyet-dinh-so-5192021-tang-giay-khen-cho-sinh-vien-nganh-attt-co-thanh-tich-tot-trong-hoc-0,https://ctsv.uit.edu.vn/sites/default/files/202111/519_qd_dhcntt24_8_2021_0.pdf,manifested,True,,
https://ctsv.uit.edu.vn/bai-viet/quyet-dinh-so-5212025-thanh-lap-hoi-dong-khao-sat-xac-dinh-chi-so-hai-long-cua-sinh-vien,https://ctsv.uit.edu.vn/sites/default/files/uploads/files/202506/521_qd_dhcntt07_05_2025_scan.pdf,manifested,True,,
https://ctsv.uit.edu.vn/bai-viet/quyet-dinh-so-522016-cong-tac-co-van-hoc-tap-lop-khmt2012,https://ctsv.uit.edu.vn/sites/default/files/201611/52_qd_dhcntt_ctsv11_11_2016_scan.pdf,manifested,True,,
https://ctsv.uit.edu.vn/bai-viet/quyet-dinh-so-522015-cong-nhan-ket-qua-danh-gia-diem-ren-luyen-sinh-vien-hoc-ky-2-nam-hoc,https://ctsv.uit.edu.vn/sites/default/files/201512/52_qd_dhcntt_ctsv10_12_2015_scan.pdf,manifested,True,,
https://ctsv.uit.edu.vn/bai-viet/quyet-dinh-so-5222021-tang-giay-khen-cho-sinh-vien-nganh-httt-co-thanh-tich-tot-trong-hoc,https://ctsv.uit.edu.vn/sites/default/files/202111/522_qd_dhcntt30_8_2021.pdf,manifested,True,,
https://ctsv.uit.edu.vn/bai-viet/quyet-dinh-so-5222024-thanh-lap-hoi-dong-xet-hoc-bong-khuyen-khich-hoc-tap-hoc-bong-chuong,https://ctsv.uit.edu.vn/sites/default/files/uploads/files/202408/522_qd_dhcntt28_05_2024_scan.pdf,manifested,True,,
https://ctsv.uit.edu.vn/bai-viet/quyet-dinh-so-5222021-tang-giay-khen-cho-sinh-vien-nganh-httt-co-thanh-tich-tot-trong-hoc-0,https://ctsv.uit.edu.vn/sites/default/files/202111/522_qd_dhcntt30_8_2021_0.pdf,manifested,True,,
https://ctsv.uit.edu.vn/bai-viet/quyet-dinh-so-5232021-tang-giay-khen-cho-sinh-vien-nganh-mmttt-co-thanh-tich-tot-trong-0,https://ctsv.uit.edu.vn/sites/default/files/202111/523_qd_dhcntt30_8_2021_0.pdf,manifested,True,,
https://ctsv.uit.edu.vn/bai-viet/quyet-dinh-so-5232021-tang-giay-khen-cho-sinh-vien-nganh-mmttt-co-thanh-tich-tot-trong-hoc,https://ctsv.uit.edu.vn/sites/default/files/202111/523_qd_dhcntt30_8_2021.pdf,manifested,True,,
https://ctsv.uit.edu.vn/bai-viet/quyet-dinh-so-5232024-cu-dai-dien-tham-gia-cuoc-thi-toan-thong-tin-2024-hacktheon-sejong,https://ctsv.uit.edu.vn/sites/default/files/uploads/files/202408/523_qd_dhcntt28_05_2024_scan.pdf,manifested,True,,
https://ctsv.uit.edu.vn/bai-viet/quyet-dinh-so-5242021-tang-giay-khen-cho-sinh-vien-nganh-khdl-co-thanh-tich-tot-trong-hoc,https://ctsv.uit.edu.vn/sites/default/files/202111/524_qd_dhcntt30_8_2021.pdf,manifested,True,,
https://ctsv.uit.edu.vn/bai-viet/quyet-dinh-so-5242021-tang-giay-khen-cho-sinh-vien-nganh-khdl-co-thanh-tich-tot-trong-hoc-0,https://ctsv.uit.edu.vn/sites/default/files/202111/524_qd_dhcntt30_8_2021_0.pdf,manifested,True,,
https://ctsv.uit.edu.vn/bai-viet/quyet-dinh-so-5252021-tang-giay-khen-cho-sinh-vien-nganh-ktmt-co-thanh-tich-tot-trong-hoc,https://ctsv.uit.edu.vn/sites/default/files/202111/525_qd_dhcntt30_8_2021.pdf,manifested,True,,
https://ctsv.uit.edu.vn/bai-viet/quyet-dinh-so-5252021-tang-giay-khen-cho-sinh-vien-nganh-ktmt-co-thanh-tich-tot-trong-hoc-0,https://ctsv.uit.edu.vn/sites/default/files/202111/525_qd_dhcntt30_8_2021_0.pdf,manifested,True,,
https://ctsv.uit.edu.vn/bai-viet/quyet-dinh-so-5253542022-trao-hoc-bong-uit-anticovid-19-cho-sinh-vien-co-hoan-canh-kho-khan,https://ctsv.uit.edu.vn/sites/default/files/202201/52_qd_dhcntt26_01_2022_scan.pdf,manifested,True,,
https://ctsv.uit.edu.vn/bai-viet/quyet-dinh-so-5253542022-trao-hoc-bong-uit-anticovid-19-cho-sinh-vien-co-hoan-canh-kho-khan,https://ctsv.uit.edu.vn/sites/default/files/202201/53_qd_dhcntt26_01_2022_scan.pdf,manifested,True,,
https://ctsv.uit.edu.vn/bai-viet/quyet-dinh-so-5253542022-trao-hoc-bong-uit-anticovid-19-cho-sinh-vien-co-hoan-canh-kho-khan,https://ctsv.uit.edu.vn/sites/default/files/202201/54_qd_dhcntt26_01_2022_scan.pdf,manifested,True,,
https://ctsv.uit.edu.vn/bai-viet/quyet-dinh-so-5262021-tang-giay-khen-cho-sinh-vien-nganh-tmdt-co-thanh-tich-tot-trong-hoc,https://ctsv.uit.edu.vn/sites/default/files/202111/526_qd_dhcntt30_8_2021.pdf,manifested,True,,
https://ctsv.uit.edu.vn/bai-viet/quyet-dinh-so-5262021-tang-giay-khen-cho-sinh-vien-nganh-tmdt-co-thanh-tich-tot-trong-hoc-0,https://ctsv.uit.edu.vn/sites/default/files/202111/526_qd_dhcntt30_8_2021_0.pdf,manifested,True,,
https://ctsv.uit.edu.vn/bai-viet/quyet-dinh-so-5272021-tang-giay-khen-cho-sinh-vien-nganh-cntt-co-thanh-tich-tot-trong-hoc,https://ctsv.uit.edu.vn/sites/default/files/202111/527_qd_dhcntt30_8_2021.pdf,manifested,True,,
https://ctsv.uit.edu.vn/bai-viet/quyet-dinh-so-5272021-tang-giay-khen-cho-sinh-vien-nganh-cntt-co-thanh-tich-tot-trong-hoc-0,https://ctsv.uit.edu.vn/sites/default/files/202111/527_qd_dhcntt30_8_2021_0.pdf,manifested,True,,
https://ctsv.uit.edu.vn/bai-viet/quyet-dinh-so-5282021-tang-giay-khen-cho-sinh-vien-nganh-khmt-co-thanh-tich-tot-trong-hoc,https://ctsv.uit.edu.vn/sites/default/files/202111/528_qd_dhcntt30_8_2021.pdf,manifested,True,,
https://ctsv.uit.edu.vn/bai-viet/quyet-dinh-so-5282021-tang-giay-khen-cho-sinh-vien-nganh-khmt-co-thanh-tich-tot-trong-hoc-0,https://ctsv.uit.edu.vn/sites/default/files/202111/528_qd_dhcntt30_8_2021_0.pdf,manifested,True,,
https://ctsv.uit.edu.vn/bai-viet/quyet-dinh-so-5292021-tang-giay-khen-cho-sinh-vien-nganh-ktpm-co-thanh-tich-tot-trong-hoc,https://ctsv.uit.edu.vn/sites/default/files/202111/529_qd_dhcntt30_8_2021.pdf,manifested,True,,
https://ctsv.uit.edu.vn/bai-viet/quyet-dinh-so-5292021-tang-giay-khen-cho-sinh-vien-nganh-ktpm-co-thanh-tich-tot-trong-hoc-0,https://ctsv.uit.edu.vn/sites/default/files/202111/529_qd_dhcntt30_8_2021_0.pdf,manifested,True,,
https://ctsv.uit.edu.vn/bai-viet/quyet-dinh-so-5292024-tang-giay-khen-cho-hoc-vien-cao-hoc-tot-nghiep-loai-xuat-sac-va-loai,https://ctsv.uit.edu.vn/sites/default/files/uploads/files/202408/529_qd_dhcntt29_05_2024_scan.pdf,manifested,True,,
https://ctsv.uit.edu.vn/bai-viet/quyet-dinh-so-5302024-tang-giay-khen-doi-voi-sinh-vien-tot-nghiep-loai-gioi-he-dao-tao-tu,https://ctsv.uit.edu.vn/sites/default/files/uploads/files/202408/530_qd_dhcntt29_05_2024_scan.pdf,manifested,True,,
https://ctsv.uit.edu.vn/bai-viet/quyet-dinh-so-532015-khen-thuong-sinh-vien-tot-nghiep-thu-khoa-cap-khoa-khoa-2011,https://ctsv.uit.edu.vn/sites/default/files/201512/53_qd_dhcntt_ctsv10_12_2015_scan.pdf,manifested,True,,
https://ctsv.uit.edu.vn/bai-viet/quyet-dinh-so-532016-thanh-lap-hoi-dong-xet-mien-giam-hoc-phi-tro-cap-xa-hoi-tro-cap-chi,https://ctsv.uit.edu.vn/sites/default/files/201611/53_qd_dhcntt_ctsv14_11_2016_scan.pdf,manifested,True,,
https://ctsv.uit.edu.vn/bai-viet/quyet-dinh-so-5322024-tang-giay-khen-doi-voi-sinh-vien-tot-nghiep-loai-gioi-dai-hoc-chinh,https://ctsv.uit.edu.vn/sites/default/files/uploads/files/202408/532_qd_dhcntt29_05_2024_scan.pdf,manifested,True,,
https://ctsv.uit.edu.vn/bai-viet/quyet-dinh-so-5332024-khen-thuong-sinh-vien-tot-nghiep-thu-khoa-nganh-dot-1-nam-2024,https://ctsv.uit.edu.vn/sites/default/files/uploads/files/202408/533_qd_dhcntt29_05_2024_scan.pdf,manifested,True,,
https://ctsv.uit.edu.vn/bai-viet/quyet-dinh-so-5342022-khen-thuong-hoc-vien-dat-thanh-tich-cao-trong-ky-thi-tuyen-sinh,https://ctsv.uit.edu.vn/sites/default/files/202210/534_qd_dhcntt20_7_2022_scan.pdf,manifested,True,,
https://ctsv.uit.edu.vn/bai-viet/quyet-dinh-so-5352019-tang-giay-khen-cho-sinh-vien-dat-danh-hieu-khoa-ky-tuyen-sinh-dai-hoc,https://ctsv.uit.edu.vn/sites/default/files/201909/535_qd_dhcntt27_8_2019_scan.pdf,manifested,True,,
https://ctsv.uit.edu.vn/bai-viet/quyet-dinh-so-5362019-trao-hoc-bong-tuyen-sinh-nam-2019,https://ctsv.uit.edu.vn/sites/default/files/201909/536_qd_dhcntt27_8_2019_scan.pdf,manifested,True,,
https://ctsv.uit.edu.vn/bai-viet/quyet-dinh-so-5362022-khen-thuong-sinh-vien-co-dong-gop-tich-cuc-trong-chien-dich-tinh,https://ctsv.uit.edu.vn/sites/default/files/202210/536_qd_dhcntt25_7_2022_scan.pdf,manifested,True,,
https://ctsv.uit.edu.vn/bai-viet/quyet-dinh-so-5392021-thay-doi-cvht-lop-httt2017-ths-thai-bao-tran,https://ctsv.uit.edu.vn/sites/default/files/202201/539_qd_dhcntt01_09_2021_scan.pdf,manifested,True,,
https://ctsv.uit.edu.vn/bai-viet/quyet-dinh-so-5402021-thay-doi-cvht-lop-httt2019-ths-thai-bao-tran,https://ctsv.uit.edu.vn/sites/default/files/202201/540_qd_dhcntt01_09_2021_scan.pdf,manifested,True,,
https://ctsv.uit.edu.vn/bai-viet/quyet-dinh-so-542015-khen-thuong-sinh-vien-tot-nghiep-dat-loai-gioi-trong-hoc-tap-va-ren,https://ctsv.uit.edu.vn/sites/default/files/201512/54_qd_dhcntt_ctsv10_12_2015_scan.pdf,manifested,True,,
https://ctsv.uit.edu.vn/bai-viet/quyet-dinh-so-542016-thanh-lap-ban-chi-dao-ban-chuc-le-tot-nghiep-va-trao-bang-tien-si-thac,https://ctsv.uit.edu.vn/sites/default/files/201611/54_qd_dhcntt_ctsv15_11_2016_scan.pdf,manifested,True,,
https://ctsv.uit.edu.vn/bai-viet/quyet-dinh-so-5452021-danh-sach-hoi-dong-xet-hoc-bong-khuyen-khich-hoc-tap-cho-sinh-vien,https://ctsv.uit.edu.vn/sites/default/files/202201/545_qd_dhcntt07_09_2021_scan.pdf,manifested,True,,
https://ctsv.uit.edu.vn/bai-viet/quyet-dinh-so-5452023-thanh-lap-hoi-dong-xet-khen-thuong-ky-luat-sinh-vien,https://ctsv.uit.edu.vn/sites/default/files/202306/545_qd_dhcntt01_06_2023_scan.pdf,manifested,True,,
https://ctsv.uit.edu.vn/bai-viet/quyet-dinh-so-5482017-thanh-lap-lop-sinh-vien-khoa-2017,https://ctsv.uit.edu.vn/sites/default/files/201709/548_qd_dhcntt22_8_2017_scan.pdf,manifested,True,,
https://ctsv.uit.edu.vn/bai-viet/quyet-dinh-so-5492021-thanh-lap-hoi-dong-danh-gia-ren-luyen-sinh-vien-hoc-ky-2-nam-hoc-2020,https://ctsv.uit.edu.vn/sites/default/files/202201/549_qd_dhcntt09_09_2021_scan.pdf,manifested,True,,
https://ctsv.uit.edu.vn/bai-viet/quyet-dinh-so-5492024-danh-sach-sinh-vien-chuong-trinh-tai-nang-nganh-khoa-hoc-may-tinh,https://ctsv.uit.edu.vn/sites/default/files/uploads/files/202408/549_qd_dhcntt31_05_2024_scan.pdf,manifested,True,,
https://ctsv.uit.edu.vn/bai-viet/quyet-dinh-so-5502021-tang-giay-khen-doi-voi-ca-nhan-dat-thanh-tich-tot-trong-nghien-cuu,https://ctsv.uit.edu.vn/sites/default/files/202201/550_qd_dhcntt_09_9_2021_scan.pdf,manifested,True,,
https://ctsv.uit.edu.vn/bai-viet/quyet-dinh-so-5502024-cap-hoc-bong-hoc-tap-cho-sinh-vien-chuong-trinh-tien-tien-hk1-nam-hoc,https://ctsv.uit.edu.vn/sites/default/files/uploads/files/202408/550_qd_dhcntt31_05_2024_scan.pdf,manifested,True,,
https://ctsv.uit.edu.vn/bai-viet/quyet-dinh-so-5502023-tang-giay-khen-doi-voi-sinh-vien-tot-nghiep-loai-gioi-he-dhcq-dot-1,https://ctsv.uit.edu.vn/sites/default/files/202306/550_qd_dhcntt05_06_2023_scan.pdf,manifested,True,,
https://ctsv.uit.edu.vn/bai-viet/quyet-dinh-so-5512023-khen-thuong-sinh-vien-tot-nghiep-loai-xuat-sac-dot-1-nam-2023,https://ctsv.uit.edu.vn/sites/default/files/202306/551_qd_dhcntt05_06_2023_scan.pdf,manifested,True,,
https://ctsv.uit.edu.vn/bai-viet/quyet-dinh-so-5512024-cap-hoc-bong-khuyen-khich-hoc-tap-hk1-nam-hoc-2023-2024-cho-sinh-vien,https://ctsv.uit.edu.vn/sites/default/files/uploads/files/202408/551_qd_dhcntt31_05_2024_scan.pdf,manifested,True,,
https://ctsv.uit.edu.vn/bai-viet/quyet-dinh-so-552015-khen-thuong-sinh-vien-tot-nghiep-dat-loai-gioi-he-tu-xa-qua-mang-dot-2,https://ctsv.uit.edu.vn/sites/default/files/201512/55_qd_dhcntt_ctsv10_12_2015_scan.pdf,manifested,True,,
https://ctsv.uit.edu.vn/bai-viet/quyet-dinh-so-552016-trao-hoc-bong-salang-foundation,https://ctsv.uit.edu.vn/sites/default/files/201611/55_qd_dhcntt_ctsv16_11_2016_scan.pdf,manifested,True,,
https://ctsv.uit.edu.vn/bai-viet/quyet-dinh-so-552026-ho-tro-ve-xe-cho-sinh-vien-ve-que-don-tet-nguyen-dan-2026,https://ctsv.uit.edu.vn/sites/default/files/uploads/files/202602/55_qd_dhcntt14_01_2026_scan.pdf,manifested,True,,
https://ctsv.uit.edu.vn/bai-viet/quyet-dinh-so-5522023-khen-thuong-sinh-vien-tot-nghiep-thu-khoa-nganh-dot-1-nam-2023,https://ctsv.uit.edu.vn/sites/default/files/202306/552_qd_dhcntt05_06_2023_scan.pdf,manifested,True,,
https://ctsv.uit.edu.vn/bai-viet/quyet-dinh-so-5522024-danh-sach-sinh-vien-chuong-trinh-tai-nang-nganh-toan-thong-tin-nhan,https://ctsv.uit.edu.vn/sites/default/files/uploads/files/202408/552_qd_dhcntt31_05_2024_scan.pdf,manifested,True,,
https://ctsv.uit.edu.vn/bai-viet/quyet-dinh-so-5532023-tang-giay-khen-doi-voi-sinh-vien-tot-nghiep-loai-gioi-he-dao-tao-tu,https://ctsv.uit.edu.vn/sites/default/files/202306/553_qd_dhcntt05_06_2023_scan.pdf,manifested,True,,
https://ctsv.uit.edu.vn/bai-viet/quyet-dinh-so-5542023-tang-giay-khen-hoc-vien-cao-hoc-tot-nghiep-loai-gioi-dot-1-nam-2023,https://ctsv.uit.edu.vn/sites/default/files/202306/554_qd_dhcntt05_06_2023_scan.pdf,manifested,True,,
https://ctsv.uit.edu.vn/bai-viet/quyet-dinh-so-5542024-cap-hoc-bong-hoc-tap-cho-sinh-vien-chuong-trinh-chat-luong-cao-hk1,https://ctsv.uit.edu.vn/sites/default/files/uploads/files/202408/554_qd_dhcntt31_05_2024_scan.pdf,manifested,True,,
https://ctsv.uit.edu.vn/bai-viet/quyet-dinh-so-5572018-thay-cvht-lop-khtn2015-nguyen-vinh-tiep,https://ctsv.uit.edu.vn/sites/default/files/201809/557_qd_dhcntt13_9_2018_scan.pdf,manifested,True,,
https://ctsv.uit.edu.vn/bai-viet/quyet-dinh-so-5582020-thanh-lap-ban-chi-dao-ban-chuc-don-tan-sinh-vien-nam-hoc-2020-2021,https://ctsv.uit.edu.vn/sites/default/files/202011/558_qd_dhcntt08_09_2020_scan.pdf,manifested,True,,
https://ctsv.uit.edu.vn/bai-viet/quyet-dinh-so-5592024-cap-hoc-bong-tuyen-sinh-khoa-2020202120222023-hk2-nam-hoc-2023-2024,https://ctsv.uit.edu.vn/sites/default/files/uploads/files/202408/559_qd_dhcntt05_06_2024_scan.pdf,manifested,True,,
https://ctsv.uit.edu.vn/bai-viet/quyet-dinh-so-5612021-thanh-lap-hoi-dong-xet-mien-giam-hoc-phi-tro-cap-xa-hoi-ho-tro-chi,https://ctsv.uit.edu.vn/sites/default/files/202201/561_qd_dhcntt21_09_2021_scan.pdf,manifested,True,,
https://ctsv.uit.edu.vn/bai-viet/quyet-dinh-so-562015-cap-hoc-bong-khuyen-khich-hoc-tap-hoc-ky-2-nam-hoc-2014-2015-cho-sinh,https://ctsv.uit.edu.vn/sites/default/files/201512/56_qd_dhcntt_ctsv10_12_2015_scan.pdf,manifested,True,,
https://ctsv.uit.edu.vn/bai-viet/quyet-dinh-so-562016-thanh-lap-lop-sinh-hoat-tmdt2013-tmdt2014-tmdt2015-nam-hoc-2016-2017,https://ctsv.uit.edu.vn/sites/default/files/201612/56_qd_dhcntt_ctsv16_11_2016_scan.pdf,manifested,True,,
https://ctsv.uit.edu.vn/bai-viet/quyet-dinh-so-562019-thay-doi-cvht-lop-khmt2015-do-van-tien,https://ctsv.uit.edu.vn/sites/default/files/201902/56-qd-dhcntt_20-02-2019_scan.pdf,manifested,True,,
https://ctsv.uit.edu.vn/bai-viet/quyet-dinh-so-5622025-khen-thuong-sinh-vien-dat-giai-thuong-cuoc-thi-truc-tuyen-tuoi-tre,https://ctsv.uit.edu.vn/sites/default/files/uploads/files/202506/562_qd_dhcntt15_05_2025_scan.pdf,manifested,True,,
https://ctsv.uit.edu.vn/bai-viet/quyet-dinh-so-5652026-tang-giay-khen-cho-hoc-vien-cao-hoc-tot-nghiep-loai-gioi-dot-1-nam,https://ctsv.uit.edu.vn/sites/default/files/uploads/files/202606/565_qd_dhcntt22_05_2026_scan.pdf,manifested,True,,
https://ctsv.uit.edu.vn/bai-viet/quyet-dinh-so-5692021-quyet-dinh-thanh-lap-lop-sinh-vien-khoa-tuyen-2021,https://ctsv.uit.edu.vn/sites/default/files/202201/569_qd_dhcntt28_09_2021_scan.pdf,manifested,True,,
https://ctsv.uit.edu.vn/bai-viet/quyet-dinh-so-5712024-trao-hoc-bong-tai-tro-cho-sinh-vien-do-cong-ty-c98-tai-tro-nam-hoc,https://ctsv.uit.edu.vn/sites/default/files/uploads/files/202408/571_qd_dhcntt10_06_2024_scan.pdf,manifested,True,,
https://ctsv.uit.edu.vn/bai-viet/quyet-dinh-so-572015-cap-hoc-bong-khuyen-khich-hoc-tap-hoc-ky-2-nam-hoc-2014-2015-cho-sinh,https://ctsv.uit.edu.vn/sites/default/files/201512/57_qd_dhcntt_ctsv10_12_2015_scan.pdf,manifested,True,,
https://ctsv.uit.edu.vn/bai-viet/quyet-dinh-so-572016-ky-luat-sinh-vien-phan-le-trung-hieu-15520237,https://ctsv.uit.edu.vn/sites/default/files/201611/57_qd_dhcntt_ctsv21_11_2016_scan.pdf,manifested,True,,
https://ctsv.uit.edu.vn/bai-viet/quyet-dinh-so-5722021-bo-nhiem-cvht-cac-lop-sinh-vien-khoa-2021,https://ctsv.uit.edu.vn/sites/default/files/202201/572_qd_dhcntt29_09_2021_scan.pdf,manifested,True,,
https://ctsv.uit.edu.vn/bai-viet/quyet-dinh-so-5732021-thay-doi-cvht-lop-mmcl20181-va-mmcl20182-ths-bui-thanh-binh,https://ctsv.uit.edu.vn/sites/default/files/202201/573_qd_dhcntt29_09_2021_scan.pdf,manifested,True,,
https://ctsv.uit.edu.vn/bai-viet/quyet-dinh-so-5752025-trao-hoc-bong-tai-tro-cho-sinh-vien-chuong-trinh-hoc-bong-gems,https://ctsv.uit.edu.vn/sites/default/files/uploads/files/202506/575_qd_dhcntt20_05_2025_scan.pdf,manifested,True,,
https://ctsv.uit.edu.vn/bai-viet/quyet-dinh-so-5762025-cap-hoc-bong-kkht-hk1-nh-2024-2025-cho-sinh-vien-he-chinh-quy,https://ctsv.uit.edu.vn/sites/default/files/uploads/files/202506/576_qd_dhcntt20_05_2025_scan.pdf,manifested,True,,
https://ctsv.uit.edu.vn/bai-viet/quyet-dinh-so-5772025-cap-hoc-bong-hoc-tap-cho-sinh-vien-chuong-trinh-tien-tien-hk1-nh-2024,https://ctsv.uit.edu.vn/sites/default/files/uploads/files/202506/577_qd_dhcntt20_05_2025_scan.pdf,manifested,True,,
https://ctsv.uit.edu.vn/bai-viet/quyet-dinh-so-5782020-thay-doi-cvht-lop-pmcl20173-ths-thai-thuy-han-uyen,https://ctsv.uit.edu.vn/sites/default/files/202009/578_-qd_dhcntt15_9_2020_scan.pdf,manifested,True,,
https://ctsv.uit.edu.vn/bai-viet/quyet-dinh-so-5782022-khen-thuong-sinh-vien-dat-giai-trong-cuoc-thi-vong-quoc-gia-olympic,https://ctsv.uit.edu.vn/sites/default/files/202210/578_qd_dhcntt02_8_2022_scan.pdf,manifested,True,,
https://ctsv.uit.edu.vn/bai-viet/quyet-dinh-so-5782025-cap-hoc-bong-hoc-tap-cho-sinh-vien-chuong-trinh-chat-luong-cao-hk1-nh,https://ctsv.uit.edu.vn/sites/default/files/uploads/files/202506/578_qd_dhcntt20_05_2025_scan.pdf,manifested,True,,
https://ctsv.uit.edu.vn/bai-viet/quyet-dinh-so-5792025-cap-hoc-bong-tuyen-sinh-khoa-2021202220232024-hk2-nh-2024-2025,https://ctsv.uit.edu.vn/sites/default/files/uploads/files/202506/579_qd_dhcntt20_05_2025_scan.pdf,manifested,True,,
https://ctsv.uit.edu.vn/bai-viet/quyet-dinh-so-58-592015-cong-tac-co-van-hoc-tap-lop-antn2014,https://ctsv.uit.edu.vn/sites/default/files/201601/59_qd_dhcntt_ctsv31_12_2015_scan.pdf,manifested,True,,
https://ctsv.uit.edu.vn/bai-viet/quyet-dinh-so-58-592015-cong-tac-co-van-hoc-tap-lop-antn2014,https://ctsv.uit.edu.vn/sites/default/files/201601/58_qd_dhcntt_ctsv31_12_2015_scan.pdf,manifested,True,,
https://ctsv.uit.edu.vn/bai-viet/quyet-dinh-so-5812017-trao-hoc-bong-tuyen-sinh-nam-2017,https://ctsv.uit.edu.vn/sites/default/files/201709/581_qd_dhcntt24_8_2017_scan.pdf,manifested,True,,
https://ctsv.uit.edu.vn/bai-viet/quyet-dinh-so-582016-thanh-lap-hoi-dong-xet-duyet-hoc-bong-kkht-nam-2016,https://ctsv.uit.edu.vn/sites/default/files/201612/58_qd_dhcntt_ctsv22_11_2016_scan.pdf,manifested,True,,
https://ctsv.uit.edu.vn/bai-viet/quyet-dinh-so-582017-trao-doi-bo-sung-hoc-bong-salang-foundation,https://ctsv.uit.edu.vn/sites/default/files/201710/58-qd-dhcntt_15-02-2017._scan.pdf,manifested,True,,
https://ctsv.uit.edu.vn/bai-viet/quyet-dinh-so-5822017-khen-thuong-sinh-vien-dat-thu-khoa-khoa-ky-tuyen-sinh-dai-hoc-nam,https://ctsv.uit.edu.vn/sites/default/files/201710/582_qd_dhcntt24_8_2017_scan.pdf,manifested,True,,
https://ctsv.uit.edu.vn/bai-viet/quyet-dinh-so-5862026-tang-giay-khen-doi-voi-sinh-vien-tot-nghiep-loai-xuat-sac-va-loai,https://ctsv.uit.edu.vn/sites/default/files/uploads/files/202606/586_qd_dhcntt27_05_2026_scan.pdf,manifested,True,,
https://ctsv.uit.edu.vn/bai-viet/quyet-dinh-so-5872026-tang-giay-khen-doi-voi-sinh-vien-tot-nghiep-loai-gioi-he-dai-hoc,https://ctsv.uit.edu.vn/sites/default/files/uploads/files/202606/587_qd_dhcntt27_05_2026_scan.pdf,manifested,True,,
https://ctsv.uit.edu.vn/bai-viet/quyet-dinh-so-5882026-tang-giay-khen-doi-voi-sinh-vien-tot-nghiep-loai-xuat-sac-he-dai-hoc,https://ctsv.uit.edu.vn/sites/default/files/uploads/files/202606/588_qd_dhcntt27_05_2026_scan.pdf,manifested,True,,
https://ctsv.uit.edu.vn/bai-viet/quyet-dinh-so-5892024-tang-giay-khen-tap-sinh-vien-dat-thanh-tich-xuat-sac-trong-hoi-thi,https://ctsv.uit.edu.vn/sites/default/files/uploads/files/202408/589_qd_dhcntt17_06_2024_scan.pdf,manifested,True,,
https://ctsv.uit.edu.vn/bai-viet/quyet-dinh-so-5892026-trao-hoc-bong-uit-global,https://ctsv.uit.edu.vn/sites/default/files/uploads/files/202606/589_qd_dhcntt27_05_2026_scan.pdf,manifested,True,,
https://ctsv.uit.edu.vn/bai-viet/quyet-dinh-so-592016-thanh-lap-hoi-dong-danh-gia-ren-luyen-sinh-vien-nam-2016,https://ctsv.uit.edu.vn/sites/default/files/201612/59_qd_dhcntt_ctsv22_11_2016_scan.pdf,manifested,True,,
https://ctsv.uit.edu.vn/bai-viet/quyet-dinh-so-592026-tang-giay-khen-cho-sinh-vien-hoc-vien-cao-hoc-dat-thanh-tich-trong,https://ctsv.uit.edu.vn/sites/default/files/uploads/files/202601/59_qd_dhcntt14_01_2026_scan.pdf,manifested,True,,
https://ctsv.uit.edu.vn/bai-viet/quyet-dinh-so-5962023-cap-hoc-bong-tuyen-sinh-khoa-2019202020212022-hk2-nam-hoc-2022-2023,https://ctsv.uit.edu.vn/sites/default/files/202306/596_qd_dhcntt14_06_2023_scan.pdf,manifested,True,,
https://ctsv.uit.edu.vn/bai-viet/quyet-dinh-so-5982023-danh-sach-sinh-vien-chuong-trinh-tai-nang-nganh-toan-thong-tin-nhan,https://ctsv.uit.edu.vn/sites/default/files/202306/598_qd_dhcntt14_06_2023_scan.pdf,manifested,True,,
https://ctsv.uit.edu.vn/bai-viet/quyet-dinh-so-5972023-cap-hoc-bong-khuyen-khich-hoc-tap-hk1-nam-hoc-2022-2023-cho-sinh-vien,https://ctsv.uit.edu.vn/sites/default/files/202308/597_qd_dhcntt14_06_2023_scan.pdf,manifested,True,,
https://ctsv.uit.edu.vn/bai-viet/quyet-dinh-so-5992023-danh-sach-sinh-vien-chuong-trinh-tai-nang-nganh-khoa-hoc-may-tinh,https://ctsv.uit.edu.vn/sites/default/files/202306/599_qd_dhcntt14_06_2023_scan.pdf,manifested,True,,
https://ctsv.uit.edu.vn/bai-viet/quyet-dinh-so-6002023-cap-hoc-bong-hoc-tap-cho-sinh-vien-chuong-trinh-chat-luong-cao-hk1,https://ctsv.uit.edu.vn/sites/default/files/202306/600_qd_dhcntt14_06_2023_scan.pdf,manifested,True,,
https://ctsv.uit.edu.vn/bai-viet/quyet-dinh-so-6002024-tang-giay-khen-sinh-vien-dat-giai-thuong-cuoc-thi-dai-su-van-hoa-doc,https://ctsv.uit.edu.vn/sites/default/files/uploads/files/202408/600_qd_dhcntt20_06_2024_scan.pdf,manifested,True,,
https://ctsv.uit.edu.vn/bai-viet/quyet-dinh-so-6012023-cap-hoc-bong-hoc-tap-cho-sinh-vien-chuong-trinh-tien-tien-hk1-nam-hoc,https://ctsv.uit.edu.vn/sites/default/files/202308/601_qd_dhcntt14_06_2023_scan.pdf,manifested,True,,
https://ctsv.uit.edu.vn/bai-viet/quyet-dinh-so-602016-khen-thuong-sinh-vien-5-tot-nam-hoc-2015-2016,https://ctsv.uit.edu.vn/sites/default/files/201612/60_qd_dhcntt_ctsv24_11_2016_scan.pdf,manifested,True,,
https://ctsv.uit.edu.vn/bai-viet/quyet-dinh-so-6022019-thay-doi-cvht-lop-cttt2018-ths-mai-xuan-hung,https://ctsv.uit.edu.vn/sites/default/files/201909/602_qd_dhcntt12_09_2019_cvht_cttt2018.pdf,manifested,True,,
https://ctsv.uit.edu.vn/bai-viet/quyet-dinh-so-6032019-trao-hoc-bong-john-fhurdle-2019,https://ctsv.uit.edu.vn/sites/default/files/201910/603_qd_dhcntt12_9_2019_scan.pdf,manifested,True,,
https://ctsv.uit.edu.vn/bai-viet/quyet-dinh-so-6042019-khen-thuong-ca-nhan-co-dong-gop-tich-cuc-trong-chien-dich-tinh-nguyen,https://ctsv.uit.edu.vn/sites/default/files/201910/604_qd_dhcntt12_9_2019_scan.pdf,manifested,True,,
https://ctsv.uit.edu.vn/bai-viet/quyet-dinh-so-6042025-khen-thuong-sinh-vien-dat-giai-thuong-cuoc-thi-vong-quoc-gia-olympic,https://ctsv.uit.edu.vn/sites/default/files/uploads/files/202506/604_qd_dhcntt29_05_2025_scan.pdf,manifested,True,,
https://ctsv.uit.edu.vn/bai-viet/quyet-dinh-so-6052025-khen-thuong-sinh-vien-dat-giai-thuong-cuoc-thi-vong-quoc-gia-olympic,https://ctsv.uit.edu.vn/sites/default/files/uploads/files/202506/605_qd_dhcntt29_05_2025_scan.pdf,manifested,True,,
https://ctsv.uit.edu.vn/bai-viet/quyet-dinh-so-6062020-thanh-lap-btc-le-khai-giang,https://ctsv.uit.edu.vn/sites/default/files/202011/606_qd_dhcntt29_9_2020_scan_new.pdf,manifested,True,,
https://ctsv.uit.edu.vn/bai-viet/quyet-dinh-so-6062025-khen-thuong-giang-vien-huong-dan-sinh-vien-dat-giai-ky-thi-olympic,https://ctsv.uit.edu.vn/sites/default/files/uploads/files/202506/606_qd_dhcntt29_05_2025_scan.pdf,manifested,True,,
https://ctsv.uit.edu.vn/bai-viet/quyet-dinh-so-6082025-tang-giay-khen-doi-voi-sinh-vien-tot-nghiep-loai-gioi-he-dao-tao-tu,https://ctsv.uit.edu.vn/sites/default/files/uploads/files/202506/608_qd_dhcntt30_05_2025_scan.pdf,manifested,True,,
https://ctsv.uit.edu.vn/bai-viet/quyet-dinh-so-6092025-tang-giay-khen-cho-hoc-vien-cao-hoc-tot-nghiep-loai-xuat-sac-va-loai,https://ctsv.uit.edu.vn/sites/default/files/uploads/files/202506/609_qd_dhcntt30_05_2025_scan.pdf,manifested,True,,
https://ctsv.uit.edu.vn/bai-viet/quyet-dinh-so-6102025-tang-giay-khen-doi-voi-sinh-vien-tot-nghiep-loai-gioi-he-dai-hoc,https://ctsv.uit.edu.vn/sites/default/files/uploads/files/202506/610_qd_dhcntt30_05_2025_scan.pdf,manifested,True,,
https://ctsv.uit.edu.vn/bai-viet/quyet-dinh-so-6112020-bo-nhiem-cvht-lop-mtcl20181-ths-pham-minh-quan,https://ctsv.uit.edu.vn/sites/default/files/202010/611_qd_dhcntt30_9_2020_scan.pdf,manifested,True,,
https://ctsv.uit.edu.vn/bai-viet/quyet-dinh-so-6112025-khen-thuong-sinh-vien-tot-nghiep-loai-xuat-sac-dot-1-nam-2025,https://ctsv.uit.edu.vn/sites/default/files/uploads/files/202506/611_qd_dhcntt30_05_2025_scan.pdf,manifested,True,,
https://ctsv.uit.edu.vn/bai-viet/quyet-dinh-so-612016-mien-giam-hoc-phi-cho-sinh-vien-hoc-ky-1-nam-hoc-2016-2017,https://ctsv.uit.edu.vn/sites/default/files/201612/61_qd_dhcntt_ctsv25_11_2016_scan.pdf,manifested,True,,
https://ctsv.uit.edu.vn/bai-viet/quyet-dinh-so-612019-thay-doi-cvht-lop-mtcl20172-ks-tran-dai-duong,https://ctsv.uit.edu.vn/sites/default/files/201902/61-qd-dhcntt_25-02-2019_scan.pdf,manifested,True,,
https://ctsv.uit.edu.vn/bai-viet/quyet-dinh-so-612024-trao-hoc-bong-uit-global-thang-12-nam-2023,https://ctsv.uit.edu.vn/sites/default/files/uploads/files/202401/61_qd_dhcntt17_01_2024_scan.pdf,manifested,True,,
https://ctsv.uit.edu.vn/bai-viet/quyet-dinh-so-6122020-thay-doi-cvht-lop-ktmt0001-ts-doan-duy,https://ctsv.uit.edu.vn/sites/default/files/202010/612_qd_dhcntt30_9_2020_scan.pdf,manifested,True,,
https://ctsv.uit.edu.vn/bai-viet/quyet-dinh-so-6122025-khen-thuong-sinh-vien-thu-khoa-nganh-dot-1-nam-2025,https://ctsv.uit.edu.vn/sites/default/files/uploads/files/202506/612_qd_dhcntt30_05_2025_scan.pdf,manifested,True,,
https://ctsv.uit.edu.vn/bai-viet/quyet-dinh-so-6132022-khen-thuong-doi-tuyen-sinh-vien-va-giang-vien-huong-dan-dat-thanh,https://ctsv.uit.edu.vn/sites/default/files/202210/613_qd_dhcntt10_8_2022_scan.pdf,manifested,True,,
https://ctsv.uit.edu.vn/bai-viet/quyet-dinh-so-6192022-tang-giay-khen-cho-tap-va-ca-nhan-co-dong-gop-tich-cuc-trong-cong-tac,https://ctsv.uit.edu.vn/sites/default/files/202210/619_qd_dhcntt12_8_2022_scan.pdf,manifested,True,,
https://ctsv.uit.edu.vn/bai-viet/quyet-dinh-so-622016-tro-cap-xa-hoi-cho-sinh-vien-hoc-ky-1-nam-hoc-2016-2017,https://ctsv.uit.edu.vn/sites/default/files/201612/62_qd_dhcntt_ctsv25_11_2016_scan.pdf,manifested,True,,
https://ctsv.uit.edu.vn/bai-viet/quyet-dinh-so-6212026-tang-giay-khen-cho-sinh-vien-hoc-vien-cao-hoc-dat-thanh-tich-trong,https://ctsv.uit.edu.vn/sites/default/files/uploads/files/202606/621_qd_dhcntt05_06_2026_scan.pdf,manifested,True,,
https://ctsv.uit.edu.vn/bai-viet/quyet-dinh-so-622023-trao-hoc-bong-tai-tro-cho-sinh-vien-chuong-trinh-hoc-bong-gems,https://ctsv.uit.edu.vn/sites/default/files/202302/62_qd_dhcntt09_02_2023_scan.pdf,manifested,True,,
https://ctsv.uit.edu.vn/bai-viet/quyet-dinh-so-622019-thay-doi-cvht-lop-mtcl20151-ks-tran-hoang-loc,https://ctsv.uit.edu.vn/sites/default/files/201902/62-qd-dhcntt_25-02-2019_scan.pdf,manifested,True,,
https://ctsv.uit.edu.vn/bai-viet/quyet-dinh-so-6222026-tang-giay-khen-doi-voi-sinh-vien-tot-nghiep-thu-khoa-nganh-he-dai-hoc,https://ctsv.uit.edu.vn/sites/default/files/uploads/files/202606/622_qd_dhcntt05_06_2026_scan.pdf,manifested,True,,
https://ctsv.uit.edu.vn/bai-viet/quyet-dinh-so-6252019-khen-thuong-ca-nhan-co-thanh-tich-cao-trong-cac-cuoc-thi-do-doan-hoi,https://ctsv.uit.edu.vn/sites/default/files/201910/625_qd_dhcntt27_09_2019_scan.pdf,manifested,True,,
https://ctsv.uit.edu.vn/bai-viet/quyet-dinh-so-6262019-khen-thuong-ca-nhan-co-dong-gop-tich-cuc-trong-cong-tac-doan-hoi-2018,https://ctsv.uit.edu.vn/sites/default/files/201910/626_qd_dhcntt27_09_2019_scan.pdf,manifested,True,,
https://ctsv.uit.edu.vn/bai-viet/quyet-dinh-so-6282019-thay-doi-cvht-lop-attt2018-ths-tran-tuan-dung,https://ctsv.uit.edu.vn/sites/default/files/201910/628_qd_dhcntt27_09_2019_scan.pdf,manifested,True,,
https://ctsv.uit.edu.vn/bai-viet/quyet-dinh-so-6292019-thay-doi-cvht-lop-attt2016-ths-ly-trong-nhan,https://ctsv.uit.edu.vn/sites/default/files/201910/629_qd_dhcntt27_09_2019_scan.pdf,manifested,True,,
https://ctsv.uit.edu.vn/bai-viet/quyet-dinh-so-6292025-khen-thuong-sinh-vien-thu-khoa-nganh-dot-1-nam-2025,https://ctsv.uit.edu.vn/sites/default/files/uploads/files/202506/629_qd_dhcntt05_06_2025_scan.pdf,manifested,True,,
https://ctsv.uit.edu.vn/bai-viet/quyet-dinh-so-6292025-quyet-dinh-ve-viec-khen-thuong-sinh-vien-thu-khoa-nganh-dot-1-nam,https://ctsv.uit.edu.vn/sites/default/files/uploads/files/202509/629_qd_dhcntt05_06_2025_scan.pdf,manifested,True,,
https://ctsv.uit.edu.vn/bai-viet/quyet-dinh-so-6302018-tang-giay-khen-cho-cac-ca-nhan-co-dong-gop-tich-cuc-trong-cong-tac,https://ctsv.uit.edu.vn/sites/default/files/201810/630_qd_dhcntt11_10_2018_scan.pdf,manifested,True,,
https://ctsv.uit.edu.vn/bai-viet/quyet-dinh-so-6312018-cu-sinh-vien-tham-du-trien-lam-quoc-te-tai-do,https://ctsv.uit.edu.vn/sites/default/files/201810/631_qd_dhcntt11_10_2018_scan.pdf,manifested,True,,
https://ctsv.uit.edu.vn/bai-viet/quyet-dinh-so-6302019-thay-doi-cvht-lop-attn2016-ths-ly-trong-nhan,https://ctsv.uit.edu.vn/sites/default/files/201910/630_qd_dhcntt27_09_2019_scan.pdf,manifested,True,,
https://ctsv.uit.edu.vn/bai-viet/quyet-dinh-so-632016-ho-tro-chinh-sach-hoc-bong-va-chi-phi-mua-do-dung-hoc-tap-cho-sinh,https://ctsv.uit.edu.vn/sites/default/files/201612/63_qd_dhcntt_ctsv25_11_2016_scan.pdf,manifested,True,,
https://ctsv.uit.edu.vn/bai-viet/quyet-dinh-so-632019-thay-doi-cvht-lop-httt2018-ths-thai-bao-tran,https://ctsv.uit.edu.vn/sites/default/files/201902/63-qd-dhcntt_25-02-2019_scan.pdf,manifested,True,,
https://ctsv.uit.edu.vn/bai-viet/quyet-dinh-so-6332017-cong-tac-co-van-hoc-tap-khoa-2017,https://ctsv.uit.edu.vn/sites/default/files/201710/633_qd_dhcntt06_9_2017_scan.pdf,manifested,True,,
https://ctsv.uit.edu.vn/bai-viet/quyet-dinh-so-6342017-trao-hoc-bong-kms-nam-hoc-2017-2018,https://ctsv.uit.edu.vn/sites/default/files/201710/634_qd_dhcntt07_9_2017_scan.pdf,manifested,True,,
https://ctsv.uit.edu.vn/bai-viet/quyet-dinh-so-6362021-thay-doi-thanh-vien-hoi-dong-xet-hoc-bong-uit-anti-covid-19,https://ctsv.uit.edu.vn/sites/default/files/202201/636_qd_dhcntt20_10_2021_scan.pdf,manifested,True,,
https://ctsv.uit.edu.vn/bai-viet/quyet-dinh-so-642016-cap-ho-tro-chi-phi-hoc-tap-cho-sinh-vien-dan-toc-thieu-so-hoc-ky-1-nam,https://ctsv.uit.edu.vn/sites/default/files/201612/64_qd_dhcntt_ctsv25_11_2016_scan.pdf,manifested,True,,
https://ctsv.uit.edu.vn/bai-viet/quyet-dinh-so-6422017-cu-sinh-vien-tham-du-cuoc-thi-amo2017,https://ctsv.uit.edu.vn/sites/default/files/201710/642_qd_dhcntt12_9_2017_scan.pdf,manifested,True,,
https://ctsv.uit.edu.vn/bai-viet/quyet-dinh-so-6422022-trao-hoc-bong-khuyen-khich-hoc-tap-cho-hoc-vien-sau-dai-hoc-co-bai,https://ctsv.uit.edu.vn/sites/default/files/202210/642_qd_dhcntt24_8_2022_scan.pdf,manifested,True,,
https://ctsv.uit.edu.vn/bai-viet/quyet-dinh-so-6482022-trao-hoc-bong-uit-global-thang-7-nam-2022,https://ctsv.uit.edu.vn/sites/default/files/202210/648_qd_dhcntt24_8_2022_scan.pdf,manifested,True,,
https://ctsv.uit.edu.vn/bai-viet/quyet-dinh-so-6482026-cu-sinh-vien-tham-gia-cuoc-thi-toan-thong-tin-nam-2026,https://ctsv.uit.edu.vn/sites/default/files/uploads/files/202606/648_qd_dhcntt09_06_2026_scan.pdf,manifested,True,,
https://ctsv.uit.edu.vn/bai-viet/quyet-dinh-so-6492018-tang-giay-khen-cho-sinh-vien-tham-gia-va-dat-giai-cuoc-thi-singapore,https://ctsv.uit.edu.vn/sites/default/files/201811/649_qd_dhcntt18_10_2018_scan.pdf,manifested,True,,
https://ctsv.uit.edu.vn/bai-viet/quyet-dinh-so-6492022-cong-tac-cvht-lop-pmcl20201,https://ctsv.uit.edu.vn/sites/default/files/202210/649_qd_dhcntt24_8_2022_scan.pdf,manifested,True,,
https://ctsv.uit.edu.vn/bai-viet/quyet-dinh-so-6492024-cap-hoc-bong-khuyen-khich-hoc-tap-hk1-nam-hoc-2023-2024-cho-sinh-vien,https://ctsv.uit.edu.vn/sites/default/files/uploads/files/202408/649_qd_dhcntt03_07_2024_scan.pdf,manifested,True,,
https://ctsv.uit.edu.vn/bai-viet/quyet-dinh-so-6492026-cap-hoc-bong-cho-sinh-vien-nganh-thiet-ke-vi-mach-hk2-nh-2025-2026,https://ctsv.uit.edu.vn/sites/default/files/uploads/files/202606/649_qd_dhcntt09_06_2026_scan.pdf,manifested,True,,
https://ctsv.uit.edu.vn/bai-viet/quyet-dinh-so-6502018-tang-giay-khen-cho-sinh-vien-tham-gia-va-dat-giai-cuoc-thi-viettel,https://ctsv.uit.edu.vn/sites/default/files/201811/650_qd_dhcntt18_10_2018_scan.pdf,manifested,True,,
https://ctsv.uit.edu.vn/bai-viet/quyet-dinh-so-6512020-tang-giay-khen-cho-sinh-vien-dat-thanh-tich-tot-trong-hoc-tap-va-ren,https://ctsv.uit.edu.vn/sites/default/files/202011/651_qd_dhcntt12_10_2020_scan.pdf,manifested,True,,
https://ctsv.uit.edu.vn/bai-viet/quyet-dinh-so-6502026-cap-hoc-bong-cho-sinh-vien-chuong-trinh-tai-nang-nganh-khoa-hoc-may,https://ctsv.uit.edu.vn/sites/default/files/uploads/files/202606/650_qd_dhcntt09_06_2026_scan.pdf,manifested,True,,
https://ctsv.uit.edu.vn/bai-viet/quyet-dinh-so-6512026-cap-hoc-bong-thu-khoa-hk1-nh-2025-2026,https://ctsv.uit.edu.vn/sites/default/files/uploads/files/202606/651_qd_dhcntt09_06_2026_scan.pdf,manifested,True,,
https://ctsv.uit.edu.vn/bai-viet/quyet-dinh-so-652016-cong-tac-can-bo-lop-thuong-mai-dien-tu-2013-2014-2015,https://ctsv.uit.edu.vn/sites/default/files/201612/65_qd_dhcntt_ctsv01_12_2016_scan.pdf,manifested,True,,
https://ctsv.uit.edu.vn/bai-viet/quyet-dinh-so-652025-trao-hoc-bong-quy-khat-vong-tuong-lai-nam-hoc-2024-2025,https://ctsv.uit.edu.vn/sites/default/files/uploads/files/202504/65_qd_dhcntt20_01_2025_scan.pdf,manifested,True,,
https://ctsv.uit.edu.vn/bai-viet/quyet-dinh-so-6522026-cap-hoc-bong-thu-khoa-hk2-nh-2025-2026,https://ctsv.uit.edu.vn/sites/default/files/uploads/files/202606/652_qd_dhcntt09_06_2026_scan.pdf,manifested,True,,
https://ctsv.uit.edu.vn/bai-viet/quyet-dinh-so-6532018-khen-thuong-cho-cac-ca-nhan-co-dong-gop-tich-cuc-trong-cong-tac-doan,https://ctsv.uit.edu.vn/sites/default/files/201811/653_qd_dhcntt19_10_2018_scan.pdf,manifested,True,,
https://ctsv.uit.edu.vn/bai-viet/quyet-dinh-so-6532026-cap-hoc-bong-khuyen-khich-hoc-tap-hoc-ky-1-nam-hoc-2025-2026-cho-sinh,https://ctsv.uit.edu.vn/sites/default/files/uploads/files/202606/653_qd_dhcntt09_06_2026_scan.pdf,manifested,True,,
https://ctsv.uit.edu.vn/bai-viet/quyet-dinh-so-6542018-thay-doi-nhan-su-hoi-dong-danh-gia-ren-luyen-sinh-vien-nam-2018,https://ctsv.uit.edu.vn/sites/default/files/201811/654_qd_dhcntt19_10_2018_scan.pdf,manifested,True,,
https://ctsv.uit.edu.vn/bai-viet/quyet-dinh-so-6542020-khen-thuong-sinh-vien-dat-danh-hieu-thu-khoa-ky-tuyen-sinh-dai-hoc,https://ctsv.uit.edu.vn/sites/default/files/202011/654_qd_dhcntt12_10_2020_scan.pdf,manifested,True,,
https://ctsv.uit.edu.vn/bai-viet/quyet-dinh-so-6542026-cu-doan-sinh-vien-tham-gia-hoi-thao-sinh-vien-dhqg-hcm-nam-2026-mon,https://ctsv.uit.edu.vn/sites/default/files/uploads/files/202606/654_qd_dhcntt09_06_2026_scan.pdf,manifested,True,,
https://ctsv.uit.edu.vn/bai-viet/quyet-dinh-so-6552018-thay-doi-nhan-su-hoi-dong-khen-thuong-ky-luat-sinh-vien,https://ctsv.uit.edu.vn/sites/default/files/201811/655_qd_dhcntt19_10_2018_scan.pdf,manifested,True,,
https://ctsv.uit.edu.vn/bai-viet/quyet-dinh-so-6552020-khen-thuong-sinh-vien-dat-danh-hieu-khoa-ky-tuyen-sinh-dai-hoc-nam,https://ctsv.uit.edu.vn/sites/default/files/202011/655_qd_dhcntt12_10_2020_scan.pdf,manifested,True,,
https://ctsv.uit.edu.vn/bai-viet/quyet-dinh-so-6552026-cu-doan-sinh-vien-tham-gia-hoi-thao-sinh-vien-dhqg-hcm-nam-2026-mon,https://ctsv.uit.edu.vn/sites/default/files/uploads/files/202606/655_qd_dhcntt09_06_2026_scan.pdf,manifested,True,,
https://ctsv.uit.edu.vn/bai-viet/quyet-dinh-so-6562020-trao-hoc-bong-sinh-vien-nam-2020,https://ctsv.uit.edu.vn/sites/default/files/202011/656_qd_dhcntt12_10_2020_scan.pdf,manifested,True,,
https://ctsv.uit.edu.vn/bai-viet/quyet-dinh-so-6562023-khen-thuong-sinh-vien-dat-giai-hoi-thi-tuoi-tre-voi-cac-mon-khoa-hoc,https://ctsv.uit.edu.vn/sites/default/files/202310/656_qd_dhcntt27_06_2023_scan.pdf,manifested,True,,
https://ctsv.uit.edu.vn/bai-viet/quyet-dinh-so-6572023-khen-thuong-sinh-vien-dat-giai-cuoc-thi-vong-quoc-gia-olympic-vi-dien,https://ctsv.uit.edu.vn/sites/default/files/202310/657_qd_dhcntt27_06_2023_scan.pdf,manifested,True,,
https://ctsv.uit.edu.vn/bai-viet/quyet-dinh-so-6582019-thay-doi-cvht-lop-pmcl20173-ths-le-thanh-trong,https://ctsv.uit.edu.vn/sites/default/files/201910/658_qd_dhcntt08_10_2019_cvht_pmcl2017.3.pdf,manifested,True,,
https://ctsv.uit.edu.vn/bai-viet/quyet-dinh-so-6592019-cong-nhan-ket-qua-danh-gia-drl-sv-hoc-ky-2-2018-2019,https://ctsv.uit.edu.vn/sites/default/files/201910/659_qd_dhcntt_08_10_2019.pdf,manifested,True,,
https://ctsv.uit.edu.vn/bai-viet/quyet-dinh-so-662016-cong-nhan-ket-qua-danh-gia-drlsv-hoc-ky-2-nam-hoc-2015-2016,https://ctsv.uit.edu.vn/sites/default/files/201612/66_qdds_dhcntt_ctsv01_12_2016_scan.pdf,manifested,True,,
https://ctsv.uit.edu.vn/bai-viet/quyet-dinh-so-6662026-cap-hoc-bong-hoc-tap-cho-sinh-vien-chuong-trinh-tien-tien-hk1-nh-2025,https://ctsv.uit.edu.vn/sites/default/files/uploads/files/202606/666_qd_dhcntt11_06_2026_scan_0.pdf,manifested,True,,
https://ctsv.uit.edu.vn/bai-viet/quyet-dinh-so-6682020-tang-giay-khen-cho-ca-nhan-co-dong-gop-tich-cuc-trong-cong-tac-doan,https://ctsv.uit.edu.vn/sites/default/files/202011/668_qd_dhcntt15_10_2020_scan.pdf,manifested,True,,
https://ctsv.uit.edu.vn/bai-viet/quyet-dinh-so-672016-khen-thuong-hoc-vien-cao-hoc-tot-nghiep-loai-gioi-dot-2-nam-2016,https://ctsv.uit.edu.vn/sites/default/files/201612/67_qd_dhcntt_ctsv07_12_2016_scan.pdf,manifested,True,,
https://ctsv.uit.edu.vn/bai-viet/quyet-dinh-so-6722017-thanh-lap-btc-hoi-thao-sinh-vien-lan-thu-xi-nam-2017,https://ctsv.uit.edu.vn/sites/default/files/201710/672_qd_dhcntt21_9_2017.scan_.pdf,manifested,True,,
https://ctsv.uit.edu.vn/bai-viet/quyet-dinh-so-6722021-thay-doi-thanh-vien-hoi-dong-xet-hoc-bong-uit-global,https://ctsv.uit.edu.vn/sites/default/files/202201/672_qd_dhcntt05_11_2021_scan.pdf,manifested,True,,
https://ctsv.uit.edu.vn/bai-viet/quyet-dinh-so-6752017-cong-tac-co-van-hoc-tap-lop-ktpm0001,https://ctsv.uit.edu.vn/sites/default/files/201710/675_qd_dhcntt22_9_2017_scan.pdf,manifested,True,,
https://ctsv.uit.edu.vn/bai-viet/quyet-dinh-so-6752022-thanh-lap-btc-le-khai-giang-nam-hoc-2022-2023,https://ctsv.uit.edu.vn/sites/default/files/202210/675_qd_dhcntt30_8_2022_scan.pdf,manifested,True,,
https://ctsv.uit.edu.vn/bai-viet/quyet-dinh-so-6762017-cong-tac-co-van-hoc-tap-lop-khmt2014,https://ctsv.uit.edu.vn/sites/default/files/201710/676_qd_dhcntt22_9_2017_scan.pdf,manifested,True,,
https://ctsv.uit.edu.vn/bai-viet/quyet-dinh-so-677-6782021-trao-hoc-bong-uit-anticovidot-7-nam-2021,https://ctsv.uit.edu.vn/sites/default/files/202201/677_qd_dhcntt_08_11_2021_scan.pdf,manifested,True,,
https://ctsv.uit.edu.vn/bai-viet/quyet-dinh-so-677-6782021-trao-hoc-bong-uit-anticovidot-7-nam-2021,https://ctsv.uit.edu.vn/sites/default/files/202201/678_qd_dhcntt_08_11_2021_scan.pdf,manifested,True,,
https://ctsv.uit.edu.vn/bai-viet/quyet-dinh-so-6772017-cong-tac-co-van-hoc-tap-lop-ktmt2013,https://ctsv.uit.edu.vn/sites/default/files/201710/677_qd_dhcntt22_9_2017_scan.pdf,manifested,True,,
https://ctsv.uit.edu.vn/bai-viet/quyet-dinh-so-6782017-cong-tac-co-van-hoc-tap-lop-mtcl20151,https://ctsv.uit.edu.vn/sites/default/files/201710/678_qd_dhcntt22_9_2017_scan.pdf,manifested,True,,
https://ctsv.uit.edu.vn/bai-viet/quyet-dinh-so-6782024-trao-hoc-bong-tai-tro-cho-sinh-vien-chuong-trinh-hoc-bong-gems,https://ctsv.uit.edu.vn/sites/default/files/uploads/files/202408/678_qd_dhcntt08_07_2024_scan.pdf,manifested,True,,
https://ctsv.uit.edu.vn/bai-viet/quyet-dinh-so-6792017-cong-tac-co-van-hoc-tap-lop-attt2014,https://ctsv.uit.edu.vn/sites/default/files/201710/679_qd_dhcntt22_9_2017_scan.pdf,manifested,True,,
https://ctsv.uit.edu.vn/bai-viet/quyet-dinh-so-6792024-trao-hoc-bong-tai-tro-truong-boi-duong-van-hoa-nam-hoc-2023-2024,https://ctsv.uit.edu.vn/sites/default/files/uploads/files/202408/679_qd_dhcntt08_07_2024_scan.pdf,manifested,True,,
https://ctsv.uit.edu.vn/bai-viet/quyet-dinh-so-6802017-cong-tac-co-van-hoc-tap-lop-antn2013,https://ctsv.uit.edu.vn/sites/default/files/201710/680_qd_dhcntt22_9_2017_scan.pdf,manifested,True,,
https://ctsv.uit.edu.vn/bai-viet/quyet-dinh-so-6812017-cong-tac-co-van-hoc-tap-lop-antt2013,https://ctsv.uit.edu.vn/sites/default/files/201710/681_qd_dhcntt22_9_2017_scan.pdf,manifested,True,,
https://ctsv.uit.edu.vn/bai-viet/quyet-dinh-so-6812019-thay-doi-cvht-lop-cncl20191-cncl20192-cncl20193-cn-luu-thanh-son,https://ctsv.uit.edu.vn/sites/default/files/201910/681_qd_dhcntt11_10_2019_cvht_cncl2019.pdf,manifested,True,,
https://ctsv.uit.edu.vn/bai-viet/quyet-dinh-so-6812023-trao-hoc-bong-uit-global-thang-5-nam-2023,https://ctsv.uit.edu.vn/sites/default/files/202310/681_qd_dhcntt03_07_2023_scan.pdf,manifested,True,,
https://ctsv.uit.edu.vn/bai-viet/quyet-dinh-so-682016-khen-thuong-sinh-vien-tot-nghiep-dat-loai-gioi-he-dao-tao-dai-hoc,https://ctsv.uit.edu.vn/sites/default/files/201612/68_qd_dhcntt_ctsv07_12_2016_scan.pdf,manifested,True,,
https://ctsv.uit.edu.vn/bai-viet/quyet-dinh-so-6822017-cong-tac-co-van-hoc-tap-lop-mmtt2013,https://ctsv.uit.edu.vn/sites/default/files/201710/682_qd_dhcntt22_9_2017_scan.pdf,manifested,True,,
https://ctsv.uit.edu.vn/bai-viet/quyet-dinh-so-6832017-cong-tac-co-van-hoc-tap-lop-attn2015,https://ctsv.uit.edu.vn/sites/default/files/201710/683_qd_dhcntt22_9_2017_scan.pdf,manifested,True,,
https://ctsv.uit.edu.vn/bai-viet/quyet-dinh-so-6832019-tang-giay-khen-cho-sinh-vien-dat-thanh-tich-tot-trong-hoc-tap-va-ren,https://ctsv.uit.edu.vn/sites/default/files/202003/683_qd_dhcntt14_10_2019_scan.pdf,manifested,True,,
https://ctsv.uit.edu.vn/bai-viet/quyet-dinh-so-6842017-cong-tac-co-van-hoc-tap-lop-attt2015,https://ctsv.uit.edu.vn/sites/default/files/201710/684_qd_dhcntt22_9_2017_scan.pdf,manifested,True,,
https://ctsv.uit.edu.vn/bai-viet/quyet-dinh-so-6852025-quyet-dinh-ve-viec-trao-hoc-bong-uit-global-thang-4-5-nam-2025,https://ctsv.uit.edu.vn/sites/default/files/uploads/files/202509/685_qd_dhcntt17_06_2025_scan.pdf,manifested,True,,
https://ctsv.uit.edu.vn/bai-viet/quyet-dinh-so-6872020-khen-thuong-sinh-vien-dat-giai-cuoc-thi-lsi-dessign-contest-okinawa,https://ctsv.uit.edu.vn/sites/default/files/202011/687_qd_dhcntt22_10_2020_scan.pdf,manifested,True,,
https://ctsv.uit.edu.vn/bai-viet/quyet-dinh-so-6882020-thanh-lap-cac-lop-sinh-vien-khoa-2020,https://ctsv.uit.edu.vn/sites/default/files/202010/688_qd_dhcntt22_10_2020_scan.pdf,manifested,True,,
https://ctsv.uit.edu.vn/bai-viet/quyet-dinh-so-6902021-thanh-lap-hoi-dong-xet-hoc-bong-ngoai-ngan-sach-nam-hoc-2021-2022,https://ctsv.uit.edu.vn/sites/default/files/202201/690_qd_dhcntt10_11_2021_scan.pdf,manifested,True,,
https://ctsv.uit.edu.vn/bai-viet/quyet-dinh-so-691-692-693-6942021-che-do-chinh-sach-hoc-ky-1-nam-hoc-2021-2022-0,https://ctsv.uit.edu.vn/sites/default/files/202111/691_qd_dhcntt_10_11_2021_0.pdf,manifested,True,,
https://ctsv.uit.edu.vn/bai-viet/quyet-dinh-so-691-692-693-6942021-che-do-chinh-sach-hoc-ky-1-nam-hoc-2021-2022-0,https://ctsv.uit.edu.vn/sites/default/files/202111/693_qd_dhcntt_10_11_2021_0.pdf,manifested,True,,
https://ctsv.uit.edu.vn/bai-viet/quyet-dinh-so-691-692-693-6942021-che-do-chinh-sach-hoc-ky-1-nam-hoc-2021-2022-0,https://ctsv.uit.edu.vn/sites/default/files/202111/694_qd_dhcntt_10_11_2021_0.pdf,manifested,True,,
https://ctsv.uit.edu.vn/bai-viet/quyet-dinh-so-691-692-693-6942021-che-do-chinh-sach-hoc-ky-1-nam-hoc-2021-2022-0,https://ctsv.uit.edu.vn/sites/default/files/202111/692_qd_dhcntt10_11_2021_scan_0.pdf,manifested,True,,
https://ctsv.uit.edu.vn/bai-viet/quyet-dinh-so-6912024-khen-thuong-sinh-vien-dat-giai-thuong-cuoc-thi-vong-quoc-gia-olympic,https://ctsv.uit.edu.vn/sites/default/files/uploads/files/202408/691_qd_dhcntt09_07_2024_scan.pdf,manifested,True,,
https://ctsv.uit.edu.vn/bai-viet/quyet-dinh-so-692016-khen-thuong-sinh-vien-tot-nghiep-thu-khoa-cap-khoa-khoa-2012,https://ctsv.uit.edu.vn/sites/default/files/201612/69_qd_dhcntt_ctsv07_12_2016_scan.pdf,manifested,True,,
https://ctsv.uit.edu.vn/bai-viet/quyet-dinh-so-6952022-thanh-lap-bcd-btc-cong-tac-nhap-hoc-tan-sinh-vien-khoa-2022,https://ctsv.uit.edu.vn/sites/default/files/202210/695_qd_dhcntt06_9_2022_scan.pdf,manifested,True,,
https://ctsv.uit.edu.vn/bai-viet/quyet-dinh-so-702016-khen-thuong-sinh-vien-tot-nghiep-dat-loai-gioi-he-dao-tao-tu-xa-qua,https://ctsv.uit.edu.vn/sites/default/files/201612/70_qd_dhcntt_ctsv07_12_2016_scan.pdf,manifested,True,,
https://ctsv.uit.edu.vn/bai-viet/quyet-dinh-so-7022023-cong-tac-co-van-hoc-tap-lop-pmcl20211-pmcl20212,https://ctsv.uit.edu.vn/sites/default/files/202310/702_qd_dhcntt06_07_2023_scan.pdf,manifested,True,,
https://ctsv.uit.edu.vn/bai-viet/quyet-dinh-so-7042019-qd-sinh-vien-duoc-nhan-hoc-bong-khuyen-khich-hoc-tap-hk2-nh-2018-2019,https://ctsv.uit.edu.vn/sites/default/files/201910/704_qd_dhcntt_21_10_2019.pdf,manifested,True,,
https://ctsv.uit.edu.vn/bai-viet/quyet-dinh-so-7042021-ve-viec-cap-hoc-bong-tuyen-sinh-khoa-201820192020-hk2-nh-2020-2021,https://ctsv.uit.edu.vn/sites/default/files/202112/704_qd_dhctt17_11_2021_scan.pdf,manifested,True,,
https://ctsv.uit.edu.vn/bai-viet/quyet-dinh-so-7052019-qd-sinh-vien-duoc-cap-hoc-bong-khuyen-khich-cho-sinh-vien-vuot-kho,https://ctsv.uit.edu.vn/sites/default/files/201910/705_qd_dhcntt21_10_2019.pdf,manifested,True,,
https://ctsv.uit.edu.vn/bai-viet/quyet-dinh-so-7052021-ve-viec-cap-hoc-bong-hoc-tap-cho-sinh-vien-chuong-trinh-chat-luong,https://ctsv.uit.edu.vn/sites/default/files/202112/705_qd_dhcntt_17_11_2021_new.pdf,manifested,True,,
https://ctsv.uit.edu.vn/bai-viet/quyet-dinh-so-7062021-ve-viec-cap-hoc-bong-hoc-tap-cho-sinh-vien-chuong-trinh-tien-tien-hk2,https://ctsv.uit.edu.vn/sites/default/files/202112/706_qd_dhctt17_11_2021.pdf,manifested,True,,
https://ctsv.uit.edu.vn/bai-viet/quyet-dinh-so-7082020-bo-nhiem-cvht-cac-lop-sinh-vien-khoa-2020,https://ctsv.uit.edu.vn/sites/default/files/202010/708_qd_dhcntt27_10_2020_scan_0.pdf,manifested,True,,
https://ctsv.uit.edu.vn/bai-viet/quyet-dinh-so-7072021-ve-viec-cap-hoc-bong-khuyen-khich-hoc-tap-hk2-nam-hoc-2020-2021-cho,https://ctsv.uit.edu.vn/sites/default/files/202112/707_qd_dhctt17_11_2021.pdf,manifested,True,,
https://ctsv.uit.edu.vn/bai-viet/quyet-dinh-so-7082024-danh-sach-sinh-vien-chuong-trinh-tai-nang-nganh-khoa-hoc-may-tinh,https://ctsv.uit.edu.vn/sites/default/files/uploads/files/202408/708_qd_dhcntt17_7_2024_scan.pdf,manifested,True,,
https://ctsv.uit.edu.vn/bai-viet/quyet-dinh-so-7102024-khen-thuong-hoc-vien-cao-hoc-dat-thanh-tich-cao-trong-ky-tuyen-sinh,https://ctsv.uit.edu.vn/sites/default/files/uploads/files/202408/710_qd_dhcntt17_7_2024_scan.pdf,manifested,True,,
https://ctsv.uit.edu.vn/bai-viet/quyet-dinh-so-712016-cap-hoc-bong-kkht-hoc-ky-2-nam-hoc-2015-2016-cho-sinh-vien-he-chinh,https://ctsv.uit.edu.vn/sites/default/files/201612/71_qd_dhcntt_ctsv12_12_2016_scan.pdf,manifested,True,,
https://ctsv.uit.edu.vn/bai-viet/quyet-dinh-so-7132021-sinh-vien-chuong-trinh-cu-nhan-tai-nang-nganh-toan-thong-tin-khoa,https://ctsv.uit.edu.vn/sites/default/files/202112/713_qd_dnctt22_11_2021.pdf,manifested,True,,
https://ctsv.uit.edu.vn/bai-viet/quyet-dinh-so-7152021-trao-hoc-bong-uit-global-thang-11-nam-2021,https://ctsv.uit.edu.vn/sites/default/files/202112/715_qd_dhcntt_22_11_2021_scan.pdf,manifested,True,,
https://ctsv.uit.edu.vn/bai-viet/quyet-dinh-so-7142021-sinh-vien-chuong-trinh-tai-nang-nhan-hoc-bong-tai-nang-hk1-nam-hoc,https://ctsv.uit.edu.vn/sites/default/files/202112/714_qd_dnctt22_11_2021.pdf,manifested,True,,
https://ctsv.uit.edu.vn/bai-viet/quyet-dinh-so-7162021-sinh-vien-chuong-trinh-cu-nhan-tai-nang-nganh-khoa-hoc-may-tinh-khoa,https://ctsv.uit.edu.vn/sites/default/files/202112/716_qd_dnctt22_11_2021.pdf,manifested,True,,
https://ctsv.uit.edu.vn/bai-viet/quyet-dinh-so-7192018-thoi-nhiem-vu-cvht-lop-khmt2014-ths-nguyen-trong-chinh,https://ctsv.uit.edu.vn/sites/default/files/201811/719_qd_dhcntt8_11_2018_scan.pdf,manifested,True,,
https://ctsv.uit.edu.vn/bai-viet/quyet-dinh-so-7192021-trao-hoc-bong-cong-ty-co-phan-dau-tu-nam-long-cho-sinh-vien-he-chinh,https://ctsv.uit.edu.vn/sites/default/files/202201/719_qd_dhcntt_24_11_2021_scan.pdf,manifested,True,,
https://ctsv.uit.edu.vn/bai-viet/quyet-dinh-so-7202018-thoi-nhiem-vu-cvht-lop-cntt2014-ths-ta-thu-thuy,https://ctsv.uit.edu.vn/sites/default/files/201811/720_qd_dhcntt8_11_2018_scan.pdf,manifested,True,,
https://ctsv.uit.edu.vn/bai-viet/quyet-dinh-so-7202021-trao-hoc-bong-uit-anti-covid-19-cho-sinh-vien-he-chinh-quy-co-hoan,https://ctsv.uit.edu.vn/sites/default/files/202201/720_qd_dhcntt24_11_2021_scan_n.pdf,manifested,True,,
https://ctsv.uit.edu.vn/bai-viet/quyet-dinh-so-7212021-trao-hoc-bong-uit-anti-covid-19-cho-5-sinh-vien-he-chinh-quy-co-hoan,https://ctsv.uit.edu.vn/sites/default/files/202201/721_qd_dhcntt_24_11_2021_scan_n.pdf,manifested,True,,
https://ctsv.uit.edu.vn/bai-viet/quyet-dinh-so-722016-cap-hoc-bong-kkht-hoc-ky-2-nam-hoc-2015-2016-cho-sinh-vien-chuong,https://ctsv.uit.edu.vn/sites/default/files/201612/72_qd_dhcntt_ctsv12_12_2016_scan.pdf,manifested,True,,
https://ctsv.uit.edu.vn/bai-viet/quyet-dinh-so-722022-trao-hoc-bong-uit-global-thang-2-nam-2022,https://ctsv.uit.edu.vn/sites/default/files/202206/72_qd_dhcntt16_02_2022_scan.pdf,manifested,True,,
https://ctsv.uit.edu.vn/bai-viet/quyet-dinh-so-722026-cu-sinh-vien-tham-du-ky-thi-lap-trinh-icpc-asia-pacific-championship,https://ctsv.uit.edu.vn/sites/default/files/uploads/files/202601/72_qd_dhcntt19_01_2026_scan.pdf,manifested,True,,
https://ctsv.uit.edu.vn/bai-viet/quyet-dinh-so-7222021-trao-hoc-bong-ban-phan-uit-anti-covid-19-cho-2-sinh-vien-he-chinh-quy,https://ctsv.uit.edu.vn/sites/default/files/202201/722_qd_dhcntt_24_11_2021_scan.pdf,manifested,True,,
https://ctsv.uit.edu.vn/bai-viet/quyet-dinh-so-7222024-tang-hoc-bong-khuyen-khich-hoc-tap-nam-2024-cho-hoc-vien-cao-hoc-bo,https://ctsv.uit.edu.vn/sites/default/files/uploads/files/202408/722_qd_dhcntt_22_7_2024_scan.pdf,manifested,True,,
https://ctsv.uit.edu.vn/bai-viet/quyet-dinh-so-7232021-trao-hoc-bong-uit-anti-covid-19-cho-2-sinh-vien-he-chinh-quy-co-hoan,https://ctsv.uit.edu.vn/sites/default/files/202201/723_qd_dhcntt24_11_2021_scan_n.pdf,manifested,True,,
https://ctsv.uit.edu.vn/bai-viet/quyet-dinh-so-7242019-thoi-nhiem-vu-cvht-cac-lop-chuong-trinh-cu-nhan-khoa-2015,https://ctsv.uit.edu.vn/sites/default/files/201910/724_qd_dhcntt25_10_2019_scan.pdf,manifested,True,,
https://ctsv.uit.edu.vn/bai-viet/quyet-dinh-so-7242021-trao-hoc-bong-ban-phan-uit-anti-covid-19-cho-3-sinh-vien-he-chinh-quy,https://ctsv.uit.edu.vn/sites/default/files/202201/724_qd_dhcntt_24_11_2021_scan.pdf,manifested,True,,
https://ctsv.uit.edu.vn/bai-viet/quyet-dinh-so-7252021-tang-giay-khen-doi-voi-ca-nhan-dat-thanh-tich-tot-trong-nghien-cuu,https://ctsv.uit.edu.vn/sites/default/files/202201/725_qd_dhcntt25_11_2021_scan.pdf,manifested,True,,
https://ctsv.uit.edu.vn/bai-viet/quyet-dinh-so-726-tang-giay-khen-cho-sinh-vien-hoc-vien-cao-hoc-dat-thanh-tich-trong-nghien,https://ctsv.uit.edu.vn/sites/default/files/202310/726_qd_dhcntt19_07_2023_scan.pdf,manifested,True,,
https://ctsv.uit.edu.vn/bai-viet/quyet-dinh-so-7272017-khen-thuong-sinh-vien-5-tot-5-tot-tieu-bieu-5-tot-nhieu-nam-lien-tiep,https://ctsv.uit.edu.vn/sites/default/files/201711/727_qd_dhcntt13_10_2017_scan.pdf,manifested,True,,
https://ctsv.uit.edu.vn/bai-viet/quyet-dinh-so-7282021-thay-doi-cvht-lop-mtcl20192-va-mtcl20193-ts-pham-quoc-hung,https://ctsv.uit.edu.vn/sites/default/files/202111/728_qd_dhcntt25_11_2021.pdf,manifested,True,,
https://ctsv.uit.edu.vn/bai-viet/quyet-dinh-so-732016-khen-thuong-doi-tuyen-dat-giai-nhat-cuoc-thi-international-stm32nucleo,https://ctsv.uit.edu.vn/sites/default/files/201612/73_qd_dhcntt_ctsv12_12_2016_scan.pdf,manifested,True,,
https://ctsv.uit.edu.vn/bai-viet/quyet-dinh-so-7322021-tang-giay-khen-cho-sinh-vien-tham-gia-cuoc-thi-ieee-xtreme-2021,https://ctsv.uit.edu.vn/sites/default/files/202201/732_qd_dhcntt26_11_2021_scan_n.pdf,manifested,True,,
https://ctsv.uit.edu.vn/bai-viet/quyet-dinh-so-7332017-khen-thuong-ca-nhan-co-dong-gop-tich-cuc-trong-cong-tac-doan-hoi-va,https://ctsv.uit.edu.vn/sites/default/files/201711/733_qd_dhcntt17_10_2017_scan.pdf,manifested,True,,
https://ctsv.uit.edu.vn/bai-viet/quyet-dinh-so-7332023-tang-giay-khen-cho-sinh-vien-dat-danh-hieu-guong-dien-hinh-tien-tien,https://ctsv.uit.edu.vn/sites/default/files/202310/733_qd_dhcntt_20_7_2023_scan.pdf,manifested,True,,
https://ctsv.uit.edu.vn/bai-viet/quyet-dinh-so-7362017-thanh-lap-hoi-dong-khen-thuong-ky-luat-sinh-vien,https://ctsv.uit.edu.vn/sites/default/files/201711/736_qd_dhcntt18_10_2017_scan.pdf,manifested,True,,
https://ctsv.uit.edu.vn/bai-viet/quyet-dinh-so-7362023-trao-hoc-bong-uit-global-thang-6-nam-2023,https://ctsv.uit.edu.vn/sites/default/files/202310/736_qd_dhcntt21_07_2023_scan.pdf,manifested,True,,
https://ctsv.uit.edu.vn/bai-viet/quyet-dinh-so-7392024-tang-hoc-bong-tuyen-sinh-dot-1-nam-2024-cho-hoc-vien-cao-hoc,https://ctsv.uit.edu.vn/sites/default/files/uploads/files/202408/739_qd_dhcntt_24_7_2024_scan.pdf,manifested,True,,
https://ctsv.uit.edu.vn/bai-viet/quyet-dinh-so-742016-khen-thuong-doi-tuyen-dat-thanh-tich-cao-trong-ky-thi-olympic-tin-hoc,https://ctsv.uit.edu.vn/sites/default/files/201612/74_qd_dhcntt_ctsv12_12_2016_scan.pdf,manifested,True,,
https://ctsv.uit.edu.vn/bai-viet/quyet-dinh-so-7422020-thanh-lap-hoi-dong-danh-gia-ren-luyen-sinh-vien-hoc-ky-2-nam-hoc-2019,https://ctsv.uit.edu.vn/sites/default/files/202011/742_qd_dhcntt04_11_2020_scan.pdf,manifested,True,,
https://ctsv.uit.edu.vn/bai-viet/quyet-dinh-so-7432020-thanh-lap-hoi-dong-xet-hb-kkht-hk2-2019-2020,https://ctsv.uit.edu.vn/sites/default/files/202011/743_qd_dhcntt04_11_2020_scan.pdf,manifested,True,,
https://ctsv.uit.edu.vn/bai-viet/quyet-dinh-so-7442022-thanh-lap-lop-sinh-vien-khoa-2022,https://ctsv.uit.edu.vn/sites/default/files/202210/744_qd_dhcntt19_9_2022_scan.pdf,manifested,True,,
https://ctsv.uit.edu.vn/bai-viet/quyet-dinh-so-7442023-trao-hoc-bong-tai-tro-cho-sinh-vien-chuong-trinh-hoc-bong-gems,https://ctsv.uit.edu.vn/sites/default/files/202310/744_qd_dhcntt24_07_2023_scan.pdf,manifested,True,,
https://ctsv.uit.edu.vn/bai-viet/quyet-dinh-so-752016-khen-thuong-doi-tuyen-dat-thanh-tich-cao-trong-cuoc-thi-sinh-vien-voi,https://ctsv.uit.edu.vn/sites/default/files/201612/75_qd_dhcntt_ctsv12_12_2016_scan.pdf,manifested,True,,
https://ctsv.uit.edu.vn/bai-viet/quyet-dinh-so-752024-ho-tro-kinh-phi-mua-ve-tau-xe-tet-2024-cho-sinh-vien,https://ctsv.uit.edu.vn/sites/default/files/uploads/files/202401/75_qd_dhcntt23_01_2024_scan_0.pdf,manifested,True,,
https://ctsv.uit.edu.vn/bai-viet/quyet-dinh-so-7542024-tang-giay-khen-sinh-vien-co-dong-gop-tich-cuc-trong-chien-dich-tinh,https://ctsv.uit.edu.vn/sites/default/files/uploads/files/202408/754_qd_dhcntt_26_7_2024_scan.pdf,manifested,True,,
https://ctsv.uit.edu.vn/bai-viet/quyet-dinh-so-7552022-trao-hoc-bong-uit-global-thang-8-nam-2022,https://ctsv.uit.edu.vn/sites/default/files/202210/755_qd_dhcntt20_9_2022_scan.pdf,manifested,True,,
https://ctsv.uit.edu.vn/bai-viet/quyet-dinh-so-7552024-tang-giay-khen-sinh-vien-co-dong-gop-tich-cuc-trong-chien-dich-xuan,https://ctsv.uit.edu.vn/sites/default/files/uploads/files/202408/755_qd_dhcntt_26_7_2024_scan.pdf,manifested,True,,
https://ctsv.uit.edu.vn/bai-viet/quyet-dinh-so-7572022-thanh-lap-hoi-dong-xet-mien-giam-hoc-phi-tro-cap-xa-hoi-ho-tro-chi,https://ctsv.uit.edu.vn/sites/default/files/202210/757_qd_dhcntt21_9_2022_scan.pdf,manifested,True,,
https://ctsv.uit.edu.vn/bai-viet/quyet-dinh-so-7582022-thanh-lap-ban-chi-dao-ban-chuc-le-tot-nghiep-va-trao-bang-ky-su-cu,https://ctsv.uit.edu.vn/sites/default/files/202210/758_qd_dhcntt21_9_2022_scan.pdf,manifested,True,,
https://ctsv.uit.edu.vn/bai-viet/quyet-dinh-so-7602021-cap-hoc-bong-tuyen-sinh-cho-sinh-vien-chuong-trinh-chat-luong-cao,https://ctsv.uit.edu.vn/sites/default/files/202112/760_qd_dhcntt_07_12_2021.pdf,manifested,True,,
https://ctsv.uit.edu.vn/bai-viet/quyet-dinh-so-7602021-cap-hoc-bong-tuyen-sinh-cho-sinh-vien-chuong-trinh-chat-luong-cao-0,https://ctsv.uit.edu.vn/sites/default/files/202201/760_qd_dhcntt_07_12_2021_scan.pdf,manifested,True,,
https://ctsv.uit.edu.vn/bai-viet/quyet-dinh-so-7612017-thanh-lap-hoi-dong-xet-mien-giam-hoc-phi-tro-cap-xa-hoi-ho-tro-chi,https://ctsv.uit.edu.vn/sites/default/files/201711/761_qd_dhcntt03_11_2017_scan.pdf,manifested,True,,
https://ctsv.uit.edu.vn/bai-viet/quyet-dinh-so-7612021-cap-hoc-bong-tuyen-sinh-cho-sinh-vien-chuong-trinh-tien-tien-khoa,https://ctsv.uit.edu.vn/sites/default/files/202112/761_qd_dhcntt_07_12_2021.pdf,manifested,True,,
https://ctsv.uit.edu.vn/bai-viet/quyet-dinh-so-7612021-cap-hoc-bong-tuyen-sinh-cho-sinh-vien-chuong-trinh-tien-tien-khoa-0,https://ctsv.uit.edu.vn/sites/default/files/202201/761_qd_dhcntt_07_12_2021_scan.pdf,manifested,True,,
https://ctsv.uit.edu.vn/bai-viet/quyet-dinh-so-762016-cong-tac-co-van-hoc-tap-lop-ktpm2012,https://ctsv.uit.edu.vn/sites/default/files/201710/76-qd-dhcntt-ctsv16-12-2016-scan.pdf,manifested,True,,
https://ctsv.uit.edu.vn/bai-viet/quyet-dinh-so-7632017-cong-nhan-ket-qua-danh-gia-drlsv-hoc-ky-2-nam-hoc-2016-2017,https://ctsv.uit.edu.vn/sites/default/files/201711/763_qd_dhcntt06_11_2017_scan_0.pdf,manifested,True,,
https://ctsv.uit.edu.vn/bai-viet/quyet-dinh-so-7632017-cong-nhan-ket-qua-danh-gia-drlsv-hoc-ky-2-nam-hoc-2016-2017,https://ctsv.uit.edu.vn/sites/default/files/201711/763_ds_drl_hkii_2016-2017.scan__0.pdf,manifested,True,,
https://ctsv.uit.edu.vn/bai-viet/quyet-dinh-so-7632017-cong-nhan-kq-danh-gia-drl-sinh-vien-hk2-nh-2016-2017,https://ctsv.uit.edu.vn/sites/default/files/201711/763_qd_dhcntt06_11_2017_scan.pdf,manifested,True,,
https://ctsv.uit.edu.vn/bai-viet/quyet-dinh-so-7632017-cong-nhan-kq-danh-gia-drl-sinh-vien-hk2-nh-2016-2017,https://ctsv.uit.edu.vn/sites/default/files/201711/763_ds_drl_hkii_2016-2017.scan_.pdf,manifested,True,,
https://ctsv.uit.edu.vn/bai-viet/quyet-dinh-so-7632018-tach-lop-khmt2016-thanh-lop-khmt20161-va-khmt20162,https://ctsv.uit.edu.vn/sites/default/files/201812/763_qd_dhcntt19_11_2018_scan.pdf,manifested,True,,
https://ctsv.uit.edu.vn/bai-viet/quyet-dinh-so-7667677687692019-che-do-chinh-sach-hoc-ky-1-nam-hoc-2019-2020,https://ctsv.uit.edu.vn/sites/default/files/201911/766_qd_dhcntt05_11_2019_scan.pdf,manifested,True,,
https://ctsv.uit.edu.vn/bai-viet/quyet-dinh-so-7667677687692019-che-do-chinh-sach-hoc-ky-1-nam-hoc-2019-2020,https://ctsv.uit.edu.vn/sites/default/files/201911/767_qd_dhcntt05_11_2019_scan.pdf,manifested,True,,
https://ctsv.uit.edu.vn/bai-viet/quyet-dinh-so-7667677687692019-che-do-chinh-sach-hoc-ky-1-nam-hoc-2019-2020,https://ctsv.uit.edu.vn/sites/default/files/201911/768_qd_dhcntt05_11_2019_scan.pdf,manifested,True,,
https://ctsv.uit.edu.vn/bai-viet/quyet-dinh-so-7667677687692019-che-do-chinh-sach-hoc-ky-1-nam-hoc-2019-2020,https://ctsv.uit.edu.vn/sites/default/files/201911/769_qd_dhcntt05_11_2019_scan.pdf,manifested,True,,
https://ctsv.uit.edu.vn/bai-viet/quyet-dinh-so-7692021-khen-thuong-sinh-vien-tham-gia-vong-chung-khao-cuoc-thi-sinh-vien-voi,https://ctsv.uit.edu.vn/sites/default/files/202112/769_qd_dhcntt_08_12_2021.pdf,manifested,True,,
https://ctsv.uit.edu.vn/bai-viet/quyet-dinh-so-7702021-tang-giay-khen-sinh-vien-tham-gia-vong-so-khao-cuoc-thi-sinh-vien-0,https://ctsv.uit.edu.vn/sites/default/files/202201/770_qd_dhcntt_08_12_2021_scan.pdf,manifested,True,,
https://ctsv.uit.edu.vn/bai-viet/quyet-dinh-so-7702021-tang-giay-khen-sinh-vien-tham-gia-vong-so-khao-cuoc-thi-sinh-vien-voi,https://ctsv.uit.edu.vn/sites/default/files/202112/770_qd_dhcntt_08_12_2021.pdf,manifested,True,,
https://ctsv.uit.edu.vn/bai-viet/quyet-dinh-so-7712021-tang-giay-khen-cho-sinh-vien-tham-gia-hoi-thi-sang-tao-ky-thuat-0,https://ctsv.uit.edu.vn/sites/default/files/202201/771_qd_dhcntt_08_12_2021_scan.pdf,manifested,True,,
https://ctsv.uit.edu.vn/bai-viet/quyet-dinh-so-7712021-tang-giay-khen-cho-sinh-vien-tham-gia-hoi-thi-sang-tao-ky-thuat-tinh,https://ctsv.uit.edu.vn/sites/default/files/202112/771_qd_dhcntt_08_12_2021.pdf,manifested,True,,
https://ctsv.uit.edu.vn/bai-viet/quyet-dinh-so-7712022-tang-giay-khen-doi-voi-sinh-vien-tot-nghiep-thu-khoa-nganh-dot-thang,https://ctsv.uit.edu.vn/sites/default/files/202210/771_qd_dhcntt26_9_2022_scan.pdf,manifested,True,,
https://ctsv.uit.edu.vn/bai-viet/quyet-dinh-so-772016-khen-thuong-sinh-vien-va-giang-vien-dat-giai-thuong-nghien-cuu-khoa,https://ctsv.uit.edu.vn/sites/default/files/201710/77-qd-dhcntt-ctsv30-12-2016.scan_.pdf,manifested,True,,
https://ctsv.uit.edu.vn/bai-viet/quyet-dinh-so-7722020-thanh-lap-hoi-dong-xet-mien-giam-hoc-phi-tro-cap-xa-hoi-ho-tro-chi,https://ctsv.uit.edu.vn/sites/default/files/202011/772_qd_dhcntt10_11_2020_scan.pdf,manifested,True,,
https://ctsv.uit.edu.vn/bai-viet/quyet-dinh-so-7722021-khen-thuong-sinh-vien-dat-danh-hieu-thu-khoa-ky-tuyen-sinh-dai-hoc,https://ctsv.uit.edu.vn/sites/default/files/202112/772_qd_dhcntt_08_12_2021.pdf,manifested,True,,
https://ctsv.uit.edu.vn/bai-viet/quyet-dinh-so-7722021-khen-thuong-sinh-vien-dat-danh-hieu-thu-khoa-ky-tuyen-sinh-dai-hoc-0,https://ctsv.uit.edu.vn/sites/default/files/202201/772_qd_dhcntt_08_12_2021_scan.pdf,manifested,True,,
https://ctsv.uit.edu.vn/bai-viet/quyet-dinh-so-7722022-tang-giay-khen-doi-voi-sinh-vien-tot-nghiep-loai-xuat-sac-he-dai-hoc,https://ctsv.uit.edu.vn/sites/default/files/202210/772_qd_dhcntt26_9_2022_scan.pdf,manifested,True,,
https://ctsv.uit.edu.vn/bai-viet/quyet-dinh-so-7732021-tang-giay-khen-cho-sinh-vien-dat-danh-hieu-khoa-ky-tuyen-sinh-dai-0,https://ctsv.uit.edu.vn/sites/default/files/202201/773_qd_dhcntt_08_12_2021_scan.pdf,manifested,True,,
https://ctsv.uit.edu.vn/bai-viet/quyet-dinh-so-7732021-tang-giay-khen-cho-sinh-vien-dat-danh-hieu-khoa-ky-tuyen-sinh-dai-hoc,https://ctsv.uit.edu.vn/sites/default/files/202112/773_qd_dhcntt_08_12_2021.pdf,manifested,True,,
https://ctsv.uit.edu.vn/bai-viet/quyet-dinh-so-7732022-tang-giay-khen-doi-voi-sinh-vien-tot-nghiep-loai-gioi-he-dai-hoc,https://ctsv.uit.edu.vn/sites/default/files/202210/773_qd_dhcntt26_9_2022_scan.pdf,manifested,True,,
https://ctsv.uit.edu.vn/bai-viet/quyet-dinh-so-7742021-trao-hoc-bong-tuyen-sinh-nam-2021,https://ctsv.uit.edu.vn/sites/default/files/202112/774_qd_dhcntt_08_12_2021.pdf,manifested,True,,
https://ctsv.uit.edu.vn/bai-viet/quyet-dinh-so-7742021-trao-hoc-bong-tuyen-sinh-nam-2021-0,https://ctsv.uit.edu.vn/sites/default/files/202201/774_qd_dhcntt_08_12_2021_scan.pdf,manifested,True,,
https://ctsv.uit.edu.vn/bai-viet/quyet-dinh-so-7752023-khen-thuong-sinh-vien-co-dong-gop-tich-cuc-trong-chien-dich-tinh,https://ctsv.uit.edu.vn/sites/default/files/202310/775_qd_dhcntt_01_8_2023_scan.pdf,manifested,True,,
https://ctsv.uit.edu.vn/bai-viet/quyet-dinh-so-7762018-bo-nhiem-cvht-lop-khmt20161-ths-huynh-thi-thanh-thuong,https://ctsv.uit.edu.vn/sites/default/files/201812/776_qd_dhcntt26_11_2018_scan.pdf,manifested,True,,
https://ctsv.uit.edu.vn/bai-viet/quyet-dinh-so-7762018-bo-nhiem-cvht-lop-khmt20161huynh-thi-thanh-thuong,https://ctsv.uit.edu.vn/sites/default/files/201812/776_qd_dhcntt26_11_2018_scan_0.pdf,manifested,True,,
https://ctsv.uit.edu.vn/bai-viet/quyet-dinh-so-7772018-bo-nhiem-cvht-lop-khmt20162-ths-pham-nguyen-truong,https://ctsv.uit.edu.vn/sites/default/files/201812/777_qd_dhcntt26_11_2018_scan.pdf,manifested,True,,
https://ctsv.uit.edu.vn/bai-viet/quyet-dinh-so-7772018-bo-nhiem-cvht-lop-khmt20162pham-nguyen-truong,https://ctsv.uit.edu.vn/sites/default/files/201812/777_qd_dhcntt26_11_2018_scan_0.pdf,manifested,True,,
https://ctsv.uit.edu.vn/bai-viet/quyet-dinh-so-7782018-thoi-cong-tac-cvht-lop-khmt2016nguyen-bich-van,https://ctsv.uit.edu.vn/sites/default/files/201812/778_qd_dhcntt26_11_2018_scan_0.pdf,manifested,True,,
https://ctsv.uit.edu.vn/bai-viet/quyet-dinh-so-7782018-thoi-nhiem-vu-cvht-lop-khmt2016-ths-nguyen-bich-van,https://ctsv.uit.edu.vn/sites/default/files/201812/778_qd_dhcntt26_11_2018_scan.pdf,manifested,True,,
https://ctsv.uit.edu.vn/bai-viet/quyet-dinh-so-7792021-tang-giay-khen-cho-sinh-vien-co-dong-gop-cho-cong-tac-tuyen-sinh-nam,https://ctsv.uit.edu.vn/sites/default/files/202201/779_qd_dhcntt_10_12_2021_scan.pdf,manifested,True,,
https://ctsv.uit.edu.vn/bai-viet/quyet-dinh-so-7802018-mien-giam-hoc-phi-cho-sinh-vien-hk1-2018-2019,https://ctsv.uit.edu.vn/sites/default/files/201812/780_qd_dhcntt27_11_2018_scan.pdf,manifested,True,,
https://ctsv.uit.edu.vn/bai-viet/quyet-dinh-so-7802020-bo-nhiem-cvht-cac-lop-sinh-vien-khoa-2020-atbc2020-khbc2020-cncl20201,https://ctsv.uit.edu.vn/sites/default/files/202011/780_qd_dhcntt13_11_2020_scan.pdf,manifested,True,,
https://ctsv.uit.edu.vn/bai-viet/quyet-dinh-so-7802021-khen-thuong-tap-giang-vien-huong-dan-sinh-vien-tham-gia-va-dat-giai,https://ctsv.uit.edu.vn/sites/default/files/202201/780_qd_dhcntt_10_12_2021_scan.pdf,manifested,True,,
https://ctsv.uit.edu.vn/bai-viet/quyet-dinh-so-7802023-khen-thuong-cho-hoc-vien-cao-hoc-dat-thanh-tich-cao-trong-ky-tuyen,https://ctsv.uit.edu.vn/sites/default/files/202310/780_qd-dhcntt_02_8_2023_scan.pdf,manifested,True,,
https://ctsv.uit.edu.vn/bai-viet/quyet-dinh-so-7812018-tro-cap-xa-hoi-cho-sinh-vien-hk1-2018-2019,https://ctsv.uit.edu.vn/sites/default/files/201812/781_qd_dhcntt27_11_2018_scan.pdf,manifested,True,,
https://ctsv.uit.edu.vn/bai-viet/quyet-dinh-so-7812020-trao-bo-sung-hoc-bong-tuyen-sinh-nam-2020,https://ctsv.uit.edu.vn/sites/default/files/202011/781_qd_dhcntt13_11_2020_scan.pdf,manifested,True,,
https://ctsv.uit.edu.vn/bai-viet/quyet-dinh-so-782016-ban-hanh-bang-diem-tu-danh-gia-ctsv,https://ctsv.uit.edu.vn/sites/default/files/201710/78-qd-dhcntt-ctsv_30-12-2016.scan_.pdf,manifested,True,,
https://ctsv.uit.edu.vn/bai-viet/quyet-dinh-so-782020-bo-nhiem-cvht-lop-khbc2019-ts-luong-ngoc-hoang,https://ctsv.uit.edu.vn/sites/default/files/202002/78_qd_dhcntt20_02_2020_scan.pdf,manifested,True,,
https://ctsv.uit.edu.vn/bai-viet/quyet-dinh-so-782023-trao-hoc-bong-uit-global-cho-sinh-vien-khoa-2022-do-ngan-hang-bidv-tai,https://ctsv.uit.edu.vn/sites/default/files/202303/78_qd_dhcntt15_02_2023_scan.pdf,manifested,True,,
https://ctsv.uit.edu.vn/bai-viet/quyet-dinh-so-7822018-ho-tro-chinh-sach-hoc-bong-va-chi-phi-mua-do-dung-hoc-tap-cho-sinh,https://ctsv.uit.edu.vn/sites/default/files/201812/782_qd_dhcntt27_11_2018_scan.pdf,manifested,True,,
https://ctsv.uit.edu.vn/bai-viet/quyet-dinh-so-7822019-ky-luat-sinh-vien-11520675-nguyen-van-tuan,https://ctsv.uit.edu.vn/sites/default/files/201912/782_qd_dhcntt11_11_2019_scan.pdf,manifested,True,,
https://ctsv.uit.edu.vn/bai-viet/quyet-dinh-so-7822020-trao-hoc-bong-danh-cho-sinh-vien-co-hoan-canh-kho-khan-bi-anh-huong,https://ctsv.uit.edu.vn/sites/default/files/202011/782_qd_dhcntt13_11_2020_scan.pdf,manifested,True,,
https://ctsv.uit.edu.vn/bai-viet/quyet-dinh-so-7832018-ho-tro-chi-phi-hoc-tap-cho-sinh-vien-dan-toc-thieu-so-hk1-2018-2019,https://ctsv.uit.edu.vn/sites/default/files/201812/783_qd_dhcntt27_11_2018_scan.pdf,manifested,True,,
https://ctsv.uit.edu.vn/bai-viet/quyet-dinh-so-7832019-khen-thuong-doi-tuyen-dat-thanh-tich-cao-trong-cuoc-thi-sinh-vien-voi,https://ctsv.uit.edu.vn/sites/default/files/201912/783_qd_dhcntt11_11_2019_scan.pdf,manifested,True,,
https://ctsv.uit.edu.vn/bai-viet/quyet-dinh-so-7842022-bo-nhiem-cvht-cac-lop-sinh-vien-khoa-2022,https://ctsv.uit.edu.vn/sites/default/files/202210/784_qd_dhcntt-28_9_2022_1.pdf,manifested,True,,
https://ctsv.uit.edu.vn/bai-viet/quyet-dinh-so-7862025-quyet-dinh-ve-viec-tang-giay-khen-sinh-vien-dat-thanh-tich-xuat-sac,https://ctsv.uit.edu.vn/sites/default/files/uploads/files/202509/786_qd_dhcntt08_07_2025_scan.pdf,manifested,True,,
https://ctsv.uit.edu.vn/bai-viet/quyet-dinh-so-7902017-thanh-lap-ban-chi-dao-ban-chuc-le-tot-nghiep-va-trao-bang-thac-si-ky,https://ctsv.uit.edu.vn/sites/default/files/201711/790_qd_dhcntt13_11_2017_scan.pdf,manifested,True,,
https://ctsv.uit.edu.vn/bai-viet/quyet-dinh-so-7902019-khen-thuong-doi-tuyen-dat-thanh-tich-cao-trong-ky-thi-olympic-tin-hoc,https://ctsv.uit.edu.vn/sites/default/files/201912/790_qd_dhcntt13_11_2019_scan.pdf,manifested,True,,
https://ctsv.uit.edu.vn/bai-viet/quyet-dinh-so-7902020-cong-nhan-ket-qua-danh-gia-diem-ren-luyen-sinh-vien-hoc-ky-2-nam-hoc,https://ctsv.uit.edu.vn/sites/default/files/202011/790_qd_dhcntt17_11_2020_scan.pdf,manifested,True,,
https://ctsv.uit.edu.vn/bai-viet/quyet-dinh-so-7912020-mien-giam-hoc-phi-cho-sinh-vien-hk1-2020-2021,https://ctsv.uit.edu.vn/sites/default/files/202011/791_qd_dhcntt17_11_2020_scan_0.pdf,manifested,True,,
https://ctsv.uit.edu.vn/bai-viet/quyet-dinh-so-7917927937942020-che-do-chinh-sach-hoc-ky-1-nam-hoc-2020-2021,https://ctsv.uit.edu.vn/sites/default/files/202011/791_qd_dhcntt17_11_2020_scan.pdf,manifested,True,,
https://ctsv.uit.edu.vn/bai-viet/quyet-dinh-so-7917927937942020-che-do-chinh-sach-hoc-ky-1-nam-hoc-2020-2021,https://ctsv.uit.edu.vn/sites/default/files/202011/792_qd_dhcntt17_11_2020_scan.pdf,manifested,True,,
https://ctsv.uit.edu.vn/bai-viet/quyet-dinh-so-7917927937942020-che-do-chinh-sach-hoc-ky-1-nam-hoc-2020-2021,https://ctsv.uit.edu.vn/sites/default/files/202011/793_qd_dhcntt17_11_2020_scan.pdf,manifested,True,,
https://ctsv.uit.edu.vn/bai-viet/quyet-dinh-so-7917927937942020-che-do-chinh-sach-hoc-ky-1-nam-hoc-2020-2021,https://ctsv.uit.edu.vn/sites/default/files/202011/794_qd_dhcntt17_11_2020_scan.pdf,manifested,True,,
https://ctsv.uit.edu.vn/bai-viet/quyet-dinh-so-792016-ky-luat-sinh-vien,https://ctsv.uit.edu.vn/sites/default/files/201805/79_ky_luat_sv.pdf,manifested,True,,
https://ctsv.uit.edu.vn/bai-viet/quyet-dinh-so-7922020-tro-cap-xa-hoi-cho-sinh-vien-hoc-ky-1-nam-hoc-2020-2021,https://ctsv.uit.edu.vn/sites/default/files/202011/792_qd_dhcntt17_11_2020_scan_0.pdf,manifested,True,,
https://ctsv.uit.edu.vn/bai-viet/quyet-dinh-so-7932020-ho-tro-chinh-sach-hoc-bong-va-chi-phi-mua-do-dung-hoc-tap-cho-sinh,https://ctsv.uit.edu.vn/sites/default/files/202011/793_qd_dhcntt17_11_2020_scan_0.pdf,manifested,True,,
https://ctsv.uit.edu.vn/bai-viet/quyet-dinh-so-7942020-ho-tro-chi-phi-hoc-tap-cho-sinh-vien-dan-toc-thieu-so-hk1-2020-2021,https://ctsv.uit.edu.vn/sites/default/files/202011/794_qd_dhcntt17_11_2020_scan_0.pdf,manifested,True,,
https://ctsv.uit.edu.vn/bai-viet/quyet-dinh-so-7962017-tro-cap-xa-hoi-cho-sinh-vien-hoc-ky-1-nam-hoc-2017-2018,https://ctsv.uit.edu.vn/sites/default/files/201711/796_qd_dhcntt15_11_2017_scan_0.pdf,manifested,True,,
https://ctsv.uit.edu.vn/bai-viet/quyet-dinh-so-7972017-mien-giam-hoc-phi-cho-sinh-vien-hoc-ky-1-nam-hoc-2017-2018,https://ctsv.uit.edu.vn/sites/default/files/201711/797_qd_dhcntt15_11_2017_scan_0.pdf,manifested,True,,
https://ctsv.uit.edu.vn/bai-viet/quyet-dinh-so-7982017-ho-tro-chinh-sach-hoc-bong-va-chi-phi-mua-do-dung-hoc-tap-cho-sinh,https://ctsv.uit.edu.vn/sites/default/files/201711/798_qd_dhcntt15_11_2017_scan_0.pdf,manifested,True,,
https://ctsv.uit.edu.vn/bai-viet/quyet-dinh-so-7992017-ho-tro-chi-phi-hoc-tap-cho-sinh-vien-dan-toc-thieu-so-hoc-ky-1-nam,https://ctsv.uit.edu.vn/sites/default/files/201711/799_qd_dhcntt15_11_2017_scan_0.pdf,manifested,True,,
https://ctsv.uit.edu.vn/bai-viet/quyet-dinh-so-8022019-trao-hoc-bong-tai-tro-cho-sinh-vien-khoa-khmt,https://ctsv.uit.edu.vn/sites/default/files/201912/802_qd_dhcntt19_11_2019_scan.pdf,manifested,True,,
https://ctsv.uit.edu.vn/bai-viet/quyet-dinh-so-8032019-trao-hoc-bong-tai-tro-cho-sinh-vien-khoa-cnpm,https://ctsv.uit.edu.vn/sites/default/files/201912/803_qd_dhcntt19_11_2019_scan.pdf,manifested,True,,
https://ctsv.uit.edu.vn/bai-viet/quyet-dinh-so-8092021-trao-hoc-bong-tai-tro-cho-sinh-vien-khoa-khmt,https://ctsv.uit.edu.vn/sites/default/files/202201/809_qd-dhcntt_20_12_2021_scan.pdf,manifested,True,,
https://ctsv.uit.edu.vn/bai-viet/quyet-dinh-so-8102021-khen-thuong-sinh-vien-dat-giai-nhat-sinh-vien-nghien-cuu-khoa-hoc,https://ctsv.uit.edu.vn/sites/default/files/202201/810_qd-dhcntt_20_12_2021_scan.pdf,manifested,True,,
https://ctsv.uit.edu.vn/bai-viet/quyet-dinh-so-8112021-khen-thuong-tap-giang-vien-huong-dan-sinh-vien-dat-giai-thuong-sinh,https://ctsv.uit.edu.vn/sites/default/files/202201/811_qd-dhcntt_20_12_2021_scan.pdf,manifested,True,,
https://ctsv.uit.edu.vn/bai-viet/quyet-dinh-so-8122017-thanh-lap-ban-chi-dao-ban-chuc-ngay-hoi-sinh-vien-va-doanh-nghiep-nam,https://ctsv.uit.edu.vn/sites/default/files/201711/812_qd_dhcntt16_11_2017_scan.pdf,manifested,True,,
https://ctsv.uit.edu.vn/bai-viet/quyet-dinh-so-8142025-quyet-dinh-ve-viec-tang-giay-khen-cho-sinh-vien-dat-giai-lien-hoan-am,https://ctsv.uit.edu.vn/sites/default/files/uploads/files/202509/814_qd_dhcntt15_07_2025_scan.pdf,manifested,True,,
https://ctsv.uit.edu.vn/bai-viet/quyet-dinh-so-8122021-khen-thuong-sinh-vien-nhan-huy-hieu-tuoi-tre-sang-tao,https://ctsv.uit.edu.vn/sites/default/files/202201/812_qd-dhcntt_20_12_2021_scan.pdf,manifested,True,,
https://ctsv.uit.edu.vn/bai-viet/quyet-dinh-so-8162017-cu-sinh-vien-tham-du-vong-chung-khao-cuoc-thi-sinh-vien-voi-toan,https://ctsv.uit.edu.vn/sites/default/files/201711/816_qd_dhcntt16_11_2017_scan.pdf,manifested,True,,
https://ctsv.uit.edu.vn/bai-viet/quyet-dinh-so-82017-cu-sinh-vien-tham-gia-vong-chung-khao-cuoc-thi-nha-sang-tao-vn-voi,https://ctsv.uit.edu.vn/sites/default/files/201710/08-qd-dhcntt06-01-2017.scan_.pdf,manifested,True,,
https://ctsv.uit.edu.vn/bai-viet/quyet-dinh-so-8212024-tang-giay-khen-cho-sinh-vien-hoc-vien-cao-hoc-dat-thanh-tich-trong,https://ctsv.uit.edu.vn/sites/default/files/uploads/files/202408/821_qd_dhcntt08_08_2024_scan.pdf,manifested,True,,
https://ctsv.uit.edu.vn/bai-viet/quyet-dinh-so-8252021-thanh-lap-hoi-dong-chuyen-mon-va-giup-viec-cuoc-thi-lap-trinh-cho-hoc,https://ctsv.uit.edu.vn/sites/default/files/202201/825_qd_dhcntt22_12_2021_scan.pdf,manifested,True,,
https://ctsv.uit.edu.vn/bai-viet/quyet-dinh-so-8262021-tang-tien-thuong-cho-sinh-vien-tham-gia-cuoc-thi-ieee-xtreme-2021,https://ctsv.uit.edu.vn/sites/default/files/202201/826_qd_dhcntt22_12_2021_scan.pdf,manifested,True,,
https://ctsv.uit.edu.vn/bai-viet/quyet-dinh-so-8262023-trao-hoc-bong-uit-global-thang-7-nam-2023,https://ctsv.uit.edu.vn/sites/default/files/202310/826_qd_dhcntt17_08_2023_scan.pdf,manifested,True,,
https://ctsv.uit.edu.vn/bai-viet/quyet-dinh-so-8272021-tang-giay-khen-cho-tap-ca-nhan-da-hoan-thanh-xuat-sac-cong-tac-hoi-va,https://ctsv.uit.edu.vn/sites/default/files/202201/827_qd_dhcntt22_12_2021_scan.pdf,manifested,True,,
https://ctsv.uit.edu.vn/bai-viet/quyet-dinh-so-8272025-quyet-dinh-ve-viec-thanh-lap-ban-chi-dao-ban-chuc-cong-tac-nhap-hoc,https://ctsv.uit.edu.vn/sites/default/files/uploads/files/202509/827_qd_dhcntt21_07_2025_scan.pdf,manifested,True,,
https://ctsv.uit.edu.vn/bai-viet/quyet-dinh-so-8282021-tang-giay-khen-cho-sinh-vien-dat-danh-hieu-sinh-vien-nam-tot-tieu,https://ctsv.uit.edu.vn/sites/default/files/202201/828_qd_dhcntt22_12_2021_scan.pdf,manifested,True,,
https://ctsv.uit.edu.vn/bai-viet/quyet-dinh-so-8292022-tang-giay-khen-sinh-vien-dat-danh-hieu-thu-khoa-ky-thi-tuyen-sinh-dai,https://ctsv.uit.edu.vn/sites/default/files/202210/829_qd_dhcntt05_10_2022_scan.pdf,manifested,True,,
https://ctsv.uit.edu.vn/bai-viet/quyet-dinh-so-8312021-tang-giay-khen-cho-sinh-vien-dat-danh-hieu-thanh-nien-tien-tien-lam,https://ctsv.uit.edu.vn/sites/default/files/202201/831_qd_dhcntt22_12_2021_scan.pdf,manifested,True,,
https://ctsv.uit.edu.vn/bai-viet/quyet-dinh-so-8312017-cap-hoc-bong-kkht-hoc-ky-2-nam-hoc-2016-2017-cho-sinh-vien-he-chinh,https://ctsv.uit.edu.vn/sites/default/files/201712/831_qd_dhcntt27_11_2017_scan.pdf,manifested,True,,
https://ctsv.uit.edu.vn/bai-viet/quyet-dinh-so-832023-trao-hoc-bong-uit-global-thang-12-nam-2022,https://ctsv.uit.edu.vn/sites/default/files/202302/83_qd_dhcntt16_02_2023_scan.pdf,manifested,True,,
https://ctsv.uit.edu.vn/bai-viet/quyet-dinh-so-8362019-khen-thuong-sinh-vien-tot-nghiep-thu-khoa-nganh-dot-2-nam-2019,https://ctsv.uit.edu.vn/sites/default/files/201912/836_qd_dhcntt27_11_2019_scan.pdf,manifested,True,,
https://ctsv.uit.edu.vn/bai-viet/quyet-dinh-so-8362023-cong-nhan-danh-gia-drl-sv-hk2-nh-2022-2023,https://ctsv.uit.edu.vn/sites/default/files/202310/836_qd_dhcntt21_08_2023_scan.pdf,manifested,True,,
https://ctsv.uit.edu.vn/bai-viet/quyet-dinh-so-8362023-cong-nhan-ket-qua-danh-gia-drl-sinh-vien-hk2-2022-2023,https://ctsv.uit.edu.vn/sites/default/files/202308/836_qd_dhcntt21_08_2023_scan.pdf,manifested,True,,
https://ctsv.uit.edu.vn/bai-viet/quyet-dinh-so-8372019-tang-giay-khen-doi-voi-sinh-vien-tot-nghiep-loai-gioi-he-dhcq-dot-2,https://ctsv.uit.edu.vn/sites/default/files/201912/837_qd_dhcntt27_11_2019_scan.pdf,manifested,True,,
https://ctsv.uit.edu.vn/bai-viet/quyet-dinh-so-8382019-trao-hoc-bong-bidv-2019,https://ctsv.uit.edu.vn/sites/default/files/201912/838_qd_dhcntt27_11_2019_scan.pdf,manifested,True,,
https://ctsv.uit.edu.vn/bai-viet/quyet-dinh-so-8382021-tang-giay-khen-doi-voi-ca-nhan-dat-thanh-tich-tot-trong-nghien-cuu,https://ctsv.uit.edu.vn/sites/default/files/202201/838_qd_dhcntt24_12_2021_scan.pdf,manifested,True,,
https://ctsv.uit.edu.vn/bai-viet/quyet-dinh-so-8392018-ky-luat-sinh-vien-nam-201809520667,https://ctsv.uit.edu.vn/sites/default/files/201812/839_qd_dhcntt12_12_2018_scan.pdf,manifested,True,,
https://ctsv.uit.edu.vn/bai-viet/quyet-dinh-so-8392019-tang-giay-khen-doi-voi-sin-vien-tot-nghiep-loai-gioi-he-txqm-dot-2,https://ctsv.uit.edu.vn/sites/default/files/201912/839_qd_dhcntt27_11_2019_scan.pdf,manifested,True,,
https://ctsv.uit.edu.vn/bai-viet/quyet-dinh-so-8392024-tang-giay-khen-tap-ca-nhan-dat-thanh-tich-xuat-sac-trong-cong-tac,https://ctsv.uit.edu.vn/sites/default/files/uploads/files/202408/839_qd_dhcntt13_08_2024_scan.pdf,manifested,True,,
https://ctsv.uit.edu.vn/bai-viet/quyet-dinh-so-8402018-khen-thuong-hoc-vien-cao-hoc-tot-nghiep-loai-gioi-dot-thang-12-nam,https://ctsv.uit.edu.vn/sites/default/files/201812/840_qd_dhcntt12_12_2018_scan.pdf,manifested,True,,
https://ctsv.uit.edu.vn/bai-viet/quyet-dinh-so-8412018-khen-thuong-sinh-tot-nghiep-thu-khoa-nganh-dot-thang-12-nam-2018,https://ctsv.uit.edu.vn/sites/default/files/201812/841_qd_dhcntt12_12_2018_scan.pdf,manifested,True,,
https://ctsv.uit.edu.vn/bai-viet/quyet-dinh-so-8412023-thanh-lap-lop-sv-vb2-khoa-2023,https://ctsv.uit.edu.vn/sites/default/files/202310/841_qd_dhcntt23_08_2023_scan.pdf,manifested,True,,
https://ctsv.uit.edu.vn/bai-viet/quyet-dinh-so-842023-tang-giay-khen-cho-giang-vien-sinh-vien-dat-giai-cuoc-thi-bkai-naver,https://ctsv.uit.edu.vn/sites/default/files/202302/84_qd_dhcntt16_02_2023_scan.pdf,manifested,True,,
https://ctsv.uit.edu.vn/bai-viet/quyet-dinh-so-8422018-khen-tang-sinh-vien-tot-nghiep-dat-loai-gioi-dot-thang-12-nam-2018,https://ctsv.uit.edu.vn/sites/default/files/201812/842_qd_dhcntt12_12_2018_scan.pdf,manifested,True,,
https://ctsv.uit.edu.vn/bai-viet/quyet-dinh-so-8422021-trao-hoc-bong-uit-anti-covid-19-cho-1-sinh-vien-he-chinh-quy-co-hoan,https://ctsv.uit.edu.vn/sites/default/files/202201/842_qd_dhcntt27_12_2021_scan_n.pdf,manifested,True,,
https://ctsv.uit.edu.vn/bai-viet/quyet-dinh-so-8422023-thanh-lap-lop-sv-khoa-2023,https://ctsv.uit.edu.vn/sites/default/files/202310/842_qd_dhcntt23_08_2023_scan.pdf,manifested,True,,
https://ctsv.uit.edu.vn/bai-viet/quyet-dinh-so-8432019-cu-sinh-vien-tham-du-vong-chung-khao-cuoc-thi-sinh-vien-voi-toan,https://ctsv.uit.edu.vn/sites/default/files/201912/843_qd_dhcntt28_11_2019_scan.pdf,manifested,True,,
https://ctsv.uit.edu.vn/bai-viet/quyet-dinh-so-8432021-trao-hoc-bong-uit-anti-covid-19-cho-05-sinh-vien-he-chinh-quy-co-hoan,https://ctsv.uit.edu.vn/sites/default/files/202201/843_qd_dhcntt27_12_2021_scan.pdf,manifested,True,,
https://ctsv.uit.edu.vn/bai-viet/quyet-dinh-so-8442020-thay-doi-cvht-lop-khnt2020-ths-do-van-tien,https://ctsv.uit.edu.vn/sites/default/files/202012/844_qd_dhcntt30_11_2020_scan_0.pdf,manifested,True,,
https://ctsv.uit.edu.vn/bai-viet/quyet-dinh-so-8442021-trao-hoc-bong-uit-anti-covid-19-cho-2-sinh-vien-he-chinh-quy-co-hoan,https://ctsv.uit.edu.vn/sites/default/files/202201/844_qd_dhcntt27_12_2021_scan.pdf,manifested,True,,
https://ctsv.uit.edu.vn/bai-viet/quyet-dinh-so-8452018-trao-hoc-bong-bidv-cho-sinh-vien,https://ctsv.uit.edu.vn/sites/default/files/201812/845_qd_dhcntt13_12_2018_scan.pdf,manifested,True,,
https://ctsv.uit.edu.vn/bai-viet/quyet-dinh-so-8452021-trao-hoc-bong-uit-anti-covid-19-cho-2-sinh-vien-he-chinh-quy-co-hoan,https://ctsv.uit.edu.vn/sites/default/files/202201/845_qd_dhcntt27_12_2021_scan.pdf,manifested,True,,
https://ctsv.uit.edu.vn/bai-viet/quyet-dinh-so-8452020-thay-doi-cvht-lop-khbc2020-ths-pham-nguyen-truong,https://ctsv.uit.edu.vn/sites/default/files/202012/845_qd_dhcntt30_11_2020_scan_0.pdf,manifested,True,,
https://ctsv.uit.edu.vn/bai-viet/quyet-dinh-so-8462021-tang-giay-khen-cho-sinh-vien-co-dong-gop-tich-cuc-trong-cong-tac-doan,https://ctsv.uit.edu.vn/sites/default/files/202201/846_qd_dhcntt27_12_2021_scan.pdf,manifested,True,,
https://ctsv.uit.edu.vn/bai-viet/quyet-dinh-so-8462018-trao-hoc-bong-fujinet-cho-sinh-vien,https://ctsv.uit.edu.vn/sites/default/files/201812/846_qd_dhcntt13_12_2018_scan.pdf,manifested,True,,
https://ctsv.uit.edu.vn/bai-viet/quyet-dinh-so-8472018-trao-hoc-bong-kms-cho-sinh-vien,https://ctsv.uit.edu.vn/sites/default/files/201812/847_qd_dhcntt13_12_2018_scan.pdf,manifested,True,,
https://ctsv.uit.edu.vn/bai-viet/quyet-dinh-so-852023-khen-thuong-giang-vien-sinh-vien-dat-giai-trong-cuoc-thi-thu-thach-tri,https://ctsv.uit.edu.vn/sites/default/files/202302/85_qd_dhcntt16_02_2023_scan.pdf,manifested,True,,
https://ctsv.uit.edu.vn/bai-viet/quyet-dinh-so-8532019-trao-hoc-bong-kms-2019,https://ctsv.uit.edu.vn/sites/default/files/201912/853_qd_dhcntt02_12_2019_scan.pdf,manifested,True,,
https://ctsv.uit.edu.vn/bai-viet/quyet-dinh-so-8542020-cu-sinh-vien-tham-gia-olympic-tin-hoc-sinh-vien-va-ky-thi-icpc2020,https://ctsv.uit.edu.vn/sites/default/files/202012/854_qd_dhcntt02_12_2020_scan.pdf,manifested,True,,
https://ctsv.uit.edu.vn/bai-viet/quyet-dinh-so-8572020-trao-hoc-bong-gems-university-2020-dot-3-trung-tam-giao-duc-nhan-dao,https://ctsv.uit.edu.vn/sites/default/files/202012/857_qd_dhcntt03_12_2020_scan.pdf,manifested,True,,
https://ctsv.uit.edu.vn/bai-viet/quyet-dinh-so-8562020-tang-giay-khen-cho-sinh-vien-dat-thanh-tich-tot-trong-hoc-tap-va-ren,https://ctsv.uit.edu.vn/sites/default/files/202012/856_qd_dhcntt03_12_2020_scan.pdf,manifested,True,,
https://ctsv.uit.edu.vn/bai-viet/quyet-dinh-so-8582020-tang-giay-khen-ca-nhan-tap-co-dong-gop-tich-cuc-trong-cong-tac-doan,https://ctsv.uit.edu.vn/sites/default/files/202012/858_qd_dhcntt03_12_2020_scan.pdf,manifested,True,,
https://ctsv.uit.edu.vn/bai-viet/quyet-dinh-so-862022-khen-thuong-hoc-vien-dat-thanh-tich-cao-trong-ky-thi-tuyen-sinh-chuong,https://ctsv.uit.edu.vn/sites/default/files/202206/86_qd_dhcntt18_02_2022_scan.pdf,manifested,True,,
https://ctsv.uit.edu.vn/bai-viet/quyet-dinh-so-862023-khen-thuong-giang-vien-sinh-vien-dat-giai-trong-ky-thi-olympic-tin-hoc,https://ctsv.uit.edu.vn/sites/default/files/202302/86_qd_dhcntt16_02_2023_scan.pdf,manifested,True,,
https://ctsv.uit.edu.vn/bai-viet/quyet-dinh-so-8622021-trao-hoc-bong-tai-tro-cho-sinh-vien-khoa-cnpm-vuot-kho-hoc-tot,https://ctsv.uit.edu.vn/sites/default/files/202201/862_qd_dhcntt_30_12_2021_scan.pdf,manifested,True,,
https://ctsv.uit.edu.vn/bai-viet/quyet-dinh-so-8762017-khen-thuong-hoc-vien-cao-hoc-tot-nghiep-dat-loai-gioi-dot-2-nam-2017,https://ctsv.uit.edu.vn/sites/default/files/201712/876_qd_dhcntt_13_12_2017_scan.pdf,manifested,True,,
https://ctsv.uit.edu.vn/bai-viet/quyet-dinh-so-8762022-trao-hoc-bong-uit-global-thang-9-nam-2022,https://ctsv.uit.edu.vn/sites/default/files/202211/876_qd_dhcntt20_10_2022_scan.pdf,manifested,True,,
https://ctsv.uit.edu.vn/bai-viet/quyet-dinh-so-8762020-cap-hoc-bong-kkht-hoc-ky-2-nam-hoc-2019-2020,https://ctsv.uit.edu.vn/sites/default/files/202012/876_qd_dhcntt07_12_2020_scan_n.pdf,manifested,True,,
https://ctsv.uit.edu.vn/bai-viet/quyet-dinh-so-8772017-khen-thuong-sinh-vien-tot-nghiep-thu-khoa-nganh-khoa-2013,https://ctsv.uit.edu.vn/sites/default/files/201712/877_qd_dhcntt_ctsv13_12_2017_scan.pdf,manifested,True,,
https://ctsv.uit.edu.vn/bai-viet/quyet-dinh-so-8772020-cap-hoc-bong-kkht-cho-sv-vuot-kho-hoc-tot-hoc-ky-2-nam-hoc-2019-2020,https://ctsv.uit.edu.vn/sites/default/files/202012/877_qd_dhcntt07_12_2020_scan.pdf,manifested,True,,
https://ctsv.uit.edu.vn/bai-viet/quyet-dinh-so-8772022-cu-sinh-vien-tham-gia-vong-chung-khao-cuoc-thi-sinh-vien-voi-toan,https://ctsv.uit.edu.vn/sites/default/files/202211/877_qd_dhcntt24_10_2022_scan.pdf,manifested,True,,
https://ctsv.uit.edu.vn/bai-viet/quyet-dinh-so-8782017-khen-thuong-sinh-vien-tot-nghiep-dat-loai-gioi-trong-hoc-tap-va-ren,https://ctsv.uit.edu.vn/sites/default/files/201712/878_qd_dhcntt_ctsv13_12_2017_scan.pdf,manifested,True,,
https://ctsv.uit.edu.vn/bai-viet/quyet-dinh-so-8782023-khen-thuong-sinh-vien-dat-danh-hieu-thu-khoa-ky-tuyen-sinh-dai-hoc,https://ctsv.uit.edu.vn/sites/default/files/202310/878_qd_dhcntt05_09_2023_scan.pdf,manifested,True,,
https://ctsv.uit.edu.vn/bai-viet/quyet-dinh-so-8782024-cong-nhan-ket-qua-danh-gia-diem-ren-luyen-sinh-vien-hk2-nam-hoc-2023,https://ctsv.uit.edu.vn/sites/default/files/uploads/files/202408/878_qd_dhcntt20_08_2024_scan.pdf,manifested,True,,
https://ctsv.uit.edu.vn/bai-viet/quyet-dinh-so-8792017-khen-thuong-sinh-vien-tot-nghiep-dat-loai-gioi-trong-hoc-tap-va-ren,https://ctsv.uit.edu.vn/sites/default/files/201712/879_qd_dhcntt_ctsv13_12_2017_scan.pdf,manifested,True,,
https://ctsv.uit.edu.vn/bai-viet/quyet-dinh-so-8802017-khen-thuong-sinh-vien-tot-nghiep-dat-loai-gioi-he-tu-xa-qua-mang-dot,https://ctsv.uit.edu.vn/sites/default/files/201712/880_qd_dhcntt_ctsv13_12_2017_scan.pdf,manifested,True,,
https://ctsv.uit.edu.vn/bai-viet/quyet-dinh-so-8852018-cap-hoc-bong-khuyen-khich-hoc-tap-cho-sinh-vien-vuot-kho-hoc-tot-hoc,https://ctsv.uit.edu.vn/sites/default/files/201812/885_qd-dhcntt25_12_2018_scan.pdf,manifested,True,,
https://ctsv.uit.edu.vn/bai-viet/quyet-dinh-so-8842018-cap-hoc-bong-khuyen-khich-hoc-tap-cho-sinh-vien-co-thanh-tich-cao,https://ctsv.uit.edu.vn/sites/default/files/201812/884_qd-dhcntt25_12_2018_scan.pdf,manifested,True,,
https://ctsv.uit.edu.vn/bai-viet/quyet-dinh-so-8882025-quyet-dinh-ve-viec-tang-giay-khen-cho-cac-ca-nhan-co-dong-gop-tich,https://ctsv.uit.edu.vn/sites/default/files/uploads/files/202509/888_qd_dhcntt31_07_2025_scan.pdf,manifested,True,,
https://ctsv.uit.edu.vn/bai-viet/quyet-dinh-so-8902020-tang-giay-khen-doi-voi-sinh-vien-tot-nghiep-loai-gioi-he-dai-hoc,https://ctsv.uit.edu.vn/sites/default/files/202012/890_qd_dhcntt10_12_2020_scan.pdf,manifested,True,,
https://ctsv.uit.edu.vn/bai-viet/quyet-dinh-so-8912020-khen-thuong-sinh-vien-tot-nghiep-thu-khoa-nganh-nam-2020,https://ctsv.uit.edu.vn/sites/default/files/202012/891_qd_dhcntt10_12_2020_scan.pdf,manifested,True,,
https://ctsv.uit.edu.vn/bai-viet/quyet-dinh-so-892017-cong-tac-co-van-hoc-tap-lop-antt2014,https://ctsv.uit.edu.vn/sites/default/files/201710/89_qd_dhcntt_23_02_2017.scan_.pdf,manifested,True,,
https://ctsv.uit.edu.vn/bai-viet/quyet-dinh-so-8922020-khen-thuong-doi-voi-hoc-vien-cao-hoc-tot-nghiep-loai-xuat-sac-loai,https://ctsv.uit.edu.vn/sites/default/files/202012/892_qd_dhcntt10_12_2020_scan.pdf,manifested,True,,
https://ctsv.uit.edu.vn/bai-viet/quyet-dinh-so-8922019-khen-thuong-doi-tuyen-dat-thanh-tich-cao-trong-cuoc-thi-sinh-vien-voi,https://ctsv.uit.edu.vn/sites/default/files/201912/892_qd_dhcntt10_12_2019_scan.pdf,manifested,True,,
https://ctsv.uit.edu.vn/bai-viet/quyet-dinh-so-8932019-khen-thuong-hoc-vien-cao-hoc-dat-thanh-tich-cao-trong-ky-thi-tuyen,https://ctsv.uit.edu.vn/sites/default/files/201912/893_qd_dhcntt10_12_2019_scan.pdf,manifested,True,,
https://ctsv.uit.edu.vn/bai-viet/quyet-dinh-so-902017-cu-sinh-vien-tham-du-chuong-trinh-sakura-exchange-nam-2017,https://ctsv.uit.edu.vn/sites/default/files/201710/90_qd_dhcntt_24_02_2017.scan_.pdf,manifested,True,,
https://ctsv.uit.edu.vn/bai-viet/quyet-dinh-so-9052024-trao-hoc-bong-tai-tro-cho-sinh-vien-chuong-trinh-hoc-bong-gems,https://ctsv.uit.edu.vn/sites/default/files/uploads/files/202411/905_qd_dhcntt26_08_2024_scan.pdf,manifested,True,,
https://ctsv.uit.edu.vn/bai-viet/quyet-dinh-so-9072022-cong-nhan-ket-qua-danh-gia-drl-sinh-vien-hoc-ky-2-nam-hoc-2021-2022,https://ctsv.uit.edu.vn/sites/default/files/202211/907_qd_dhcntt31_10_2022_scan.pdf,manifested,True,,
https://ctsv.uit.edu.vn/bai-viet/quyet-dinh-so-9082022-tang-giay-khen-cho-sinh-vien-dat-thanh-tich-tot-trong-hoc-tap-hk2-nam,https://ctsv.uit.edu.vn/sites/default/files/202211/908_qd_dhcntt31_10_2022_scan.pdf,manifested,True,,
https://ctsv.uit.edu.vn/bai-viet/quyet-dinh-so-9092022-thanh-lap-hoi-dong-xet-hoc-bong-ngoai-ngan-sach-nam-hoc-2022-2023,https://ctsv.uit.edu.vn/sites/default/files/202211/909_qd_dhcntt31_10_2022_scan.pdf,manifested,True,,
https://ctsv.uit.edu.vn/bai-viet/quyet-dinh-so-9122022-thanh-lap-hoi-dong-xet-hoc-bong-uit-global,https://ctsv.uit.edu.vn/sites/default/files/202211/912_qd_dhcntt01_11_2022_scan.pdf,manifested,True,,
https://ctsv.uit.edu.vn/bai-viet/quyet-dinh-so-9132017-trao-hoc-bong-salang-foundation-nam-hoc-2017-2018,https://ctsv.uit.edu.vn/sites/default/files/201712/913_qd_dhcntt21_12_2017_scan.pdf,manifested,True,,
https://ctsv.uit.edu.vn/bai-viet/quyet-dinh-so-9132022-cong-tac-co-van-hoc-tap-lop-cnt22021ta-thu-thuy,https://ctsv.uit.edu.vn/sites/default/files/202211/913_qd_dhcntt01_11_2022_scan.pdf,manifested,True,,
https://ctsv.uit.edu.vn/bai-viet/quyet-dinh-so-9132025-quyet-dinh-ve-viec-khen-thuong-cho-hoc-vien-cao-hoc-dat-thanh-tich,https://ctsv.uit.edu.vn/sites/default/files/uploads/files/202509/913_qd_dhcntt04_08_2025_scan.pdf,manifested,True,,
https://ctsv.uit.edu.vn/bai-viet/quyet-dinh-so-9142017-trao-hoc-bong-toan-thong-tin-nam-hoc-2017-2018,https://ctsv.uit.edu.vn/sites/default/files/201712/914_qd_dhcntt21_12_2017_scan.pdf,manifested,True,,
https://ctsv.uit.edu.vn/bai-viet/quyet-dinh-so-9152017-trao-hoc-bong-bidv-nam-hoc-2017-2018,https://ctsv.uit.edu.vn/sites/default/files/201712/915_qd_dhcntt21_12_2017_scan.pdf,manifested,True,,
https://ctsv.uit.edu.vn/bai-viet/quyet-dinh-so-9152024-khen-thuong-sinh-vien-dat-danh-hieu-thu-khoa-ky-tuyen-sinh-dai-hoc,https://ctsv.uit.edu.vn/sites/default/files/uploads/files/202411/915_qd_dhcntt28_08_2024_scan.pdf,manifested,True,,
https://ctsv.uit.edu.vn/bai-viet/quyet-dinh-so-9162017-trao-hoc-bong-fujinet-nam-hoc-2017-2018,https://ctsv.uit.edu.vn/sites/default/files/201712/916_qd_dhcntt21_12_2017_scan.pdf,manifested,True,,
https://ctsv.uit.edu.vn/bai-viet/quyet-dinh-so-9172017-trao-hoc-bong-global-cybersoft-nam-hoc-2017-2018,https://ctsv.uit.edu.vn/sites/default/files/201712/917_qd_dhcntt21_12_2017_scan.pdf,manifested,True,,
https://ctsv.uit.edu.vn/bai-viet/quyet-dinh-so-9212020-tang-giay-khen-doi-voi-sinh-vien-tot-nghiep-loai-xuat-sac-he-dai-hoc,https://ctsv.uit.edu.vn/sites/default/files/202012/921_qd_dhcntt22_12_2020_scan.pdf,manifested,True,,
https://ctsv.uit.edu.vn/bai-viet/quyet-dinh-so-9232022-cap-hoc-bong-ho-tro-chi-phi-o-ktx-cho-sinh-vien-nam-hoc-2021-2022,https://ctsv.uit.edu.vn/sites/default/files/202211/923_qd_dhcntt01_11_2022_scan.pdf,manifested,True,,
https://ctsv.uit.edu.vn/bai-viet/quyet-dinh-so-9252019-thay-doi-cvht-lop-mtcl20192-mtcl20193-ks-nguyen-manh-thao,https://ctsv.uit.edu.vn/sites/default/files/201912/925_qd_dhcntt20_12_2019_scan.pdf,manifested,True,,
https://ctsv.uit.edu.vn/bai-viet/quyet-dinh-so-9262020-khen-thuong-doi-tuyen-dat-thanh-tich-cao-trong-ky-thi-icpc-vn-online,https://ctsv.uit.edu.vn/sites/default/files/202012/926_qd_dhcntt24_12_2020_scan.pdf,manifested,True,,
https://ctsv.uit.edu.vn/bai-viet/quyet-dinh-so-9262022-tang-giay-khen-cho-sinh-vien-tot-nghiep-loai-gioi-he-dai-hoc-chinh,https://ctsv.uit.edu.vn/sites/default/files/202211/926_qd_dhcntt02_11_2022_scan.pdf,manifested,True,,
https://ctsv.uit.edu.vn/bai-viet/quyet-dinh-so-9272020-khen-thuong-hoc-vien-cao-hoc-dat-thanh-tich-cao-trong-ky-thi-tuyen,https://ctsv.uit.edu.vn/sites/default/files/202012/927_qd_dhcntt24_12_2020_scan.pdf,manifested,True,,
https://ctsv.uit.edu.vn/bai-viet/quyet-dinh-so-9282020-khen-thuong-doi-tuyen-dat-thanh-tich-cao-trong-ky-thi-icpc-khu-vuc,https://ctsv.uit.edu.vn/sites/default/files/202012/928_qd_dhcntt24_12_2020_scan.pdf,manifested,True,,
https://ctsv.uit.edu.vn/bai-viet/quyet-dinh-so-9282023-bo-nhiem-cvht-khoa-2023,https://ctsv.uit.edu.vn/sites/default/files/202310/928_qd_dhcntt12_09_2023_scan.n.pdf,manifested,True,,
https://ctsv.uit.edu.vn/bai-viet/quyet-dinh-so-9292020-khen-thuong-doi-tuyen-dat-thanh-tich-cao-trong-ky-thi-icpc-asia-can,https://ctsv.uit.edu.vn/sites/default/files/202012/929_qd_dhcntt24_12_2020_scan.pdf,manifested,True,,
https://ctsv.uit.edu.vn/bai-viet/quyet-dinh-so-9292023-cap-hoc-bong-toan-dien-sang-tao-phung-su-nam-2023,https://ctsv.uit.edu.vn/sites/default/files/202310/929_qd_dhcntt12_09_2023_scan.pdf,manifested,True,,
https://ctsv.uit.edu.vn/bai-viet/quyet-dinh-so-9302020-khen-thuong-ca-nhan-dat-thanh-tich-cao-trong-ky-thi-olympic-tin-hoc,https://ctsv.uit.edu.vn/sites/default/files/202012/930_qd_dhcntt24_12_2020_scan.pdf,manifested,True,,
https://ctsv.uit.edu.vn/bai-viet/quyet-dinh-so-9332020-trao-hoc-bong-kova-2020,https://ctsv.uit.edu.vn/sites/default/files/202101/933_qd_dhcntt24_12_2020_scan.pdf,manifested,True,,
https://ctsv.uit.edu.vn/bai-viet/quyet-dinh-so-9362025-quyet-dinh-ve-viec-thanh-lap-ban-chuc-le-khai-giang-nam-hoc-2025-2026,https://ctsv.uit.edu.vn/sites/default/files/uploads/files/202509/936_qd_dhcntt11_08_2025_scan.pdf,manifested,True,,
https://ctsv.uit.edu.vn/bai-viet/quyet-dinh-so-9462023-mien-giam-hoc-phi-hk1-nam-hoc-2023-2024-dot-1,https://ctsv.uit.edu.vn/sites/default/files/202309/946_qd_dhcntt18_09_2023_scan.pdf,manifested,True,,
https://ctsv.uit.edu.vn/bai-viet/quyet-dinh-so-9482024-cap-hoc-bong-toan-dien-sang-tao-phung-su-khoa-tuyen-2024,https://ctsv.uit.edu.vn/sites/default/files/uploads/files/202411/948_qd_dhcntt04_09_2024_scan.pdf,manifested,True,,
https://ctsv.uit.edu.vn/bai-viet/quyet-dinh-so-9492024-cu-sinh-vien-tham-du-dien-dan-thu-linh-sinh-vien-dong-nam-lan-thu-9,https://ctsv.uit.edu.vn/sites/default/files/uploads/files/202411/949_qd_dhcntt04_09_2024_scan.pdf,manifested,True,,
https://ctsv.uit.edu.vn/bai-viet/quyet-dinh-so-952021-thanh-lap-hoi-dong-xet-hoc-bong-kkht-cho-hoc-vien-sau-dai-hoc-nam-2021,https://ctsv.uit.edu.vn/sites/default/files/202105/95_qd_dhcntt23_02_2021_scan.pdf,manifested,True,,
https://ctsv.uit.edu.vn/bai-viet/quyet-dinh-so-9522023-cong-tac-cvht-lop-httt20211nguyen-quoc-vietthai-bao-tran,https://ctsv.uit.edu.vn/sites/default/files/202310/952_qd_dhcntt20_09_2023_scan.pdf,manifested,True,,
https://ctsv.uit.edu.vn/bai-viet/quyet-dinh-so-9532023-cong-tac-cvht-lop-cttt2021truong-thu-thuymai-xuan-hung,https://ctsv.uit.edu.vn/sites/default/files/202310/953_qd_dhcntt20_09_2023_scan.pdf,manifested,True,,
https://ctsv.uit.edu.vn/bai-viet/quyet-dinh-so-9552023-tang-giay-khen-cho-sinh-vien-nganh-thuong-mai-dien-tu-dat-thanh-tich,https://ctsv.uit.edu.vn/sites/default/files/202310/955_qd_dhcntt21_09_2023_scan.pdf,manifested,True,,
https://ctsv.uit.edu.vn/bai-viet/quyet-dinh-so-9562023-tang-giay-khen-cho-sinh-vien-nganh-ky-thuat-phan-mem-dat-thanh-tich,https://ctsv.uit.edu.vn/sites/default/files/202310/956_qd_dhcntt21_09_2023_scan.pdf,manifested,True,,
https://ctsv.uit.edu.vn/bai-viet/quyet-dinh-so-9572020-cap-hoc-bong-kkht-hk2-nh-2019-2020-cho-sinh-vien-he-chinh-quy-bo-sung,https://ctsv.uit.edu.vn/sites/default/files/202101/957_qd_dhcntt30_12_2020_scan.pdf,manifested,True,,
https://ctsv.uit.edu.vn/bai-viet/quyet-dinh-so-9582023-tang-giay-khen-cho-sinh-vien-nganh-ky-thuat-may-tinh-dat-thanh-tich,https://ctsv.uit.edu.vn/sites/default/files/202310/958_qd_dhcntt21_09_2023_scan.pdf,manifested,True,,
https://ctsv.uit.edu.vn/bai-viet/quyet-dinh-so-9572023-tang-giay-khen-cho-sinh-vien-nganh-mang-may-tinh-va-truyen-thong-dat,https://ctsv.uit.edu.vn/sites/default/files/202310/957_qd_dhcntt21_09_2023_scan.pdf,manifested,True,,
https://ctsv.uit.edu.vn/bai-viet/quyet-dinh-so-9592023-tang-giay-khen-cho-sinh-vien-nganh-he-thong-thong-tin-dat-thanh-tich,https://ctsv.uit.edu.vn/sites/default/files/202310/959_qd_dhcntt21_09_2023_scan.pdf,manifested,True,,
https://ctsv.uit.edu.vn/bai-viet/quyet-dinh-so-9602020-trao-hoc-bong-cho-sinh-vien-tot-nghiep-dai-hoc-loai-xuat-sac-trong-ky,https://ctsv.uit.edu.vn/sites/default/files/202101/960_qd_dhcntt31_12_2020_scan.pdf,manifested,True,,
https://ctsv.uit.edu.vn/bai-viet/quyet-dinh-so-9602024-trao-hoc-bong-cho-sinh-vien-dat-danh-hieu-thu-khoa-ky-tuyen-sinh-dai,https://ctsv.uit.edu.vn/sites/default/files/uploads/files/202411/960_qd_dhcntt05_09_2024_scan.pdf,manifested,True,,
https://ctsv.uit.edu.vn/bai-viet/quyet-dinh-so-9602023-tang-giay-khen-cho-sinh-vien-nganh-cong-nghe-thong-tin-dat-thanh-tich,https://ctsv.uit.edu.vn/sites/default/files/202310/960_qd_dhcntt21_09_2023_scan.pdf,manifested,True,,
https://ctsv.uit.edu.vn/bai-viet/quyet-dinh-so-9612017-thoi-cong-tac-cvht-lop-cntt2013vo-tan-khoa,https://ctsv.uit.edu.vn/sites/default/files/201801/961_qd_dhcntt29_12_2017_scan.pdf,manifested,True,,
https://ctsv.uit.edu.vn/bai-viet/quyet-dinh-so-9612023-tang-giay-khen-cho-sinh-vien-nganh-toan-thong-tin-dat-thanh-tich-tot,https://ctsv.uit.edu.vn/sites/default/files/202310/961_qd_dhcntt21_09_2023_scan.pdf,manifested,True,,
https://ctsv.uit.edu.vn/bai-viet/quyet-dinh-so-9622017-thoi-cong-tac-cvht-lop-khtn2013huynh-thi-thanh-thuong,https://ctsv.uit.edu.vn/sites/default/files/201801/962_qd_dhcntt29_12_2017_scan.pdf,manifested,True,,
https://ctsv.uit.edu.vn/bai-viet/quyet-dinh-so-9622023-tang-giay-khen-cho-sinh-vien-nganh-khoa-hoc-du-lieu-dat-thanh-tich,https://ctsv.uit.edu.vn/sites/default/files/202310/962_qd_dhcntt21_09_2023_scan.pdf,manifested,True,,
https://ctsv.uit.edu.vn/bai-viet/quyet-dinh-so-9632017-thoi-cong-tac-cvht-lop-khmt2013nguyen-truong,https://ctsv.uit.edu.vn/sites/default/files/201801/963_qd_dhcntt29_12_2017_scan.pdf,manifested,True,,
https://ctsv.uit.edu.vn/bai-viet/quyet-dinh-so-9632023-tang-giay-khen-cho-sinh-vien-nganh-khoa-hoc-may-tinh-dat-thanh-tich,https://ctsv.uit.edu.vn/sites/default/files/202310/963_qd_dhcntt21_09_2023_scan.pdf,manifested,True,,
https://ctsv.uit.edu.vn/bai-viet/quyet-dinh-so-9642017-bo-nhiem-cvht-lop-cntt0001vo-tan-khoa,https://ctsv.uit.edu.vn/sites/default/files/201801/964_qd_dhcntt29_12_2017_scan.pdf,manifested,True,,
https://ctsv.uit.edu.vn/bai-viet/quyet-dinh-so-9642023-tang-giay-khen-cho-sinh-vien-dat-thanh-tich-tot-trong-hoc-tap-va-ren,https://ctsv.uit.edu.vn/sites/default/files/202310/964_qd_dhcntt21_09_2023_scan.pdf,manifested,True,,
https://ctsv.uit.edu.vn/bai-viet/quyet-dinh-so-9652022-tang-giay-khen-cho-sinh-vien-nganh-ky-thuat-phan-mem-dat-thanh-tich,https://ctsv.uit.edu.vn/sites/default/files/202211/965_qd_dhcntt15_11_2022_scan.pdf,manifested,True,,
https://ctsv.uit.edu.vn/bai-viet/quyet-dinh-so-9652025-quyet-dinh-ve-viec-trao-hoc-bong-cho-sinh-vien-do-cong-ty-zenx-tai,https://ctsv.uit.edu.vn/sites/default/files/uploads/files/202509/965_qd_dhcntt18_08_2025_scan.pdf,manifested,True,,
https://ctsv.uit.edu.vn/bai-viet/quyet-dinh-so-9662022-tang-giay-khen-cho-sinh-vien-nganh-he-thong-thong-tin-dat-thanh-tich,https://ctsv.uit.edu.vn/sites/default/files/202211/966_qd_dhcntt15_11_2022_scan.pdf,manifested,True,,
https://ctsv.uit.edu.vn/bai-viet/quyet-dinh-so-9672022-tang-giay-khen-cho-sinh-vien-nganh-toan-thong-tin-dat-thanh-tich-tot,https://ctsv.uit.edu.vn/sites/default/files/202211/967_qd_dhcntt15_11_2022_scan.pdf,manifested,True,,
https://ctsv.uit.edu.vn/bai-viet/quyet-dinh-so-9682022-tang-giay-khen-cho-sinh-vien-nganh-cong-nghe-thong-tin-dat-thanh-tich,https://ctsv.uit.edu.vn/sites/default/files/202211/968_qd_dhcntt15_11_2022_scan.pdf,manifested,True,,
https://ctsv.uit.edu.vn/bai-viet/quyet-dinh-so-9692022-tang-giay-khen-cho-sinh-vien-nganh-thuong-mai-dien-tu-dat-thanh-tich,https://ctsv.uit.edu.vn/sites/default/files/202211/969_qd_dhcntt15_11_2022_scan.pdf,manifested,True,,
https://ctsv.uit.edu.vn/bai-viet/quyet-dinh-so-9702022-tang-giay-khen-cho-sinh-vien-nganh-khoa-hoc-may-tinh-dat-thanh-tich,https://ctsv.uit.edu.vn/sites/default/files/202310/970_qd_dhcntt15_11_2022_scan.pdf,manifested,True,,
https://ctsv.uit.edu.vn/bai-viet/quyet-dinh-so-9712022-tang-giay-khen-cho-sinh-vien-nganh-khoa-hoc-du-lieu-dat-thanh-tich,https://ctsv.uit.edu.vn/sites/default/files/202211/971_qd_dhcntt15_11_2022_scan.pdf,manifested,True,,
https://ctsv.uit.edu.vn/bai-viet/quyet-dinh-so-9722022-tang-giay-khen-cho-sinh-vien-nganh-ky-thuat-may-tinh-dat-thanh-tich,https://ctsv.uit.edu.vn/sites/default/files/202211/972_qd_dhcntt15_11_2022_scan.pdf,manifested,True,,
https://ctsv.uit.edu.vn/bai-viet/quyet-dinh-so-9732022-tang-giay-khen-cho-sinh-vien-nganh-mang-may-tinh-va-truyen-thong-du,https://ctsv.uit.edu.vn/sites/default/files/202211/973_qd_dhcntt15_11_2022_scan.pdf,manifested,True,,
https://ctsv.uit.edu.vn/bai-viet/quyet-dinh-so-9832023-trao-hoc-bong-uit-global-thang-8-nam-2023,https://ctsv.uit.edu.vn/sites/default/files/202310/983_qd_dhcntt21_09_2023_scan.pdf,manifested,True,,
https://ctsv.uit.edu.vn/bai-viet/quyet-dinh-so-9872025-quyet-dinh-ve-viec-trao-hoc-bong-uit-global-thang-6-7-nam-2025,https://ctsv.uit.edu.vn/sites/default/files/uploads/files/202509/987_qd_dhcntt21_08_2025_scan.pdf,manifested,True,,
https://ctsv.uit.edu.vn/bai-viet/quyet-dinh-so-992020-thanh-lap-lop-cnt22019,https://ctsv.uit.edu.vn/sites/default/files/202005/99_qd_dhcntt02_03_2020_scan.pdf,manifested,True,,
https://ctsv.uit.edu.vn/bai-viet/quyet-dinh-so-992021-trao-hoc-bong-kkht-cho-hoc-vien-nam-2021,https://ctsv.uit.edu.vn/sites/default/files/202105/99_qd_dhcntt26_02_2021_scan.pdf,manifested,True,,
https://ctsv.uit.edu.vn/bai-viet/quyet-dinh-so-9972025-quyet-dinh-ve-viec-tang-giay-khen-cho-sinh-vien-dat-thanh-tich-xuat,https://ctsv.uit.edu.vn/sites/default/files/uploads/files/202509/997_qd_dhcntt25_08_2025_scan.pdf,manifested,True,,
https://ctsv.uit.edu.vn/bai-viet/quyet-dinh-sv-nhan-tcxh-nam-hoc-2012-2013,"https://ctsv.uit.edu.vn/sites/default/files/attachments/article/173/03_QD_DHCNTT_CTSV,%2009_4_2013.pdf",manifested,True,,
https://ctsv.uit.edu.vn/bai-viet/quyet-dinh-tcxh-nam-hoc-2011-2012,https://ctsv.uit.edu.vn/sites/default/files/attachments/article/160/QD%2002.PDF,manifested,True,,
https://ctsv.uit.edu.vn/bai-viet/quyet-dinh-ve-viec-vay-von-tin-dung-cho-sinh-vien,https://ctsv.uit.edu.vn/sites/default/files/attachments/article/225/42894_QD157TTG.DOC,manifested,True,,
https://ctsv.uit.edu.vn/bai-viet/sinh-vien-dat-giai-hoi-thao-cap-truong,https://ctsv.uit.edu.vn/sites/default/files/attachments/article/67/DS%20dat%20giai%20Hoi%20thao%20sinh%20vien%20lan%20VII1.xls,manifested,True,,
https://ctsv.uit.edu.vn/bai-viet/so-do-cho-ngoi-le-tot-nghiep-dot-1-nam-2016-cap-nhat,https://ctsv.uit.edu.vn/sites/default/files/201606/thutunhanbang_dot_1_2016.xlsx,manifested,True,,
https://ctsv.uit.edu.vn/bai-viet/so-do-cho-ngoi-le-tot-nghiep-dot-1-nam-2016-cap-nhat,https://ctsv.uit.edu.vn/sites/default/files/201606/sodochongoi_va_luuykhithamgiale.docx,manifested,True,,
https://ctsv.uit.edu.vn/bai-viet/so-do-cho-ngoi-le-tot-nghiep-dot-2-nam-2015,https://ctsv.uit.edu.vn/sites/default/files/201512/thutunhanbang.pdf,manifested,True,,
https://ctsv.uit.edu.vn/bai-viet/so-do-cho-ngoi-le-tot-nghiep-dot-2-nam-2015,https://ctsv.uit.edu.vn/sites/default/files/201512/sodochongoivaluuykhithamgiale_0.docx,manifested,True,,
https://ctsv.uit.edu.vn/bai-viet/so-do-cho-ngoi-le-tot-nghiep-dot-2-nam-2016,https://ctsv.uit.edu.vn/sites/default/files/201612/sodochongoivaluuykhithamgiale.docx,manifested,True,,
https://ctsv.uit.edu.vn/bai-viet/so-do-cho-ngoi-le-tot-nghiep-dot-2-nam-2016,https://ctsv.uit.edu.vn/sites/default/files/201612/thutunhanbang_0.xlsx,manifested,True,,
https://ctsv.uit.edu.vn/bai-viet/so-do-cho-ngoi-le-tot-nghiep-dot-2-nam-2017,https://ctsv.uit.edu.vn/sites/default/files/201712/ltn_122017_-_so_do_cho_ngoi_va_cac_luu_y.docx,manifested,True,,
https://ctsv.uit.edu.vn/bai-viet/so-do-cho-ngoi-le-tot-nghiep-dot-2-nam-2017,https://ctsv.uit.edu.vn/sites/default/files/201712/ltn_122017_-_thu_tu_nhan_bang_final_1.xlsx,manifested,True,,
https://ctsv.uit.edu.vn/bai-viet/so-tay-sinh-vien-khoa-2016,https://ctsv.uit.edu.vn/sites/default/files/uploads/files/uit_stsv2016_online.pdf,manifested,True,,
https://ctsv.uit.edu.vn/bai-viet/so-tay-sinh-vien-khoa-2017,https://ctsv.uit.edu.vn/sites/default/files/201808/camnangsv2017-2018_0.pdf,manifested,True,,
https://ctsv.uit.edu.vn/bai-viet/so-tay-sinh-vien-khoa-2018,https://ctsv.uit.edu.vn/sites/default/files/201901/stsvkhoa2018_0.pdf,manifested,True,,
https://ctsv.uit.edu.vn/bai-viet/tang-cuong-cong-tac-phong-dich-benh-covid-19-va-benh-marburg,https://ctsv.uit.edu.vn/sites/default/files/202304/50_tb_dhcntt19_04_2023_scan.pdf,manifested,True,,
https://ctsv.uit.edu.vn/bai-viet/tb-hoc-bong-danh-cho-sinh-vien-khuyet-tat,https://ctsv.uit.edu.vn/sites/default/files/201704/12_drd_phong_du_an_2017_28_03_2017.pdf,manifested,True,,
https://ctsv.uit.edu.vn/bai-viet/tb-hoc-bong-pony-chung-2016,https://ctsv.uit.edu.vn/sites/default/files/201609/pcf_data_sheet_2016.doc,manifested,True,,
https://ctsv.uit.edu.vn/bai-viet/tb-khao-sat-y-kien-sv-ve-hoat-dong-giang-day-cua-gv-hkii-nh-2022-2023,https://ctsv.uit.edu.vn/sites/default/files/202306/01_tb_ttpcdbcl19062023.pdf,manifested,True,,
https://ctsv.uit.edu.vn/bai-viet/tb-kiem-tra-dssv-tham-du-tuan-shcdsv-cuoi-khoa-lan-1-2018,https://ctsv.uit.edu.vn/sites/default/files/201804/dssv_tuan_shcdsv_cuoi_khoa_-_chieu_17-4-2018.pdf,manifested,True,,
https://ctsv.uit.edu.vn/bai-viet/tb-kiem-tra-dssv-tham-du-tuan-shcdsv-cuoi-khoa-lan-1-2018,https://ctsv.uit.edu.vn/sites/default/files/201804/dssv_tuan_shcdsv_cuoi_khoa_-_sang_17-4-2018.pdf,manifested,True,,
https://ctsv.uit.edu.vn/bai-viet/tb-kiem-tra-dssv-tham-du-tuan-shcdsv-cuoi-khoa-lan-1-2018,https://ctsv.uit.edu.vn/sites/default/files/201804/dssv_tuan_shcdsv_cuoi_khoa_-_sang_18-4-2018.pdf,manifested,True,,
https://ctsv.uit.edu.vn/bai-viet/tb-tuan-sinh-hoat-cong-dan-sinh-vien-dau-khoa-2017,https://ctsv.uit.edu.vn/sites/default/files/201708/tb_tuan_shcdsv_dau_khoa_2017.pdf,manifested,True,,
https://ctsv.uit.edu.vn/bai-viet/tb-tuan-sinh-hoat-cong-dan-sinh-vien-dau-khoa-2017,https://ctsv.uit.edu.vn/sites/default/files/201708/13-kh_tuan_shcdsv_dau_khoa.pdf,manifested,True,,
https://ctsv.uit.edu.vn/bai-viet/tb-tuan-sinh-hoat-cong-dan-sinh-vien-dau-khoa-2017,https://ctsv.uit.edu.vn/sites/default/files/201708/13-phu_luc_tuan_shcdsv_dau_khoa.pdf,manifested,True,,
https://ctsv.uit.edu.vn/bai-viet/tb-vv-nhan-ho-so-xet-hoc-bong-vu-dinh-lieu-nam-hoc-2016-2017,https://ctsv.uit.edu.vn/sites/default/files/201608/1601_tb_vsf_20_8_2016.pdf,manifested,True,,
https://ctsv.uit.edu.vn/bai-viet/tb-vv-lay-y-kien-tham-do-danh-sach-de-nghi-danh-hieu-ngut-nam-2017,https://ctsv.uit.edu.vn/sites/default/files/201701/05_tb_dhcntt_17_01_2017_scan.pdf,manifested,True,,
https://ctsv.uit.edu.vn/bai-viet/tham-gia-giai-taekwondo-sinh-vien-hoc-sinh-chuyen-nghiep-toan-quoc-lan-thu-ix-nam-2013,"https://ctsv.uit.edu.vn/sites/default/files/attachments/article/191/40_QD_HTT,%2022_4_2013.PDF",manifested,True,,
https://ctsv.uit.edu.vn/bai-viet/thinh-tri-thanh-tai-cung-cathay,https://ctsv.uit.edu.vn/sites/default/files/attachments/article/101/CV.TBao.Cathay%202012.doc,manifested,True,,
https://ctsv.uit.edu.vn/bai-viet/thinh-tri-thanh-tai-cung-cathay,https://ctsv.uit.edu.vn/sites/default/files/attachments/article/101/Application%20Form%20-%20Cathay%20scholarship12.doc,manifested,True,,
https://ctsv.uit.edu.vn/bai-viet/thong-tin-ve-cong-tac-kham-suc-khoe-va-lap-ho-so-suc-khoe-dien-tu-cho-sinh-vien-noi-tru-ktx,https://ctsv.uit.edu.vn/sites/default/files/uploads/files/202311/804-ttqlktx-ctsv.pdf,manifested,True,,
https://ctsv.uit.edu.vn/bai-viet/thong-tin-ve-cong-ty-co-phan-hung-se-het-thoi-han-hop-dong-khai-thac-su-dung-ky-tuc-xa-xa,https://ctsv.uit.edu.vn/sites/default/files/202007/1377_dhqg_khtc28-7-2020.pdf,manifested,True,,
https://ctsv.uit.edu.vn/bai-viet/thong-tu-29-2010,https://ctsv.uit.edu.vn/sites/default/files/attachments/article/52/TT_29_2010.pdf,manifested,True,,
https://ctsv.uit.edu.vn/bai-viet/thong-tu-huong-dan-mghp-cua-bo-gddt-bo-tc-bo-ttnxh,https://ctsv.uit.edu.vn/sites/default/files/attachments/article/219/TT_29_2010.pdf,manifested,True,,
https://ctsv.uit.edu.vn/bai-viet/thong-tu-huong-dan-mghp-cua-bo-gddt-bo-tc-bo-ttnxh,https://ctsv.uit.edu.vn/sites/default/files/attachments/article/219/ND49CP.pdf,manifested,True,,
https://ctsv.uit.edu.vn/bai-viet/thong-tu-huong-dan-ve-viec-tam-hoan-nvqs,https://ctsv.uit.edu.vn/sites/default/files/attachments/article/129/13TTLT.doc,failed_terminal,True,,404 Client Error: Not Found for url: https://ctsv.uit.edu.vn/sites/default/files/attachments/article/129/13TTLT.doc
https://ctsv.uit.edu.vn/bai-viet/thong-tu-huong-dan-ve-viec-tam-hoan-nvqs,https://ctsv.uit.edu.vn/sites/default/files/attachments/article/129/175TTLT.doc,failed_terminal,True,,404 Client Error: Not Found for url: https://ctsv.uit.edu.vn/sites/default/files/attachments/article/129/175TTLT.doc
https://ctsv.uit.edu.vn/bai-viet/thong-tu-lien-tich-so-092016ttlt-bgddt-btc-bldtbxh-ve-co-che-thu-quan-ly-hoc-phi-va-chinh,https://ctsv.uit.edu.vn/sites/default/files/201604/09_2016_ttlt_bgd_btc_bld.pdf,manifested,True,,
https://ctsv.uit.edu.vn/bai-viet/thu-cam-nha-tuyen-dung-da-tham-gia-khao-sat-nam-2025,https://ctsv.uit.edu.vn/sites/default/files/uploads/files/202512/thu_cam_on_ntd_2025.pdf,manifested,True,,
https://ctsv.uit.edu.vn/bai-viet/thu-cam-va-phan-hoi-sinh-vien-ve-viec-su-dung-ket-qua-khao-sat,https://ctsv.uit.edu.vn/sites/default/files/202205/thu_cam_on_va_phan_hoi_ket_qua_khao_sat_sinh_vien.pdf,manifested,True,,
https://ctsv.uit.edu.vn/bai-viet/thu-ngo-van-dong-nguon-luc-ho-tro-sinh-vien-uit-dau-nam-hoc-2024-2025,https://ctsv.uit.edu.vn/sites/default/files/uploads/files/202408/thu-ngo.pdf,manifested,True,,
https://ctsv.uit.edu.vn/bai-viet/trao-doi-sinh-vien-thong-qua-he-thong-trao-doi-tin-chi-dong-nam-acts-nam-hoc-2019-2020,https://ctsv.uit.edu.vn/sites/default/files/201907/1211_dhqg_dnptda_10_7_2019.pdf,manifested,True,,
https://ctsv.uit.edu.vn/bai-viet/trien-khai-xet-thi-dua-khen-thuong-cap-dhqg-nam-hoc-2015-2016,https://ctsv.uit.edu.vn/sites/default/files/201606/qd_1589_141230_quychethidua-khenthuonghssv-dhqg-hcm.pdf,manifested,True,,
https://ctsv.uit.edu.vn/bai-viet/trien-khai-xet-thi-dua-khen-thuong-cap-dhqg-nam-hoc-2015-2016,https://ctsv.uit.edu.vn/sites/default/files/201606/mau_khai_thanh_tich_tap_the.docx,manifested,True,,
https://ctsv.uit.edu.vn/bai-viet/trien-khai-xet-thi-dua-khen-thuong-cap-dhqg-nam-hoc-2015-2016,https://ctsv.uit.edu.vn/sites/default/files/201606/mau_khai_thanh_tich_ca_nhan.doc,manifested,True,,
https://ctsv.uit.edu.vn/bai-viet/trien-khai-xet-thi-dua-khen-thuong-cap-dhqg-nam-hoc-2017-2018,https://ctsv.uit.edu.vn/sites/default/files/201807/11_tb_ctsv_06_7_2018.doc,manifested,True,,
https://ctsv.uit.edu.vn/bai-viet/trien-khai-xet-thi-dua-khen-thuong-cap-dhqg-nam-hoc-2017-2018,https://ctsv.uit.edu.vn/sites/default/files/201807/1069_dhqg_ctsv_14_6_2018.pdf,manifested,True,,
https://ctsv.uit.edu.vn/bai-viet/trien-khai-xet-thi-dua-khen-thuong-cap-dhqg-nam-hoc-2017-2018,https://ctsv.uit.edu.vn/sites/default/files/201807/mau_khai_thanh_tich_ca_nhan.doc,manifested,True,,
https://ctsv.uit.edu.vn/bai-viet/trien-khai-xet-thi-dua-khen-thuong-cap-dhqg-nam-hoc-2017-2018,https://ctsv.uit.edu.vn/sites/default/files/201807/mau_khai_thanh_tich_tap_the.docx,manifested,True,,
https://ctsv.uit.edu.vn/bai-viet/tuyen-chon-giang-vien-va-sinh-vien-tham-du-dien-dan-giao-duc-va-cuoc-thi-nha-hung-bien-tre,https://ctsv.uit.edu.vn/sites/default/files/201904/577_dhqg_daptda_08_4_2019.pdf,manifested,True,,
https://ctsv.uit.edu.vn/bai-viet/tuyen-dung-cong-ty-viettel,https://ctsv.uit.edu.vn/sites/default/files/attachments/article/164/Viettel_Thong%20bao%20tuyen%20dung.pdf,manifested,True,,
https://ctsv.uit.edu.vn/bai-viet/tuyen-duong-ca-nhan-dat-thanh-tich-tot-trong-nghien-cuu-khoa-hoc-nam-2021-dot-1,https://ctsv.uit.edu.vn/sites/default/files/202109/qd_khen_thuong_nckh_2021_dot_1.pdf,manifested,True,,
https://ctsv.uit.edu.vn/bai-viet/tuyen-sinh-vien-tham-gia-lop-hoc-aun-mobile-classroom-east-west-tai-dh-mahidol-thai-lan,https://ctsv.uit.edu.vn/sites/default/files/201609/1674_dhqg_ctsv_30_8_2016.pdf,manifested,True,,
https://ctsv.uit.edu.vn/bai-viet/tuyen-sv-du-dien-dan-thu-linh-sv-asean-lan-thu-5,https://ctsv.uit.edu.vn/sites/default/files/201609/cv1701_160905_cu_sinh_vien_tham_gia_dien_dan_thu_linh_sinh_vien_2016.pdf,manifested,True,,
https://ctsv.uit.edu.vn/bai-viet/tuyen-sv-du-dien-dan-thu-linh-sv-asean-lan-thu-5,https://ctsv.uit.edu.vn/sites/default/files/201609/aslf-2016-tentative-program-flow.pdf,manifested,True,,
https://ctsv.uit.edu.vn/bai-viet/tuyen-sv-du-dien-dan-thu-linh-sv-asean-lan-thu-5,https://ctsv.uit.edu.vn/sites/default/files/201609/aslf_delegates_informationsheet_1.xlsx,manifested,True,,
https://ctsv.uit.edu.vn/bai-viet/tuyen-sv-tham-gia-chuong-trinh-trai-nghiem-asean-nam-2017,https://ctsv.uit.edu.vn/sites/default/files/201706/brochure_aun_aelp_latest.pdf,manifested,True,,
https://ctsv.uit.edu.vn/bai-viet/vayVonACB,https://ctsv.uit.edu.vn/sites/default/files/uploads/files/202408/bieu_mau_1.docx,manifested,True,,
https://ctsv.uit.edu.vn/bai-viet/vayVonACB,https://ctsv.uit.edu.vn/sites/default/files/uploads/files/202408/cv_83_trien_khai_chuong_trinh_vay_uu_dai_nam_hoc_2024-2025.pdf,manifested,True,,
https://ctsv.uit.edu.vn/bai-viet/ve-viec-cap-nhat-du-lieu-sinh-vien,https://ctsv.uit.edu.vn/sites/default/files/attachments/article/263/TB%20cap%20nhat%20du%20lieu%20SV.pdf,manifested,True,,
https://ctsv.uit.edu.vn/bai-viet/ve-viec-cap-nhat-du-lieu-sinh-vien,https://ctsv.uit.edu.vn/sites/default/files/attachments/article/263/DS%20SV%20THIEU%20THONG%20TIN%20CA%20%20NHAN.xls,manifested,True,,
https://ctsv.uit.edu.vn/bai-viet/ve-viec-gia-han-thoi-gian-nop-ho-so-xet-mghp-nam-hoc-2013-2014,https://ctsv.uit.edu.vn/sites/default/files/attachments/article/268/TB%20gia%20han%20nop%20ho%20s%C6%A1%20MGHP.doc,manifested,True,,
https://ctsv.uit.edu.vn/bai-viet/ve-viec-thuc-hien-cac-bien-phap-nham-ung-pho-voi-tinh-hinh-dich-benh-covid-19,https://ctsv.uit.edu.vn/sites/default/files/202005/34_tb_dhcntt_04_05_2020_scan.pdf,manifested,True,,
https://ctsv.uit.edu.vn/bai-viet/vv-cap-hoc-bong-uit-global-dot-thang-10-112021,https://ctsv.uit.edu.vn/sites/default/files/202111/uit_global_3_2021-11-_thong_bao_ds_du_kien.pdf,manifested,True,,
https://ctsv.uit.edu.vn/bai-viet/vv-cap-hoc-bong-uit-global-dot-thang-102021,https://ctsv.uit.edu.vn/sites/default/files/202110/uit_global_-_thong_bao_ds_du_kien.pdf,manifested,True,,
https://ctsv.uit.edu.vn/bai-viet/vv-cap-hoc-bong-uit-global-dot-thang-42021,https://ctsv.uit.edu.vn/sites/default/files/202104/dssv_hoc_bong_global_thang_04-2021.pdf,manifested,True,,
https://ctsv.uit.edu.vn/bai-viet/vv-thuc-hien-phuong-thuc-dong-hoc-phi-thay-tai-khoan-dinh-danh,https://ctsv.uit.edu.vn/sites/default/files/uploads/files/202407/thong_bao_thu_hp_hk3_2023-2024_0.pdf,manifested,True,,
https://ctsv.uit.edu.vn/bai-viet/vv-xet-khen-thuong-bang-khen-giam-doc-dhqg-nam-hoc-2016-2017,https://ctsv.uit.edu.vn/sites/default/files/201707/qd1589_141230_dhqg_ban_hanh_cong_tac_tdkt_hssv.pdf,manifested,True,,
https://ctsv.uit.edu.vn/bai-viet/vv-xet-khen-thuong-bang-khen-giam-doc-dhqg-nam-hoc-2016-2017,https://ctsv.uit.edu.vn/sites/default/files/201707/bang_khen_gd_dhqg_-_mau_khai_thanh_tich.docx,manifested,True,,
https://ctsv.uit.edu.vn/bai-viet/xet-chon-bo-sung-sinh-vien-nhan-hoc-bong-cathay,https://ctsv.uit.edu.vn/sites/default/files/201808/2205_dhqg_ctsv_02_12_2015.pdf,manifested,True,,
https://ctsv.uit.edu.vn/bai-viet/xet-chon-bo-sung-sinh-vien-nhan-hoc-bong-cathay,https://ctsv.uit.edu.vn/sites/default/files/201808/application_form_-_cathay_scholarship-1.doc,manifested,True,,
https://ctsv.uit.edu.vn/bai-viet/xet-tuyen-sv-tham-gia-dien-dan-thu-linh-sv-asean-2015-tai-thai-lan,https://ctsv.uit.edu.vn/sites/default/files/201509/1707_dhqg_ctsv_21_9_2015.pdf,manifested,True,,
https://ctsv.uit.edu.vn/bai-viet/xet-tuyen-sv-tham-gia-dien-dan-thu-linh-sv-asean-2015-tai-thai-lan,https://ctsv.uit.edu.vn/sites/default/files/201509/mau_thong_tin_sinh_vien.doc,manifested,True,,
https://ctsv.uit.edu.vn/node/293,https://ctsv.uit.edu.vn/sites/default/files/01-quy_trinh_xet_cap_hb_tai_tro.doc,manifested,True,,
https://ctsv.uit.edu.vn/node/294,https://ctsv.uit.edu.vn/sites/default/files/02-quy_trinh_xet_cap_hb_kkht.doc,manifested,True,,
https://ctsv.uit.edu.vn/node/296,https://ctsv.uit.edu.vn/sites/default/files/04-quy_trinh_khen_thuong_-_ky_luat.doc,manifested,True,,
https://ctsv.uit.edu.vn/node/299,https://ctsv.uit.edu.vn/sites/default/files/07-quy_trinh_quan_ly_noi_cu_tru_sv.doc,manifested,True,,
https://ctsv.uit.edu.vn/node/300,https://ctsv.uit.edu.vn/sites/default/files/202010/08-quy_trinh_qt_danh_gia_drl_sv.pdf,manifested,True,,
https://ctsv.uit.edu.vn/node/302,https://ctsv.uit.edu.vn/sites/default/files/10-quy_trinh_nop_hoc_phi.pdf,manifested,True,,
https://ctsv.uit.edu.vn/node/465,https://ctsv.uit.edu.vn/sites/default/files/202110/bang_tom_tat_cac_che_do_chinh_sach.pdf,manifested,True,,
https://ctsv.uit.edu.vn/node/487,https://ctsv.uit.edu.vn/sites/default/files/201503/quy_trinh_boi_thuong_bao_hiem_tai_nan_sinh_vien.pdf,manifested,True,,
https://ctsv.uit.edu.vn/node/487,https://ctsv.uit.edu.vn/sites/default/files/201510/qt_tai_nan_hssv_24h_5.2013.pdf,manifested,True,,
https://ctsv.uit.edu.vn/node/487,https://ctsv.uit.edu.vn/sites/default/files/201510/bang_ty_le_tra_tien_bh_thuong_tat_5.2013.pdf,manifested,True,,
https://ctsv.uit.edu.vn/bai-viet/khu-vuc-vung-mien-theo-quy-dinh-xet-tcxh,https://ctsv.uit.edu.vn/sites/default/files/attachments/article/151/QD%2001-2007-UBDT.doc,manifested,True,,
https://ctsv.uit.edu.vn/bai-viet/khu-vuc-vung-mien-theo-quy-dinh-xet-tcxh,https://ctsv.uit.edu.vn/sites/default/files/attachments/article/151/QD%2026.doc,manifested,True,,
https://ctsv.uit.edu.vn/bai-viet/khu-vuc-vung-mien-theo-quy-dinh-xet-tcxh,https://ctsv.uit.edu.vn/sites/default/files/attachments/article/151/QD%2033.doc,manifested,True,,
https://ctsv.uit.edu.vn/bai-viet/khu-vuc-vung-mien-theo-quy-dinh-xet-tcxh,https://ctsv.uit.edu.vn/sites/default/files/attachments/article/151/QD%2042.doc,manifested,True,,
https://ctsv.uit.edu.vn/bai-viet/khu-vuc-vung-mien-theo-quy-dinh-xet-tcxh,https://ctsv.uit.edu.vn/sites/default/files/attachments/article/151/QD%2061.doc,manifested,True,,
https://ctsv.uit.edu.vn/bai-viet/khu-vuc-vung-mien-theo-quy-dinh-xet-tcxh,https://ctsv.uit.edu.vn/sites/default/files/attachments/article/151/QD%2068.doc,manifested,True,,
https://ctsv.uit.edu.vn/bai-viet/khu-vuc-vung-mien-theo-quy-dinh-xet-tcxh,https://ctsv.uit.edu.vn/sites/default/files/attachments/article/151/QD172-2006-UBDT.doc,manifested,True,,
https://ctsv.uit.edu.vn/bai-viet/quy-che-cong-tac-thi-dua-khen-thuong-hoc-sinh-sinh-vien-cap-dhqg,https://ctsv.uit.edu.vn/sites/default/files/202007/1681_qd_dhqg27_12_2019.pdf,manifested,True,,
https://ctsv.uit.edu.vn/bai-viet/quy-che-cong-tac-thi-dua-khen-thuong-hoc-sinh-sinh-vien-cap-dhqg,https://ctsv.uit.edu.vn/sites/default/files/202007/1589_qd-dhqg30_12_2014.pdf,manifested,True,,
https://ctsv.uit.edu.vn/bai-viet/quy-che-cong-tac-thi-dua-khen-thuong-hoc-sinh-sinh-vien-cap-dhqg,https://ctsv.uit.edu.vn/sites/default/files/202208/qd1133_22815_vnu_ban_hanh_quy_dinh_khen_thuong_hssv_.pdf,manifested,True,,
https://ctsv.uit.edu.vn/bai-viet/quy-che-sinh-vien-qui-dinh-sinh-hoat-cong-dan-sinh-vien-danh-gia-ket-qua-ren-luyen-sinh,https://ctsv.uit.edu.vn/sites/default/files/uploads/10_2016_tt_bgddt.pdf,manifested,True,,
https://ctsv.uit.edu.vn/bai-viet/quy-che-sinh-vien-qui-dinh-sinh-hoat-cong-dan-sinh-vien-danh-gia-ket-qua-ren-luyen-sinh,https://ctsv.uit.edu.vn/sites/default/files/uploads/1325_qd_bgddt.pdf,manifested,True,,
https://ctsv.uit.edu.vn/bai-viet/quy-che-sinh-vien-qui-dinh-sinh-hoat-cong-dan-sinh-vien-danh-gia-ket-qua-ren-luyen-sinh,https://ctsv.uit.edu.vn/sites/default/files/202310/953_qd_dhqg_15_7_2019.pdf,manifested,True,,
https://ctsv.uit.edu.vn/bai-viet/quy-che-sinh-vien-qui-dinh-sinh-hoat-cong-dan-sinh-vien-danh-gia-ket-qua-ren-luyen-sinh,https://ctsv.uit.edu.vn/sites/default/files/uploads/files/18_dhcntt_ctsv15_8_2013_quy_che_cong_tac_hssv.pdf,manifested,True,,
https://ctsv.uit.edu.vn/bai-viet/quy-che-sinh-vien-qui-dinh-sinh-hoat-cong-dan-sinh-vien-danh-gia-ket-qua-ren-luyen-sinh,https://ctsv.uit.edu.vn/sites/default/files/uploads/files/16_2015_tt_bgddt12_8_2015_0.pdf,manifested,True,,
https://ctsv.uit.edu.vn/bai-viet/quy-dinh-lien-quan-den-cong-tac-dao-tao-tai-truong-dai-hoc-cong-nghe-thong-tin,https://daa.uit.edu.vn/sites/daa/files/202405/142-tb-dhcntt08-12-2023_2_0.pdf,manifested,True,,
https://ctsv.uit.edu.vn/bai-viet/quy-dinh-lien-quan-den-hoc-bong-sinh-vien,https://ctsv.uit.edu.vn/sites/default/files/uploads/files/202607/804_qd_dhcntt_07_7_2026_scan.pdf,manifested,True,,
https://ctsv.uit.edu.vn/bai-viet/quy-dinh-lien-quan-den-hoc-bong-sinh-vien,https://ctsv.uit.edu.vn/sites/default/files/uploads/files/202603/1387-qd-dhcntt-12-11-2025.pdf,manifested,True,,
https://ctsv.uit.edu.vn/bai-viet/quy-dinh-lien-quan-den-hoc-bong-sinh-vien,https://ctsv.uit.edu.vn/sites/default/files/uploads/files/202603/58_qd_dhcntt14_01_2026_scan.pdf,manifested,True,,
https://ctsv.uit.edu.vn/bai-viet/quy-dinh-lien-quan-den-hoc-bong-sinh-vien,https://ctsv.uit.edu.vn/sites/default/files/202204/254_qd_dhcntt_22_4_2022.pdf,manifested,True,,
https://ctsv.uit.edu.vn/bai-viet/quy-dinh-lien-quan-den-hoc-bong-sinh-vien,https://ctsv.uit.edu.vn/sites/default/files/202204/255_qd_dhcntt_22_4_2022.pdf,manifested,True,,
https://ctsv.uit.edu.vn/bai-viet/quy-dinh-lien-quan-den-hoc-bong-sinh-vien,https://ctsv.uit.edu.vn/sites/default/files/uploads/files/202510/1026_qd_dhcntt29_08_2025_scan.pdf,manifested,True,,
https://ctsv.uit.edu.vn/bai-viet/quy-dinh-ve-viec-sinh-vien-noi-ngoai-tru,https://ctsv.uit.edu.vn/sites/default/files/attachments/article/73/QUY_CHE_CTSV_NGOAI_TRU27-2009-TT-BGDDT.pdf,manifested,True,,
https://ctsv.uit.edu.vn/bai-viet/quy-dinh-ve-viec-sinh-vien-noi-ngoai-tru,https://ctsv.uit.edu.vn/sites/default/files/attachments/article/73/Mau%20don%20DK%20ngoai%20tru.doc,manifested,True,,
https://ctsv.uit.edu.vn/bai-viet/quy-dinh-ve-viec-sinh-vien-noi-ngoai-tru,https://ctsv.uit.edu.vn/sites/default/files/attachments/article/73/Mau%20Giay%20DK%20tam%20tru.doc,manifested,True,,
https://ctsv.uit.edu.vn/bai-viet/quyet-dinh-10262025-quyet-dinh-ve-viec-ban-hanh-quy-dinh-xet-cap-hoc-bong-khuyen-khich-hoc,https://ctsv.uit.edu.vn/sites/default/files/uploads/files/202509/1026_qd_dhcntt29_08_2025_scan_0.pdf,manifested,True,,
https://ctsv.uit.edu.vn/bai-viet/quyet-dinh-ban-hanh-quy-che-cong-tac-sinh-vien-dhqg,https://ctsv.uit.edu.vn/sites/default/files/202310/953_qd_dhqg_15_7_2019.pdf,manifested,True,,
https://ctsv.uit.edu.vn/bai-viet/quyet-dinh-ban-hanh-quy-che-cong-tac-sinh-vien-noi-tru,https://ctsv.uit.edu.vn/sites/default/files/uploads/files/202406/qd_131016_1174_quychectsvnoitru_0.pdf,manifested,True,,
https://ctsv.uit.edu.vn/bai-viet/quyet-dinh-quy-dinh-dong-hoc-phi-cho-sinh-vien-truong,https://ctsv.uit.edu.vn/sites/default/files/attachments/article/230/16-Q_-_HCNTT-KHTC-19-8-2013.pdf,manifested,True,,
https://ctsv.uit.edu.vn/bai-viet/quyet-dinh-quy-dinh-dong-hoc-phi-cho-sinh-vien-truong,https://ctsv.uit.edu.vn/sites/default/files/attachments/article/230/17-Q_-_HCNTT-KHTC-19-8-2013.pdf,manifested,True,,
https://ctsv.uit.edu.vn/bai-viet/quyet-dinh-quy-dinh-dong-hoc-phi-cho-sinh-vien-truong,https://ctsv.uit.edu.vn/sites/default/files/attachments/article/230/20-Q_-_HCNTT-KHTC-19-8-2013.pdf,manifested,True,,
https://ctsv.uit.edu.vn/bai-viet/quyet-dinh-so-1712024-sua-doi-quy-dinh-cong-tac-co-van-hoc-tap-truong-dai-hoc-cong-nghe,https://ctsv.uit.edu.vn/sites/default/files/uploads/files/202403/171_qd_dhcntt06_03_2024_scan.pdf,manifested,True,,
https://ctsv.uit.edu.vn/bai-viet/quyet-dinh-so-1392020-quy-dinh-danh-gia-ket-qua-ren-luyen-cua-sinh-vien-duoc-dao-tao-trinh,https://ctsv.uit.edu.vn/sites/default/files/202005/139_qd.pdf,manifested,True,,
https://ctsv.uit.edu.vn/bai-viet/quyet-dinh-so-1392020-quy-dinh-danh-gia-ket-qua-ren-luyen-cua-sinh-vien-duoc-dao-tao-trinh,https://ctsv.uit.edu.vn/sites/default/files/202005/139_qd_dhcntt01_04_2020_scan.pdf,manifested,True,,
https://ctsv.uit.edu.vn/bai-viet/quyet-dinh-so-1392020-quy-dinh-danh-gia-ket-qua-ren-luyen-cua-sinh-vien-duoc-dao-tao-trinh,https://ctsv.uit.edu.vn/sites/default/files/202106/139_quy-che-danh-gia-ren-luyen-sv.pdf,manifested,True,,
https://ctsv.uit.edu.vn/bai-viet/quyet-dinh-so-1392020-quy-dinh-danh-gia-ket-qua-ren-luyen-cua-sinh-vien-duoc-dao-tao-trinh,https://ctsv.uit.edu.vn/sites/default/files/202106/139_bang_drl_0904.pdf,manifested,True,,
https://ctsv.uit.edu.vn/bai-viet/quyet-dinh-so-1742022-quy-dinh-ve-ngoai-tru-cua-sinh-vien-truong-dhcntt-he-chinh-quy,https://ctsv.uit.edu.vn/sites/default/files/202206/174_qd_dhcntt29_3_2022_scan.pdf,manifested,True,,
https://ctsv.uit.edu.vn/bai-viet/quyet-dinh-so-1862019-dieu-chinh-phu-luc-quy-dinh-danh-gia-ket-qua-ren-luyen-cua-sinh-vien,https://ctsv.uit.edu.vn/sites/default/files/201904/186_qd_dhcntt_09_4_2019_scan.pdf,manifested,True,,
https://ctsv.uit.edu.vn/bai-viet/quyet-dinh-so-2502019-ban-hanh-quy-dinh-sinh-vien-tham-gia-tuan-sinh-hoat-cong-dan-sinh,https://ctsv.uit.edu.vn/sites/default/files/201905/250_qd_dhcntt07_05_2019_scan.pdf,manifested,True,,
https://ctsv.uit.edu.vn/bai-viet/quyet-dinh-so-2472018-quy-dinh-danh-gia-ket-qua-ren-luyen-cua-sinh-vien-duoc-dao-tao-trinh,https://ctsv.uit.edu.vn/sites/default/files/201804/247_qd_dhcntt26_4_2018_scan.pdf,manifested,True,,
https://ctsv.uit.edu.vn/bai-viet/quyet-dinh-so-275-ban-hanh-quy-dinh-sinh-vien-tham-gia-tuan-sinh-hoat-cong-dan-sinh-vien,https://ctsv.uit.edu.vn/sites/default/files/201805/275_qd_dhcntt08_5_2018_scan.pdf,manifested,True,,
https://ctsv.uit.edu.vn/bai-viet/quyet-dinh-so-2752018-quy-dinh-tuan-sinh-hoat-cong-dan-sinh-vien,https://ctsv.uit.edu.vn/sites/default/files/201809/275_qd_dhcntt08_5_2018_scan_0.pdf,manifested,True,,
https://ctsv.uit.edu.vn/bai-viet/quyet-dinh-so-2992018-quy-dinh-xet-cap-hoc-bong-khuyen-khich-hoc-tap-cho-sinh-vien,https://ctsv.uit.edu.vn/sites/default/files/201805/299_qd_dhcntt18_5_2018_scan.pdf,manifested,True,,
https://ctsv.uit.edu.vn/bai-viet/quyet-dinh-so-3032019-ban-hanh-quy-dinh-sv-duoc-nhan-hoc-bong-do-doanh-nghiep-tai-tro-cho,https://ctsv.uit.edu.vn/sites/default/files/201905/qd_vv_ban_hanh_quy_dinh_sv_nhan_hoc_bong_cua_khoa.pdf,manifested,True,,
https://ctsv.uit.edu.vn/bai-viet/quyet-dinh-so-4102026-ban-hanh-quy-dinh-xet-cap-hoc-bong-chuong-trinh-dao-tao-sinh-vien,https://ctsv.uit.edu.vn/sites/default/files/uploads/files/202604/410_qd_dhcntt15_04_2026_scan.pdf,manifested,True,,
https://ctsv.uit.edu.vn/bai-viet/quyet-dinh-so-4102026-ban-hanh-quy-dinh-xet-cap-hoc-bong-chuong-trinh-dao-tao-sinh-vien-0,https://ctsv.uit.edu.vn/sites/default/files/uploads/files/202604/410_qd_dhcntt15_04_2026_scan_0.pdf,manifested,True,,
https://ctsv.uit.edu.vn/bai-viet/quyet-dinh-so-5482021-quy-dinh-ve-hoc-bong-khuyen-khich-hoc-tap,https://ctsv.uit.edu.vn/sites/default/files/202109/548_qd-dhcntt-quyet-dinh-ban-hanh-quy-dinh-nhan-hoc-bong.pdf,manifested,True,,
https://ctsv.uit.edu.vn/bai-viet/quyet-dinh-so-5482021-quy-dinh-ve-hoc-bong-khuyen-khich-hoc-tap,https://ctsv.uit.edu.vn/sites/default/files/202109/548_qd-dhcntt-quy-dinh-hbkkht.pdf,manifested,True,,
https://ctsv.uit.edu.vn/bai-viet/quyet-dinh-so-5552023-quy-dinh-cong-tac-khen-thuong-sinh-vien-tai-truong-dhcntt,https://ctsv.uit.edu.vn/sites/default/files/202306/555_qd_dhcntt05_06_2023_scan.pdf,manifested,True,,
https://ctsv.uit.edu.vn/bai-viet/quyet-dinh-so-5822021-sua-doi-quy-dinh-co-van-hoc-tap,https://ctsv.uit.edu.vn/sites/default/files/202110/582_qd_dhcntt01_10_2021sua_doi_quy_dinh_cvht_chu_thich_thay_doi.pdf,manifested,True,,
https://ctsv.uit.edu.vn/bai-viet/quyet-dinh-so-5822021-sua-doi-quy-dinh-co-van-hoc-tap,https://ctsv.uit.edu.vn/sites/default/files/202201/582_qd_dhcntt01_10_2021_scan.pdf,manifested,True,,
https://ctsv.uit.edu.vn/bai-viet/quyet-dinh-so-7422018-quy-dinh-xet-cap-hoc-bong-khuyen-khich-hoc-tap-cho-sinh-vien-dai-hoc,https://ctsv.uit.edu.vn/sites/default/files/201811/742_qd_dhcntt14_11_2018_scan.pdf,manifested,True,,
https://ctsv.uit.edu.vn/bai-viet/quyet-dinh-so-8712019-quy-dinh-co-van-hoc-tap-truong-dai-hoc-cong-nghe-thong-tin-hien-hanh,https://ctsv.uit.edu.vn/sites/default/files/201912/871_qd_dhcntt_04_12_2019_scan.pdf,manifested,True,,
https://ctsv.uit.edu.vn/bai-viet/quyet-dinh-so-8712019-quy-dinh-co-van-hoc-tap-truong-dai-hoc-cong-nghe-thong-tin-hien-hanh,https://ctsv.uit.edu.vn/sites/default/files/201912/871_qd_dhcntt_04_12_2019.docx,manifested,True,,
https://ctsv.uit.edu.vn/bai-viet/quyet-dinh-so-892019-ban-hanh-quy-dinh-sinh-vien-duoc-nhan-hoc-bong,https://ctsv.uit.edu.vn/sites/default/files/201906/89_qd_dhcntt07_3_2019_scan.pdf,manifested,True,,
https://ctsv.uit.edu.vn/bai-viet/quyet-dinh-so-902019-ban-hanh-quy-dinh-sinh-vien-tham-gia-tuan-sinh-hoat-cong-dan-sinh-vien,https://ctsv.uit.edu.vn/sites/default/files/201903/90_qd_dhcntt08_03_2019_scan.pdf,manifested,True,,
https://ctsv.uit.edu.vn/bai-viet/quyet-dinh-so-9112022-ban-hanh-quy-dinh-xet-cap-hoc-bong-ngoai-ngan-sach-cho-sinh-vien,https://ctsv.uit.edu.vn/sites/default/files/202211/911_qd_dhcntt01_11_2022_scan.pdf,manifested,True,,
https://ctsv.uit.edu.vn/bai-viet/quy-trinh-de-cu-va-tiep-nhan-sinh-vien-tham-gia-chuong-trinh-trao-doi-sinh-vien-thong-qua,https://ctsv.uit.edu.vn/sites/default/files/201707/1259_dhqg_qhdn_13_7_2017.pdf,manifested,True,,
https://ctsv.uit.edu.vn/bai-viet/quy-trinh-gia-han-dong-hoc-phi,https://ctsv.uit.edu.vn/sites/default/files/attachments/article/100/MAU%20GIA%20HAN%20NOP%20HOC%20PHI.doc,manifested,True,,
https://ctsv.uit.edu.vn/bai-viet/quy-trinh-gia-han-dong-hoc-phi,https://ctsv.uit.edu.vn/sites/default/files/attachments/article/100/QUY%20TRINH%20GIA%20HAN%20HOP%20HOC%20PHI.doc,manifested,True,,
https://ctsv.uit.edu.vn/bai-viet/quy-trinh-mau-don-gia-han-hoc-phi,https://ctsv.uit.edu.vn/sites/default/files/attachments/article/192/MAU%20GIA%20HAN%20NOP%20HOC%20PHI.doc,manifested,True,,
https://ctsv.uit.edu.vn/bai-viet/quy-trinh-mau-don-gia-han-hoc-phi,https://ctsv.uit.edu.vn/sites/default/files/attachments/article/192/QUY%20TRINH%20GIA%20HAN%20HOP%20HOC%20PHI.doc,manifested,True,,
https://ctsv.uit.edu.vn/bai-viet/quyet-dinh-so-012013-ban-hanh-quy-trinh-danh-gia-drl-sv,https://ctsv.uit.edu.vn/sites/default/files/attachments/article/150/QD%2001.pdf,manifested,True,,
https://ctsv.uit.edu.vn/bai-viet/quyet-dinh-so-1102024-ban-hanh-quy-trinh-xet-gia-han-hoc-phi,https://ctsv.uit.edu.vn/sites/default/files/uploads/files/202402/110_qd_dhcntt01_02_2024_scan.pdf,manifested,True,,
https://ctsv.uit.edu.vn/bai-viet/quyet-dinh-so-1112024-ban-hanh-quy-trinh-mua-bao-hiem-y-te-cho-sinh-vien,https://ctsv.uit.edu.vn/sites/default/files/uploads/files/202402/111_qd_dhcntt01_02_2024_scan.pdf,manifested,True,,
https://ctsv.uit.edu.vn/bai-viet/quyet-dinh-so-5512021-ban-hanh-quy-trinh-xet-hoc-bong-uit-anticovid-19,https://ctsv.uit.edu.vn/sites/default/files/202201/551_qd_dhcntt09_09_2021_scan.pdf,manifested,True,,
https://ctsv.uit.edu.vn/bai-viet/thong-bao-1152017-trien-khai-kenh-thong-tin-zalo,https://ctsv.uit.edu.vn/sites/default/files/201710/115_tb_dhcntt10_10_2017_scan.pdf,manifested,True,,
https://ctsv.uit.edu.vn/bai-viet/thong-bao-31tb-bgh-xu-ly-cam-thi-cuoi-hoc-ky-doi-voi-cac-sinh-vien-no-hoc-phi,https://ctsv.uit.edu.vn/sites/default/files/201510/thong_bao_cam_thi_cuoi_ky.pdf,manifested,True,,
https://ctsv.uit.edu.vn/bai-viet/thong-bao-332015-trieu-tap-sinh-vien-tham-du-le-khai-khoa-dhqg-hcm-2015,https://ctsv.uit.edu.vn/sites/default/files/201510/danh_sach_sv_tham_du_le_khai_khoa_2015.pdf,manifested,True,,
https://ctsv.uit.edu.vn/bai-viet/thong-bao-332015-trieu-tap-sinh-vien-tham-du-le-khai-khoa-dhqg-hcm-2015,https://ctsv.uit.edu.vn/sites/default/files/201510/tb_trieu_tap_tham_du_le_khai_khoa_10.2015.pdf,manifested,True,,
https://ctsv.uit.edu.vn/bai-viet/thong-bao-bat-buoc-su-dung-moi-tai-truong,https://ctsv.uit.edu.vn/sites/default/files/attachments/article/269/Thong%20bao%20deo%20the%20sv%20moi.doc,manifested,True,,
https://ctsv.uit.edu.vn/bai-viet/thong-bao-cap-nhat-bhyt-nam-2017-len-he-thong-xac-nhan,https://ctsv.uit.edu.vn/sites/default/files/201712/khoa_2017_mua_bhyt_o_truong.pdf,manifested,True,,
https://ctsv.uit.edu.vn/bai-viet/thong-bao-cap-nhat-bhyt-nam-2017-len-he-thong-xac-nhan,https://ctsv.uit.edu.vn/sites/default/files/201712/dssv_truong_dhcntt_tham_gia_bhyt_tai_ktx_nh_2016_-_2017.pdf,manifested,True,,
https://ctsv.uit.edu.vn/bai-viet/thong-bao-cap-nhat-bhyt-nam-2017-len-he-thong-xac-nhan,https://ctsv.uit.edu.vn/sites/default/files/201712/dssv_tham_gia_bhyt_o_truong_nam_hoc_2016-2017.pdf,manifested,True,,
https://ctsv.uit.edu.vn/bai-viet/thong-bao-cap-nhat-dia-chi-cu-tru-danh-cho-sinh-vien-ngoai-tru-nam-2026,https://ctsv.uit.edu.vn/sites/default/files/uploads/files/202602/17_tb_ctsv04_02_2026.pdf,manifested,True,,
https://ctsv.uit.edu.vn/bai-viet/thong-bao-cap-nhat-dia-chi-cu-tru-danh-cho-sinh-vien-ngoai-tru-nam-2026-nhac-lai-lan-02,https://ctsv.uit.edu.vn/sites/default/files/uploads/files/202603/17_tb_ctsv04_02_2026.pdf,manifested,True,,
https://ctsv.uit.edu.vn/bai-viet/thong-bao-cap-nhat-tham-gia-bhyt-nam-2020,https://ctsv.uit.edu.vn/sites/default/files/202003/bhyt_truong_-_ktx_nam_2020.pdf,manifested,True,,
https://ctsv.uit.edu.vn/bai-viet/thong-bao-cap-nhat-thong-tin-ly-lich-sinh-vien,https://ctsv.uit.edu.vn/sites/default/files/201803/thong_bao_cap_nhat_llsv_0.pdf,manifested,True,,
https://ctsv.uit.edu.vn/bai-viet/thong-bao-che-do-chinh-sach-hk1-nam-hoc-2022-2023,https://ctsv.uit.edu.vn/sites/default/files/202209/tb_mghp_hk1_2022-2023.pdf,manifested,True,,
https://ctsv.uit.edu.vn/bai-viet/thong-bao-che-do-chinh-sach-hk1-nam-hoc-2022-2023,https://ctsv.uit.edu.vn/sites/default/files/202209/tb_tcxh_hk1_2022-2023.pdf,manifested,True,,
https://ctsv.uit.edu.vn/bai-viet/thong-bao-che-do-chinh-sach-hk1-nam-hoc-2022-2023,https://ctsv.uit.edu.vn/sites/default/files/202209/tb_svkt_hk1_2022-2023.pdf,manifested,True,,
https://ctsv.uit.edu.vn/bai-viet/thong-bao-che-do-chinh-sach-hk1-nam-hoc-2022-2023,https://ctsv.uit.edu.vn/sites/default/files/202209/tb_dtts_hk1_2022-2023.pdf,manifested,True,,
https://ctsv.uit.edu.vn/bai-viet/thong-bao-che-do-chinh-sach-hk1-nam-hoc-2022-2023-khoa-2022,https://ctsv.uit.edu.vn/sites/default/files/202210/124_tb_dhcntt10_10_2022_scan.pdf,manifested,True,,
https://ctsv.uit.edu.vn/bai-viet/thong-bao-che-do-chinh-sach-hk1-nam-hoc-2022-2023-khoa-2022,https://ctsv.uit.edu.vn/sites/default/files/202210/125_tb_dhcntt10_10_2022_scan.pdf,manifested,True,,
https://ctsv.uit.edu.vn/bai-viet/thong-bao-che-do-chinh-sach-hk1-nam-hoc-2022-2023-khoa-2022,https://ctsv.uit.edu.vn/sites/default/files/202210/126_tb_dhcntt10_10_2022_scan.pdf,manifested,True,,
https://ctsv.uit.edu.vn/bai-viet/thong-bao-che-do-chinh-sach-hk1-nam-hoc-2022-2023-khoa-2022,https://ctsv.uit.edu.vn/sites/default/files/202210/127_tb_dhcntt10_10_2022_scan.pdf,manifested,True,,
https://ctsv.uit.edu.vn/bai-viet/thong-bao-che-do-chinh-sach-hk2-nam-hoc-2021-2022,https://ctsv.uit.edu.vn/sites/default/files/202203/32_tb_mghp_hk2_2021-2022.pdf,manifested,True,,
https://ctsv.uit.edu.vn/bai-viet/thong-bao-che-do-chinh-sach-hk2-nam-hoc-2021-2022,https://ctsv.uit.edu.vn/sites/default/files/202203/34_tb_svkt_hk2_2021-2022.pdf,manifested,True,,
https://ctsv.uit.edu.vn/bai-viet/thong-bao-che-do-chinh-sach-hk2-nam-hoc-2021-2022,https://ctsv.uit.edu.vn/sites/default/files/202203/35_tb_dtts_hk2_2021-2022.pdf,manifested,True,,
https://ctsv.uit.edu.vn/bai-viet/thong-bao-che-do-chinh-sach-hk2-nam-hoc-2021-2022,https://ctsv.uit.edu.vn/sites/default/files/202203/33_tb_tcxh_hk2_2021-2022_0.pdf,manifested,True,,
https://ctsv.uit.edu.vn/bai-viet/thong-bao-chuc-cac-hoat-dong-duc-thao-sinh-vien-mon-bong-chuyen-nam-2022,https://ctsv.uit.edu.vn/sites/default/files/202208/22_tb_ctsv19_8_2022_scan_bong_chuyen.pdf,manifested,True,,
https://ctsv.uit.edu.vn/bai-viet/thong-bao-chuc-le-tot-nghiep-va-trao-bang-dot-1-nam-2017,https://ctsv.uit.edu.vn/sites/default/files/201705/tb_le_trao_bang_-_tot_nghiep_dot_1_nam_2017.pdf,manifested,True,,
https://ctsv.uit.edu.vn/bai-viet/thong-bao-chuong-trinh-hoc-bong-cheer-saic-2015-2016,https://ctsv.uit.edu.vn/sites/default/files/201510/cheer_for_viet_nam_scholarship_award_application_2015-2016.docx,manifested,True,,
https://ctsv.uit.edu.vn/bai-viet/thong-bao-chuong-trinh-hoc-bong-cheer-saic-2015-2016,https://ctsv.uit.edu.vn/sites/default/files/201510/1804_dhqg_qhdn_06_10_2015.pdf,manifested,True,,
https://ctsv.uit.edu.vn/bai-viet/thong-bao-chuong-trinh-hoc-bong-cheer-saic-2015-2016,https://ctsv.uit.edu.vn/sites/default/files/201511/2124_dhqg_qhdn_20_11_2015.pdf,manifested,True,,
https://ctsv.uit.edu.vn/bai-viet/thong-bao-chuong-trinh-hoc-bong-cua-chu-tich-quoc-hoi,https://ctsv.uit.edu.vn/sites/default/files/201808/cv1625_18828_dhqg-ctsv_vv_tb_hoc_bong_cua_chu_tich_quoc_hoi.pdf,manifested,True,,
https://ctsv.uit.edu.vn/bai-viet/thong-bao-chuong-trinh-hoc-bong-kumho-asiana-nam-hoc-2018-2019,https://ctsv.uit.edu.vn/sites/default/files/201808/cv1550_18816_dhqg_chuong_trinh_hb_kumho_asiana_nh_2018-2019.pdf,manifested,True,,
https://ctsv.uit.edu.vn/bai-viet/thong-bao-chuong-trinh-hoc-bong-kumho-asiana-nam-hoc-2018-2019,https://ctsv.uit.edu.vn/sites/default/files/201808/don_xin_tai_tro_hoc_bong.docx,manifested,True,,
https://ctsv.uit.edu.vn/bai-viet/thong-bao-chuong-trinh-hoc-bong-kumho-asiana-nam-hoc-2018-2019,https://ctsv.uit.edu.vn/sites/default/files/201808/mau_danh_sach_de_xuat_sinh_vien.doc,manifested,True,,
https://ctsv.uit.edu.vn/bai-viet/thong-bao-chuong-trinh-hoc-bong-kumho-asiana-nam-hoc-2018-2019,https://ctsv.uit.edu.vn/sites/default/files/201808/so_yeu_ly_lich.doc,manifested,True,,
https://ctsv.uit.edu.vn/bai-viet/thong-bao-chuong-trinh-le-trao-bang-thac-si,"https://ctsv.uit.edu.vn/sites/default/files/attachments/article/212/28_TB_DHCNTT_CTSV,%2025_6_2013.pdf",manifested,True,,
https://ctsv.uit.edu.vn/bai-viet/thong-bao-chuong-trinh-le-trao-bang-thac-si,https://ctsv.uit.edu.vn/sites/default/files/attachments/article/212/CT%20LE%20TOT%20NGHIEP%20THS.doc,manifested,True,,
https://ctsv.uit.edu.vn/bai-viet/thong-bao-chuong-trinh-le-trao-bang-thac-si,https://ctsv.uit.edu.vn/sites/default/files/attachments/article/212/Luu%20y%20hoc%20vien%20tham%20gia%20le.V%20cuoidocx.doc,manifested,True,,
https://ctsv.uit.edu.vn/bai-viet/thong-bao-chuong-trinh-le-trao-bang-thac-si,https://ctsv.uit.edu.vn/sites/default/files/attachments/article/212/DS%20Tong%20hop.xls,manifested,True,,
https://ctsv.uit.edu.vn/bai-viet/thong-bao-chuong-trinh-trai-nghiem-cuoc-song-learning-express-program-lep,https://ctsv.uit.edu.vn/sites/default/files/attachments/article/218/TB%20tuyen%20chon%20SV%20tham%20gia%20CT%20LEP.doc,manifested,True,,
https://ctsv.uit.edu.vn/bai-viet/thong-bao-chuong-trinh-trai-nghiem-cuoc-song-learning-express-program-lep,https://ctsv.uit.edu.vn/sites/default/files/attachments/article/218/Bang%20TT%20tham%20gia%20CT%20LEP.doc,manifested,True,,
https://ctsv.uit.edu.vn/bai-viet/thong-bao-dang-ky-gap-mat-sinh-vien-nam-nhat-khoa-2025,https://ctsv.uit.edu.vn/sites/default/files/uploads/files/202512/1410_kh_dhcntt05_12_2025_scan.pdf,manifested,True,,
https://ctsv.uit.edu.vn/bai-viet/thong-bao-dang-ky-gia-han-hoc-phi-hoc-ky-2-nam-hoc-2021-2022,https://ctsv.uit.edu.vn/sites/default/files/202201/thong_bao_gia_han_hoc_phi_hk2_nh_2021-2022.pdf,manifested,True,,
https://ctsv.uit.edu.vn/bai-viet/thong-bao-dang-ky-gia-han-hp-hk2-nam-hoc-2023-2024,https://ctsv.uit.edu.vn/sites/default/files/uploads/files/202401/02_tb_ctsv_09_1_2023.pdf,manifested,True,,
https://ctsv.uit.edu.vn/bai-viet/thong-bao-dang-ky-gia-han-thoi-gian-dong-hoc-phi-hoc-ky-1-nam-hoc-2022-2023,https://ctsv.uit.edu.vn/sites/default/files/202208/thong_bao_gia_han_hoc_phi_hk1_nh_2022-2023.pdf,manifested,True,,
https://ctsv.uit.edu.vn/bai-viet/thong-bao-dang-ky-gia-han-thoi-gian-dong-hoc-phi-hoc-ky-1-nam-hoc-2023-2024,https://ctsv.uit.edu.vn/sites/default/files/%5Bcurrent-date%3Acustom%3AYm%5D/22_tb_ctsv08_8_2023.pdf,manifested,True,,
https://ctsv.uit.edu.vn/bai-viet/thong-bao-dang-ky-khong-ve-que-don-tet-nguyen-dan-ky-hoi-2019,https://ctsv.uit.edu.vn/sites/default/files/201901/02-tb-ctsv.pdf,manifested,True,,
https://ctsv.uit.edu.vn/bai-viet/thong-bao-dang-ky-o-ktx-thang-78-va-nam-hoc-2025-2026,https://ctsv.uit.edu.vn/sites/default/files/uploads/files/202507/322-tb_so_1_dang_ky_o_ktx_thang_78-2025_va_nh_2025-2026.pdf,manifested,True,,
https://ctsv.uit.edu.vn/bai-viet/thong-bao-dang-ky-tham-du-le-tot-nghiep-va-trao-bang-dot-2-nam-2019,https://ctsv.uit.edu.vn/sites/default/files/201911/tb_le_trao_bang_dot_2-_2019.pdf,manifested,True,,
https://ctsv.uit.edu.vn/bai-viet/thong-bao-dang-ky-xet-cap-cac-loai-hoc-bong-hoc-ky-2-nam-hoc-2021-2022,https://ctsv.uit.edu.vn/sites/default/files/202204/49_tb_dhcntt_22_4_2022.pdf,manifested,True,,
https://ctsv.uit.edu.vn/bai-viet/thong-bao-dang-ky-xet-hoc-bong-khuyen-khich-hoc-tap-hoc-ky-2-nam-hoc-2018-2019,https://ctsv.uit.edu.vn/sites/default/files/201908/72_tb_dhcntt16_8_2019_scan.pdf,manifested,True,,
https://ctsv.uit.edu.vn/bai-viet/thong-bao-danh-gia-ket-qua-ren-luyen-sinh-vien-hoc-ky-1-nam-hoc-2021-2022,https://ctsv.uit.edu.vn/sites/default/files/202203/tb_drl_1_2021-2022__0.docx,manifested,True,,
https://ctsv.uit.edu.vn/bai-viet/thong-bao-danh-sach-sinh-vien-duoc-gia-han-hoc-phi-hoc-ky-1-nam-hoc-2021-2022,https://ctsv.uit.edu.vn/sites/default/files/202108/dssv_gia_han_hoc_phi_hk1_-_cong_bo_ket_qua.pdf,manifested,True,,
https://ctsv.uit.edu.vn/bai-viet/thong-bao-danh-sach-sinh-vien-khoa-2021-nop-ho-so-nhap-hoc,https://ctsv.uit.edu.vn/sites/default/files/202112/danh_sach_sinh_vien_nop_ho_so_nhap_hoc_khoa_2021.pdf,manifested,True,,
https://ctsv.uit.edu.vn/bai-viet/thong-bao-danh-sach-sinh-vien-nhan-hoc-bong-vu-dinh,https://ctsv.uit.edu.vn/sites/default/files/attachments/article/208/HB%20Vu%20A%20Dinh%202013.doc,manifested,True,,
https://ctsv.uit.edu.vn/bai-viet/thong-bao-danh-sach-sinh-vien-nhan-hoc-bong-vu-dinh,https://ctsv.uit.edu.vn/sites/default/files/attachments/article/208/Danh%20sach%2050%20HSSV%20len%20nhan%20hoc%20bong%20tren%20SK.xls,manifested,True,,
https://ctsv.uit.edu.vn/bai-viet/thong-bao-dieu-chinh-diem-ren-luyen,https://ctsv.uit.edu.vn/sites/default/files/attachments/article/155/10_TB_DHCNTT_CTSV%20(TB%20dieu%20chinh%20DRL%20SV).pdf,manifested,True,,
https://ctsv.uit.edu.vn/bai-viet/thong-bao-dong-hoc-phi,https://ctsv.uit.edu.vn/sites/default/files/attachments/article/66/THONG%20BAO%20THU%20HOC%20PHI%20HK1%20NH%202012-2013%20QUA%20NH%20ACB.doc,manifested,True,,
https://ctsv.uit.edu.vn/bai-viet/thong-bao-dong-hoc-phi,https://ctsv.uit.edu.vn/sites/default/files/attachments/article/66/THONG%20BAO%20THU%20HOC%20PHI%20NO%20QUA%20NH%20VIET%20A.doc,manifested,True,,
https://ctsv.uit.edu.vn/bai-viet/thong-bao-dong-tien-mua-bhyt-nam-2024,https://ctsv.uit.edu.vn/sites/default/files/uploads/files/202311/33-tb_mua_bhyt_2024.pdf,manifested,True,,
https://ctsv.uit.edu.vn/bai-viet/thong-bao-dot-sinh-hoat-cong-dan-sinh-vien-cuoi-khoa-2012-dot-cuoi-cung-trong-nam-2016,https://ctsv.uit.edu.vn/sites/default/files/201605/thong_bao_sinh_hoat_cuoi_khoa_2012.pdf_1.docx,manifested,True,,
https://ctsv.uit.edu.vn/bai-viet/thong-bao-gia-han-hoc-phi-hk1-nam-hoc-2024-2025,https://ctsv.uit.edu.vn/sites/default/files/uploads/files/202408/thong_bao_gia_han_hoc_phi_hk1_nh_2024-2025.pdf,manifested,True,,
https://ctsv.uit.edu.vn/bai-viet/thong-bao-gia-han-hoc-phi-hk1-nam-hoc-2024-2025-dot-2,https://ctsv.uit.edu.vn/sites/default/files/uploads/files/202408/thong_bao_gia_han_hoc_phi_hk1_nh_2024-2025_-_dot_2.pdf,manifested,True,,
https://ctsv.uit.edu.vn/bai-viet/thong-bao-gia-han-hoc-phi-hk1-nam-hoc-2024-2025-dot-3,https://ctsv.uit.edu.vn/sites/default/files/uploads/files/202408/thong_bao_gia_han_hoc_phi_hk1_nh_2024-2025_-_dot_3.pdf,manifested,True,,
https://ctsv.uit.edu.vn/bai-viet/thong-bao-gia-han-hoc-phi-hk2-nam-hoc-2024-2025,https://ctsv.uit.edu.vn/sites/default/files/uploads/files/202501/02_tb_ctsv02_01_2025_scan.pdf,manifested,True,,
https://ctsv.uit.edu.vn/bai-viet/thong-bao-gia-han-hoc-phi-hk2-nam-hoc-2024-2025-dot-2,https://ctsv.uit.edu.vn/sites/default/files/uploads/files/202501/05_tb_ctsv_08_01_2025.pdf,manifested,True,,
https://ctsv.uit.edu.vn/bai-viet/thong-bao-gia-han-hoc-phi-hk2-nam-hoc-2024-2025-dot-cuoi,https://ctsv.uit.edu.vn/sites/default/files/uploads/files/202501/11_tb_ctsv14_01_2025_scan_0.pdf,manifested,True,,
https://ctsv.uit.edu.vn/bai-viet/thong-bao-gia-han-them-thoi-gian-nop-hoc-phi-dot-3,https://ctsv.uit.edu.vn/sites/default/files/202211/thong_bao_gia_han_hoc_phi_hk1_nh_2022-2023_dot_3.pdf,manifested,True,,
https://ctsv.uit.edu.vn/bai-viet/thong-bao-giu-xe-cua-giang-vien-vien-chuc-nguoi-lao-dong-va-sinh-vien-sau-18-gio,https://ctsv.uit.edu.vn/sites/default/files/202205/54_tb_dhcntt_19_5_2022_1.pdf,manifested,True,,
https://ctsv.uit.edu.vn/bai-viet/thong-bao-hoat-dong-tinh-drl-hk2-cho-hoat-dong-bau-cu,https://ctsv.uit.edu.vn/sites/default/files/201604/10_tb_ctsv11_4_2016.pdf,manifested,True,,
https://ctsv.uit.edu.vn/bai-viet/thong-bao-hoc-bong-ho-tro-sinh-vien-bi-anh-huong-boi-dich-covid-19-uit-anti-covid-19-dot-10,https://ctsv.uit.edu.vn/sites/default/files/202112/dot_10_tb-hoc_bong_ho_tro_sinh_vien_bi_anh_huong_boi_dich_covid-19_uit_anti-covid-19.pdf,manifested,True,,
https://ctsv.uit.edu.vn/bai-viet/thong-bao-hoc-bong-ho-tro-sinh-vien-bi-anh-huong-boi-dich-covid-19-uit-anti-covid-19-dot-8,https://ctsv.uit.edu.vn/sites/default/files/202110/78tb_dhcntt12102021.pdf,manifested,True,,
https://ctsv.uit.edu.vn/bai-viet/thong-bao-hoc-bong-ho-tro-sinh-vien-bi-anh-huong-boi-dich-covid-19-uit-anti-covid-19-dot-9,https://ctsv.uit.edu.vn/sites/default/files/202111/dot_9_tb-hoc_bong_ho_tro_sinh_vien_bi_anh_huong_boi_dich_covid-19_uit_anti-covid-19.pdf,manifested,True,,
https://ctsv.uit.edu.vn/bai-viet/thong-bao-hoc-bong-mobifone,https://ctsv.uit.edu.vn/sites/default/files/201602/tb_hb_mobifone_2016.pdf,manifested,True,,
https://ctsv.uit.edu.vn/bai-viet/thong-bao-hoc-bong-mobifone,https://ctsv.uit.edu.vn/sites/default/files/201602/mau_thu_de_dat_nguyen_vong_hb_mobifone.doc,manifested,True,,
https://ctsv.uit.edu.vn/bai-viet/thong-bao-hoc-bong-mobifone,https://ctsv.uit.edu.vn/sites/default/files/201602/thong_tin_tom_tat_sv_chi_gui_email.xls,manifested,True,,
https://ctsv.uit.edu.vn/bai-viet/thong-bao-hoc-bong-mobifone,https://ctsv.uit.edu.vn/sites/default/files/201603/423_dhqg_ctsv_14_3_2016.pdf,manifested,True,,
https://ctsv.uit.edu.vn/bai-viet/thong-bao-hoc-bong-posco-tj-park,https://ctsv.uit.edu.vn/sites/default/files/201609/1688_dhqg_ctsv_01_9_2016_scan.pdf,manifested,True,,
https://ctsv.uit.edu.vn/bai-viet/thong-bao-hoc-bong-toan-dien-sang-tao-phung-su-nam-2025,https://ctsv.uit.edu.vn/sites/default/files/uploads/files/202503/222_tb_dhcntt24_02_2025_scan_1_1.pdf,manifested,True,,
https://ctsv.uit.edu.vn/bai-viet/thong-bao-hoc-bong-toshiba-2016,https://ctsv.uit.edu.vn/sites/default/files/201607/1296_dhqg_dhsdh_01_7_2016.pdf,manifested,True,,
https://ctsv.uit.edu.vn/bai-viet/thong-bao-hoc-bong-uit-anti-covid-19-dot-7-danh-cho-tan-sinh-vien,https://ctsv.uit.edu.vn/sites/default/files/202110/71tb_dhcntt110202.pdf,manifested,True,,
https://ctsv.uit.edu.vn/bai-viet/thong-bao-hoc-bong-uit-dong-hanh-nam-2022,https://ctsv.uit.edu.vn/sites/default/files/202204/47_tb_dhcntt19_4_2022_scan.pdf,manifested,True,,
https://ctsv.uit.edu.vn/bai-viet/thong-bao-hoc-bong-vu-dinh-nam-2013,https://ctsv.uit.edu.vn/sites/default/files/attachments/article/187/Mau%201%20bang%20tom%20tat%20thanh%20tich%20ca%20nhan.doc,manifested,True,,
https://ctsv.uit.edu.vn/bai-viet/thong-bao-hoc-bong-vu-dinh-nam-2013,https://ctsv.uit.edu.vn/sites/default/files/attachments/article/187/HB%20Vu%20D%20Dinh.doc,manifested,True,,
https://ctsv.uit.edu.vn/bai-viet/thong-bao-hop-lop-xet-diem-ren-luyen-hoc-ky-2-nam-hoc-2018-2019,https://ctsv.uit.edu.vn/sites/default/files/201909/21_ten_lop_mau_ds_danh_gia_drl1.xls,manifested,True,,
https://ctsv.uit.edu.vn/bai-viet/thong-bao-hop-lop-xet-diem-ren-luyen-hoc-ky-2-nam-hoc-2018-2019,https://ctsv.uit.edu.vn/sites/default/files/201909/21_bb_hop_xet_drl1.doc,manifested,True,,
https://ctsv.uit.edu.vn/bai-viet/thong-bao-hop-xet-danh-gia-diem-ren-luyen-sinh-vien-hoc-ky-1-nam-hoc-2020-2021,https://ctsv.uit.edu.vn/sites/default/files/202103/06_tb_ctsv12_3_2021_scan_hop_xet_drl.pdf,manifested,True,,
https://ctsv.uit.edu.vn/bai-viet/thong-bao-hop-xet-danh-gia-diem-ren-luyen-sinh-vien-hoc-ky-1-nam-hoc-2020-2021,https://ctsv.uit.edu.vn/sites/default/files/202103/06_lop_mau_bien_ban.docx,manifested,True,,
https://ctsv.uit.edu.vn/bai-viet/thong-bao-hop-xet-danh-gia-diem-ren-luyen-sinh-vien-hoc-ky-1-nam-hoc-2020-2021,https://ctsv.uit.edu.vn/sites/default/files/202103/06_lop_mau_ds_danh_gia_drl.xls,manifested,True,,
https://ctsv.uit.edu.vn/bai-viet/thong-bao-hop-xet-danh-gia-diem-ren-luyen-sinh-vien-hoc-ky-2-nam-hoc-2019-2020,https://ctsv.uit.edu.vn/sites/default/files/202009/tb_drl.pdf,manifested,True,,
https://ctsv.uit.edu.vn/bai-viet/thong-bao-hop-xet-danh-gia-diem-ren-luyen-sinh-vien-hoc-ky-2-nam-hoc-2019-2020,https://ctsv.uit.edu.vn/sites/default/files/202009/lop_mau_bien_ban.docx,manifested,True,,
https://ctsv.uit.edu.vn/bai-viet/thong-bao-hop-xet-drl-hoc-ky-2-nam-hoc-2012-2013,"https://ctsv.uit.edu.vn/sites/default/files/attachments/article/239/10_TB_CTSV,%2024_9_2013.pdf",manifested,True,,
https://ctsv.uit.edu.vn/bai-viet/thong-bao-hop-xet-drl-hoc-ky-2-nam-hoc-2012-2013,https://ctsv.uit.edu.vn/sites/default/files/attachments/article/239/Mau%20bien%20ban.doc,manifested,True,,
https://ctsv.uit.edu.vn/bai-viet/thong-bao-hop-xet-drl-hoc-ky-2-nam-hoc-2012-2013,https://ctsv.uit.edu.vn/sites/default/files/attachments/article/239/Mau%20tong%20hop%20danh%20sach.xls,manifested,True,,
https://ctsv.uit.edu.vn/bai-viet/thong-bao-ket-qua-bao-hiem-y-te-nam-2022,https://ctsv.uit.edu.vn/sites/default/files/uploads/files/202603/ket_qua.pdf,manifested,True,,
https://ctsv.uit.edu.vn/bai-viet/thong-bao-khan-ve-viec-cung-cap-thong-tin-sinh-vien-ngoai-tru,https://ctsv.uit.edu.vn/sites/default/files/202107/tbkhan_cung_cap_thong_tin_sv.pdf,manifested,True,,
https://ctsv.uit.edu.vn/bai-viet/thong-bao-khao-sat-y-kien-sinh-vien-ve-hoat-dong-giang-day-cua-giang-vien-hoc-ky-ii-nam-0,https://ctsv.uit.edu.vn/sites/default/files/uploads/files/202405/01_tb_ttpcdbcl24_5_2024_0.pdf,manifested,True,,
https://ctsv.uit.edu.vn/bai-viet/thong-bao-khoa-hoc-blockchain-mathematics-and-computing,https://ctsv.uit.edu.vn/sites/default/files/202206/thong_bao_so_1_blockchain.pdf,manifested,True,,
https://ctsv.uit.edu.vn/bai-viet/thong-bao-kiem-tra-ho-so-nop-che-do-chinh-sach-va-bo-sung-ho-so-thieu-hk2-nam-hoc-2017-2018,https://ctsv.uit.edu.vn/sites/default/files/201803/dssv_nop_ho_so_miem_giam_hoc_phi.pdf,manifested,True,,
https://ctsv.uit.edu.vn/bai-viet/thong-bao-kiem-tra-ho-so-nop-che-do-chinh-sach-va-bo-sung-ho-so-thieu-hk2-nam-hoc-2017-2018,https://ctsv.uit.edu.vn/sites/default/files/201803/dssv_nop_ho_so_tro_cap_xa_hoi.pdf,manifested,True,,
https://ctsv.uit.edu.vn/bai-viet/thong-bao-kiem-tra-ho-so-nop-che-do-chinh-sach-va-bo-sung-ho-so-thieu-hk2-nam-hoc-2017-2018,https://ctsv.uit.edu.vn/sites/default/files/201803/dssv_nop_ho_so_ho_tro_chi_phi_danh_cho_sv_khuyet_tat.pdf,manifested,True,,
https://ctsv.uit.edu.vn/bai-viet/thong-bao-kiem-tra-ho-so-nop-che-do-chinh-sach-va-bo-sung-ho-so-thieu-hk2-nam-hoc-2017-2018,https://ctsv.uit.edu.vn/sites/default/files/201803/dssv_nop_ho_so_ho_tro_chi_phi_hoc_tap_cho_sinh_vien_dan_toc.pdf,manifested,True,,
https://ctsv.uit.edu.vn/bai-viet/thong-bao-kiem-tra-ho-so-nop-che-do-chinh-sach-va-bo-sung-ho-so-thieu-hk2-nam-hoc-2017-2018,https://ctsv.uit.edu.vn/sites/default/files/201803/dssv_de_nghi_xet_tiep_mghp_hk2.pdf,manifested,True,,
https://ctsv.uit.edu.vn/bai-viet/thong-bao-kiem-tra-thong-tin-mua-bhyt-nam-2018,https://ctsv.uit.edu.vn/sites/default/files/201712/dssv_dong_tien_bhyt_dot_1_nam_2018_het_17.12.2017.xlsx,manifested,True,,
https://ctsv.uit.edu.vn/bai-viet/thong-bao-kiem-tra-thong-tin-mua-bhyt-nam-2018,https://ctsv.uit.edu.vn/sites/default/files/201712/truong_dh_cntt_12-_bhyt_2018.pdf,manifested,True,,
https://ctsv.uit.edu.vn/bai-viet/thong-bao-lam-don-gia-han-hoc-phi-hoc-ky-1-nam-hoc-2020-2021,https://ctsv.uit.edu.vn/sites/default/files/202007/gia_han_hoc_phi_hk1_2020-2021_0.pdf,manifested,True,,
https://ctsv.uit.edu.vn/bai-viet/thong-bao-lam-don-gia-han-hoc-phi-hoc-ky-1-nam-hoc-2021-2022,https://ctsv.uit.edu.vn/sites/default/files/202108/thong_bao_gia_han_hoc_phi_hk1_nh_2021-2022.pdf,manifested,True,,
https://ctsv.uit.edu.vn/bai-viet/thong-bao-lam-don-gia-han-hoc-phi-hoc-ky-2-nam-hoc-2020-2021,https://ctsv.uit.edu.vn/sites/default/files/202012/gia_han_hoc_phi_hk2_2020-2021.pdf,manifested,True,,
https://ctsv.uit.edu.vn/bai-viet/thong-bao-lay-thong-tin-noi-cu-tru-sinh-vien-khoa-456,https://ctsv.uit.edu.vn/sites/default/files/attachments/article/216/THONG%20BAO%20NOI%20CUTRU%20SV%20K456.doc,manifested,True,,
https://ctsv.uit.edu.vn/bai-viet/thong-bao-lay-thong-tin-noi-cu-tru-sinh-vien-khoa-456,https://ctsv.uit.edu.vn/sites/default/files/attachments/article/216/Mau%201%20KV%20-%20Don%20xac%20nhan%20hanh%20kiem%20SV%20tai%20noi%20cu%20tru.doc,manifested,True,,
https://ctsv.uit.edu.vn/bai-viet/thong-bao-lay-thong-tin-noi-cu-tru-sinh-vien-khoa-456,https://ctsv.uit.edu.vn/sites/default/files/attachments/article/216/Mau%202%20KTX%20-%20Don%20xac%20nhan%20hanh%20kiem%20SV%20tai%20noi%20cu%20tru.doc,manifested,True,,
https://ctsv.uit.edu.vn/bai-viet/thong-bao-le-tot-nghiep-dot-2-nam-2013,https://ctsv.uit.edu.vn/sites/default/files/attachments/article/259/Thong%20bao%20Le%20trao%20bang.doc,manifested,True,,
https://ctsv.uit.edu.vn/bai-viet/thong-bao-le-tot-nghiep-dot-2-nam-2016,https://ctsv.uit.edu.vn/sites/default/files/201611/29_t_ctsv22_11_2016_scan.pdf,manifested,True,,
https://ctsv.uit.edu.vn/bai-viet/thong-bao-lich-hoc-sinh-hoat-cong-dan-sinh-vien-cuoi-khoa-dot-1,https://ctsv.uit.edu.vn/sites/default/files/201603/thong_bao_lich_hoc_shcd-sv_cuoi_khoa_2012.docx,manifested,True,,
https://ctsv.uit.edu.vn/bai-viet/thong-bao-lich-hoc-tuan-sinh-hoat-cong-dan-sinh-vien-cuoi-khoa-nam-2017,https://ctsv.uit.edu.vn/sites/default/files/201703/thong_bao_lich_hoc_shcd-sv_cuoi_khoa_2013_0.pdf,manifested,True,,
https://ctsv.uit.edu.vn/bai-viet/thong-bao-lich-hoc-tuan-sinh-hoat-cong-dan-sinh-vien-dau-khoa-dot-2,https://ctsv.uit.edu.vn/sites/default/files/201609/thong_bao_shcd_dau_khoa_dot_2.pdf,manifested,True,,
https://ctsv.uit.edu.vn/bai-viet/thong-bao-mghp,https://ctsv.uit.edu.vn/sites/default/files/uploads/files/202410/1068_dhcntt_ctsv26_09_2024_scan.pdf,manifested,True,,
https://ctsv.uit.edu.vn/bai-viet/thong-bao-mghp,https://ctsv.uit.edu.vn/sites/default/files/uploads/files/202410/1069_dhcntt_ctsv26_09_2024_scan.pdf,manifested,True,,
https://ctsv.uit.edu.vn/bai-viet/thong-bao-mghp,https://ctsv.uit.edu.vn/sites/default/files/uploads/files/202410/1070_dhcntt_ctsv26_09_2024_scan.pdf,manifested,True,,
https://ctsv.uit.edu.vn/bai-viet/thong-bao-mghp,https://ctsv.uit.edu.vn/sites/default/files/uploads/files/202410/1071_dhcntt_ctsv26_09_2024_scan.pdf,manifested,True,,
https://ctsv.uit.edu.vn/bai-viet/thong-bao-mot-so-luu-y-doi-voi-sinh-vien-tham-du-le-tot-nghiep-dot-1-nam-2013,https://ctsv.uit.edu.vn/sites/default/files/attachments/article/207/DS%20Tong%20hop.xls,manifested,True,,
https://ctsv.uit.edu.vn/bai-viet/thong-bao-mot-so-luu-y-doi-voi-sinh-vien-tham-du-le-tot-nghiep-dot-1-nam-2013,https://ctsv.uit.edu.vn/sites/default/files/attachments/article/207/Luu%20y%20sinh%20vien%20tham%20gia%20le.doc,manifested,True,,
https://ctsv.uit.edu.vn/bai-viet/thong-bao-mua-bao-hiem-y-te-nam-2020,https://ctsv.uit.edu.vn/sites/default/files/201912/ds_benh_vien_-_dang_ky_bhyt_2020.xlsx,manifested,True,,
https://ctsv.uit.edu.vn/bai-viet/thong-bao-mua-bao-hiem-y-te-nam-2020,https://ctsv.uit.edu.vn/sites/default/files/201912/tb_mua_bhyt_2020_0.pdf,manifested,True,,
https://ctsv.uit.edu.vn/bai-viet/thong-bao-mua-bao-hiem-y-te-nam-2026,https://ctsv.uit.edu.vn/sites/default/files/uploads/files/202512/danh_sach_co_so_kcb_ban_dau.xlsx,manifested,True,,
https://ctsv.uit.edu.vn/bai-viet/thong-bao-mua-bao-hiem-y-te-nam-2026-bo-sung,https://ctsv.uit.edu.vn/sites/default/files/uploads/files/202601/danh_sach_co_so_kcb_ban_dau.xlsx,manifested,True,,
https://ctsv.uit.edu.vn/bai-viet/thong-bao-mua-bhyt-2023-dot-bo-sung,https://ctsv.uit.edu.vn/sites/default/files/202212/tb_mua_bhyt_2023-_bo_sung.pdf,manifested,True,,
https://ctsv.uit.edu.vn/bai-viet/thong-bao-mua-bhyt-2025-dot-bo-sung-lan-2,https://ctsv.uit.edu.vn/sites/default/files/uploads/files/202501/01_tb_ctsv02_01_2025_scan.pdf,manifested,True,,
https://ctsv.uit.edu.vn/bai-viet/thong-bao-mua-bhyt-3-thang-cuoi-nam-2021-danh-cho-khoa-cu,https://ctsv.uit.edu.vn/sites/default/files/202109/ds_benh_vien_nhan_dang_ky_kcb_quy_4-2021_0.xlsx,manifested,True,,
https://ctsv.uit.edu.vn/bai-viet/thong-bao-mua-bhyt-3-thang-cuoi-nam-2021-danh-cho-khoa-cu,https://ctsv.uit.edu.vn/sites/default/files/202109/tb_mua_bhyt_3_thang_2021.pdf,manifested,True,,
https://ctsv.uit.edu.vn/bai-viet/thong-bao-mua-bhyt-3-thang-cuoi-nam-2022-danh-cho-khoa-cu,https://ctsv.uit.edu.vn/sites/default/files/202209/danh_sach_co_so_kcb_quy_4-2022.xlsx,manifested,True,,
https://ctsv.uit.edu.vn/bai-viet/thong-bao-mua-bhyt-3-thang-cuoi-nam-2022-danh-cho-khoa-cu,https://ctsv.uit.edu.vn/sites/default/files/202209/tb_mua_bhyt_3_thang_2022.pdf,manifested,True,,
https://ctsv.uit.edu.vn/bai-viet/thong-bao-mua-bhyt-3-thang-cuoi-nam-2024-danh-cho-khoa-2023-tro-ve-truoc,https://ctsv.uit.edu.vn/sites/default/files/uploads/files/202409/tb_mua_bhyt_2024_-_bo_sung.pdf,manifested,True,,
https://ctsv.uit.edu.vn/bai-viet/thong-bao-mua-bhyt-danh-cho-tan-sinh-vien-khoa-2017,https://ctsv.uit.edu.vn/sites/default/files/201709/tb_mua_bhyt_2017_-_khoa_2017.pdf,manifested,True,,
https://ctsv.uit.edu.vn/bai-viet/thong-bao-mua-bhyt-danh-cho-tan-sinh-vien-khoa-2018-va-cac-khoa-khac,https://ctsv.uit.edu.vn/sites/default/files/201809/tb_mua_bhyt_2018.pdf,manifested,True,,
https://ctsv.uit.edu.vn/bai-viet/thong-bao-mua-bhyt-danh-cho-tan-sinh-vien-khoa-2018-va-cac-khoa-khac,https://ctsv.uit.edu.vn/sites/default/files/201809/ds_benh_vien_-_dang_ky_bhyt_2018_-_3thang_0.xlsx,manifested,True,,
https://ctsv.uit.edu.vn/bai-viet/thong-bao-mua-bhyt-danh-cho-tan-sinh-vien-khoa-2018-va-cac-khoa-khac,https://ctsv.uit.edu.vn/sites/default/files/201809/mau_don_xin_rut_tien.docx,manifested,True,,
https://ctsv.uit.edu.vn/bai-viet/thong-bao-mua-bhyt-danh-cho-tan-sinh-vien-khoa-2019-va-cac-khoa-khac,https://ctsv.uit.edu.vn/sites/default/files/201908/danh_sach_benh_vien.xlsx,manifested,True,,
https://ctsv.uit.edu.vn/bai-viet/thong-bao-mua-bhyt-danh-cho-tan-sinh-vien-khoa-2019-va-cac-khoa-khac,https://ctsv.uit.edu.vn/sites/default/files/201909/mau_don_xin_rut_tien_1_3.docx,manifested,True,,
https://ctsv.uit.edu.vn/bai-viet/thong-bao-mua-bhyt-danh-cho-tan-sinh-vien-khoa-2019-va-cac-khoa-khac,https://ctsv.uit.edu.vn/sites/default/files/201909/tb_mua_bhyt_3_thang_2019.doc,manifested,True,,
https://ctsv.uit.edu.vn/bai-viet/thong-bao-mua-bhyt-danh-cho-tan-sinh-vien-khoa-2020-va-cac-khoa-khac,https://ctsv.uit.edu.vn/sites/default/files/202009/mau_don_xin_rut_tien_1_3.docx,manifested,True,,
https://ctsv.uit.edu.vn/bai-viet/thong-bao-mua-bhyt-danh-cho-tan-sinh-vien-khoa-2020-va-cac-khoa-khac,https://ctsv.uit.edu.vn/sites/default/files/202009/tb_mua_bhyt_3_thang_2020.pdf,manifested,True,,
https://ctsv.uit.edu.vn/bai-viet/thong-bao-mua-bhyt-dot-2-bo-sung,https://ctsv.uit.edu.vn/sites/default/files/201512/ds_benh_vien_nhan_dk_kham_chua_benh_ban_dau.xlsx,manifested,True,,
https://ctsv.uit.edu.vn/bai-viet/thong-bao-mua-bhyt-dot-2-bo-sung,https://ctsv.uit.edu.vn/sites/default/files/201512/tb_mua_bhyt_2015-_dot_2.pdf,manifested,True,,
https://ctsv.uit.edu.vn/bai-viet/thong-bao-mua-bhyt-dot-bo-sung,https://ctsv.uit.edu.vn/sites/default/files/202202/ds_benh_vien_nhan_dang_ky_kcb_quy_1-2022.xlsx,manifested,True,,
https://ctsv.uit.edu.vn/bai-viet/thong-bao-mua-bhyt-nam-2020-dot-bo-sung,https://ctsv.uit.edu.vn/sites/default/files/201912/dssv_tham_gia_bhyt_nam_2020_-_dot_1.xlsx,manifested,True,,
https://ctsv.uit.edu.vn/bai-viet/thong-bao-mua-bhyt-nam-2021,https://ctsv.uit.edu.vn/sites/default/files/202012/tb_mua_bhyt_2021.pdf,manifested,True,,
https://ctsv.uit.edu.vn/bai-viet/thong-bao-mua-bhyt-nam-2021-dot-bo-sung,https://ctsv.uit.edu.vn/sites/default/files/202012/dssv_dong_tien_mua_bhyt_dot_1_nam_2021.xlsx,manifested,True,,
https://ctsv.uit.edu.vn/bai-viet/thong-bao-mua-bhyt-nam-2022,https://ctsv.uit.edu.vn/sites/default/files/202112/ds_benh_vien_nhan_dang_ky_kcb_quy_1-2022.xlsx,manifested,True,,
https://ctsv.uit.edu.vn/bai-viet/thong-bao-mua-bhyt-nam-2022,https://ctsv.uit.edu.vn/sites/default/files/202112/tb_mua_bhyt_2022_0_0.doc,manifested,True,,
https://ctsv.uit.edu.vn/bai-viet/thong-bao-mua-bhyt-nam-2022-dot-bo-sung,https://ctsv.uit.edu.vn/sites/default/files/202201/dssv_tham_gia_bhyt_nam_2022-dot_dau.xlsx,manifested,True,,
https://ctsv.uit.edu.vn/bai-viet/thong-bao-mua-bhyt-nam-2022-dot-bo-sung,https://ctsv.uit.edu.vn/sites/default/files/202201/ds_benh_vien_nhan_dang_ky_kcb_quy_1-2022.xlsx,manifested,True,,
https://ctsv.uit.edu.vn/bai-viet/thong-bao-mua-bhyt-nam-2023,https://ctsv.uit.edu.vn/sites/default/files/202211/tb_mua_bhyt_2023.pdf,manifested,True,,
https://ctsv.uit.edu.vn/bai-viet/thong-bao-mua-bhyt-nam-2023,https://ctsv.uit.edu.vn/sites/default/files/202211/danh_sach_co_so_kcb_ban_dau.xlsx,manifested,True,,
https://ctsv.uit.edu.vn/bai-viet/thong-bao-mua-bhyt-nam-2024-bo-sung-dot-2,https://ctsv.uit.edu.vn/sites/default/files/uploads/files/202401/03_tb_ctsv_09_1_2023.pdf,manifested,True,,
https://ctsv.uit.edu.vn/bai-viet/thong-bao-muc-dong-bhyt-tu-ngay-0172024,https://ctsv.uit.edu.vn/sites/default/files/uploads/files/202407/4767_tst_tb_dv_muc_dong_luong_co_so_01-7-2024.pdf,manifested,True,,
https://ctsv.uit.edu.vn/bai-viet/thong-bao-nghi-le-quoc-khanh-29-nam-2018,https://ctsv.uit.edu.vn/sites/default/files/201808/105_tb_dhcntt_23_8_2018_scan.pdf,manifested,True,,
https://ctsv.uit.edu.vn/bai-viet/thong-bao-ngoai-tru-sinh-vien-nam-nhat-o-ktx,"https://ctsv.uit.edu.vn/sites/default/files/attachments/article/254/13_TB_CTSV,%2012_11_2013.pdf",manifested,True,,
https://ctsv.uit.edu.vn/bai-viet/thong-bao-ngoai-tru-sinh-vien-nam-nhat-o-ktx,https://ctsv.uit.edu.vn/sites/default/files/attachments/article/254/DonXinNgoaiTru.doc,manifested,True,,
https://ctsv.uit.edu.vn/bai-viet/thong-bao-nhac-nho-sinh-vien-ve-viec-tu-bao-quan-tai-san-ca-nhan,https://ctsv.uit.edu.vn/sites/default/files/201908/20_tb_ctsv.pdf,manifested,True,,
https://ctsv.uit.edu.vn/bai-viet/thong-bao-nhac-nho-sinh-vien-ve-viec-tu-bao-quan-tai-san-ca-nhan-0,https://ctsv.uit.edu.vn/sites/default/files/202210/tb_ctsv.pdf,manifested,True,,
https://ctsv.uit.edu.vn/bai-viet/thong-bao-nhan-hbkk-hoc-tap-qua-he-thong-ngan-hang,"https://ctsv.uit.edu.vn/sites/default/files/attachments/article/217/32_DHCNTT_CTSV,%2012_7_2013.pdf",manifested,True,,
https://ctsv.uit.edu.vn/bai-viet/thong-bao-nhan-sinh-vien,https://ctsv.uit.edu.vn/sites/default/files/attachments/article/267/DS%20CAP%20THE%20SV%20MOI%20-%20BO%20SUNG.xls,manifested,True,,
https://ctsv.uit.edu.vn/bai-viet/thong-bao-nop-ho-so-che-do-chinh-sach-hk1-nam-hoc-2021-2022,https://ctsv.uit.edu.vn/sites/default/files/202110/thong_bao_mghp_hk1_2021-2022.pdf,manifested,True,,
https://ctsv.uit.edu.vn/bai-viet/thong-bao-nop-ho-so-che-do-chinh-sach-hk1-nam-hoc-2021-2022,https://ctsv.uit.edu.vn/sites/default/files/202110/thong_bao_tcxh_hk1_2021-2022.pdf,manifested,True,,
https://ctsv.uit.edu.vn/bai-viet/thong-bao-nop-ho-so-che-do-chinh-sach-hk1-nam-hoc-2021-2022,https://ctsv.uit.edu.vn/sites/default/files/202110/thong_bao_svkt_hk1_2021-2022.pdf,manifested,True,,
https://ctsv.uit.edu.vn/bai-viet/thong-bao-nop-ho-so-che-do-chinh-sach-hk1-nam-hoc-2021-2022,https://ctsv.uit.edu.vn/sites/default/files/202110/thong_bao_dtts_hk1_2021-2022.pdf,manifested,True,,
https://ctsv.uit.edu.vn/bai-viet/thong-bao-nop-ho-so-che-do-chinh-sach-hk1-nam-hoc-2023-2024-0,https://ctsv.uit.edu.vn/sites/default/files/uploads/files/202311/tb_mghp.pdf,manifested,True,,
https://ctsv.uit.edu.vn/bai-viet/thong-bao-nop-ho-so-che-do-chinh-sach-hk1-nam-hoc-2023-2024-0,https://ctsv.uit.edu.vn/sites/default/files/uploads/files/202311/tb_tcxh.pdf,manifested,True,,
https://ctsv.uit.edu.vn/bai-viet/thong-bao-nop-ho-so-che-do-chinh-sach-hk1-nam-hoc-2023-2024-0,https://ctsv.uit.edu.vn/sites/default/files/uploads/files/202311/tb_ho_tro_svkt.pdf,manifested,True,,
https://ctsv.uit.edu.vn/bai-viet/thong-bao-nop-ho-so-che-do-chinh-sach-hk1-nam-hoc-2023-2024-0,https://ctsv.uit.edu.vn/sites/default/files/uploads/files/202311/tb_sv_dtts.pdf,manifested,True,,
https://ctsv.uit.edu.vn/bai-viet/thong-bao-nop-ho-so-che-do-chinh-sach-hk1-nam-hoc-2023-2024,https://ctsv.uit.edu.vn/sites/default/files/uploads/files/202311/tb_mghp.pdf,manifested,True,,
https://ctsv.uit.edu.vn/bai-viet/thong-bao-nop-ho-so-che-do-chinh-sach-hk1-nam-hoc-2023-2024,https://ctsv.uit.edu.vn/sites/default/files/uploads/files/202311/tb_tcxh.pdf,manifested,True,,
https://ctsv.uit.edu.vn/bai-viet/thong-bao-nop-ho-so-che-do-chinh-sach-hk1-nam-hoc-2023-2024,https://ctsv.uit.edu.vn/sites/default/files/uploads/files/202311/tb_ho_tro_svkt.pdf,manifested,True,,
https://ctsv.uit.edu.vn/bai-viet/thong-bao-nop-ho-so-che-do-chinh-sach-hk1-nam-hoc-2023-2024,https://ctsv.uit.edu.vn/sites/default/files/uploads/files/202311/tb_sv_dtts.pdf,manifested,True,,
https://ctsv.uit.edu.vn/bai-viet/thong-bao-nop-ho-so-che-do-chinh-sach-hk1-nam-hoc-2023-2024,https://ctsv.uit.edu.vn/sites/default/files/uploads/files/202311/thong_bao_tcxh_hk1_2023-2024.pdf,manifested,True,,
https://ctsv.uit.edu.vn/bai-viet/thong-bao-nop-ho-so-che-do-chinh-sach-hk1-nam-hoc-2023-2024,https://ctsv.uit.edu.vn/sites/default/files/uploads/files/202311/thong_bao_svkt_hk1_2023-2024.pdf,manifested,True,,
https://ctsv.uit.edu.vn/bai-viet/thong-bao-nop-ho-so-che-do-chinh-sach-hk1-nam-hoc-2023-2024,https://ctsv.uit.edu.vn/sites/default/files/uploads/files/202311/thong_bao_dtts_hk1_2023-2024.pdf,manifested,True,,
https://ctsv.uit.edu.vn/bai-viet/thong-bao-nop-ho-so-che-do-chinh-sach-hk1-nam-hoc-2023-2024,https://ctsv.uit.edu.vn/sites/default/files/uploads/files/202311/thong_bao_mghp_hk1_2023-2024_0.pdf,manifested,True,,
https://ctsv.uit.edu.vn/bai-viet/thong-bao-nop-ho-so-che-do-chinh-sach-hk1-nam-hoc-2024-2025,https://ctsv.uit.edu.vn/sites/default/files/uploads/files/202410/1068_dhcntt_ctsv26_09_2024_scan.pdf,manifested,True,,
https://ctsv.uit.edu.vn/bai-viet/thong-bao-nop-ho-so-che-do-chinh-sach-hk1-nam-hoc-2024-2025,https://ctsv.uit.edu.vn/sites/default/files/uploads/files/202410/1069_dhcntt_ctsv26_09_2024_scan.pdf,manifested,True,,
https://ctsv.uit.edu.vn/bai-viet/thong-bao-nop-ho-so-che-do-chinh-sach-hk1-nam-hoc-2024-2025,https://ctsv.uit.edu.vn/sites/default/files/uploads/files/202410/1070_dhcntt_ctsv26_09_2024_scan.pdf,manifested,True,,
https://ctsv.uit.edu.vn/bai-viet/thong-bao-nop-ho-so-che-do-chinh-sach-hk1-nam-hoc-2024-2025,https://ctsv.uit.edu.vn/sites/default/files/uploads/files/202410/1071_dhcntt_ctsv26_09_2024_scan.pdf,manifested,True,,
https://ctsv.uit.edu.vn/bai-viet/thong-bao-nop-ho-so-che-do-chinh-sach-hk1-nam-hoc-2024-2025,https://ctsv.uit.edu.vn/sites/default/files/uploads/files/202410/77_tb_ctsv03_10_2024.pdf,manifested,True,,
https://ctsv.uit.edu.vn/bai-viet/thong-bao-nop-ho-so-che-do-chinh-sach-hk1-nam-hoc-2024-2025,https://ctsv.uit.edu.vn/sites/default/files/uploads/files/202410/78_tb_ctsv03_10_2024.pdf,manifested,True,,
https://ctsv.uit.edu.vn/bai-viet/thong-bao-nop-ho-so-che-do-chinh-sach-hk1-nam-hoc-2024-2025,https://ctsv.uit.edu.vn/sites/default/files/uploads/files/202410/79_tb_ctsv03_10_2024.pdf,manifested,True,,
https://ctsv.uit.edu.vn/bai-viet/thong-bao-nop-ho-so-che-do-chinh-sach-hk1-nam-hoc-2024-2025,https://ctsv.uit.edu.vn/sites/default/files/uploads/files/202410/80_tb_ctsv03_10_2024.pdf,manifested,True,,
https://ctsv.uit.edu.vn/bai-viet/thong-bao-nop-ho-so-che-do-chinh-sach-hk1-nam-hoc-2025-2026,https://ctsv.uit.edu.vn/sites/default/files/uploads/files/202510/1141_tb_dhcntt01_10_2025_scan.pdf,manifested,True,,
https://ctsv.uit.edu.vn/bai-viet/thong-bao-nop-ho-so-che-do-chinh-sach-hk1-nam-hoc-2025-2026,https://ctsv.uit.edu.vn/sites/default/files/uploads/files/202510/1142_tb_dhcntt01_10_2025_scan.pdf,manifested,True,,
https://ctsv.uit.edu.vn/bai-viet/thong-bao-nop-ho-so-che-do-chinh-sach-hk1-nam-hoc-2025-2026,https://ctsv.uit.edu.vn/sites/default/files/uploads/files/202501/29_tb_dhcntt10_01_2025_scan.pdf,manifested,True,,
https://ctsv.uit.edu.vn/bai-viet/thong-bao-nop-ho-so-che-do-chinh-sach-hk1-nam-hoc-2025-2026,https://ctsv.uit.edu.vn/sites/default/files/uploads/files/202510/1144_tb_dhcntt01_10_2025_scan.pdf,manifested,True,,
https://ctsv.uit.edu.vn/bai-viet/thong-bao-nop-ho-so-che-do-chinh-sach-hk1-nam-hoc-2025-2026,https://ctsv.uit.edu.vn/sites/default/files/uploads/files/202510/84_tb_ctsv_01_10_2025.pdf,manifested,True,,
https://ctsv.uit.edu.vn/bai-viet/thong-bao-nop-ho-so-che-do-chinh-sach-hk1-nam-hoc-2025-2026,https://ctsv.uit.edu.vn/sites/default/files/uploads/files/202510/85_tb_ctsv_01_10_2025.pdf,manifested,True,,
https://ctsv.uit.edu.vn/bai-viet/thong-bao-nop-ho-so-che-do-chinh-sach-hk1-nam-hoc-2025-2026,https://ctsv.uit.edu.vn/sites/default/files/uploads/files/202510/86_tb_ctsv_01_10_2025.pdf,manifested,True,,
https://ctsv.uit.edu.vn/bai-viet/thong-bao-nop-ho-so-che-do-chinh-sach-hk1-nam-hoc-2025-2026,https://ctsv.uit.edu.vn/sites/default/files/uploads/files/202510/87_tb_ctsv_01_10_2025.pdf,manifested,True,,
https://ctsv.uit.edu.vn/bai-viet/thong-bao-nop-ho-so-che-do-chinh-sach-hk2-nam-hoc-2022-2023,https://ctsv.uit.edu.vn/sites/default/files/202304/45_tb_dhcntt10_04_2023_scan.pdf,manifested,True,,
https://ctsv.uit.edu.vn/bai-viet/thong-bao-nop-ho-so-che-do-chinh-sach-hk2-nam-hoc-2022-2023,https://ctsv.uit.edu.vn/sites/default/files/202304/46_tb_dhcntt10_04_2023_scan.pdf,manifested,True,,
https://ctsv.uit.edu.vn/bai-viet/thong-bao-nop-ho-so-che-do-chinh-sach-hk2-nam-hoc-2022-2023,https://ctsv.uit.edu.vn/sites/default/files/202304/47_tb_dhcntt10_04_2023_scan.pdf,manifested,True,,
https://ctsv.uit.edu.vn/bai-viet/thong-bao-nop-ho-so-che-do-chinh-sach-hk2-nam-hoc-2022-2023,https://ctsv.uit.edu.vn/sites/default/files/202304/48_tb_dhcntt10_04_2023_scan.pdf,manifested,True,,
https://ctsv.uit.edu.vn/bai-viet/thong-bao-nop-ho-so-che-do-chinh-sach-hk2-nam-hoc-2022-2023,https://ctsv.uit.edu.vn/sites/default/files/202304/thong_bao_mghp-hk2_2022-2023.pdf,manifested,True,,
https://ctsv.uit.edu.vn/bai-viet/thong-bao-nop-ho-so-che-do-chinh-sach-hk2-nam-hoc-2022-2023,https://ctsv.uit.edu.vn/sites/default/files/202304/thong_bao_tcxh-hk2_2022-2023.pdf,manifested,True,,
https://ctsv.uit.edu.vn/bai-viet/thong-bao-nop-ho-so-che-do-chinh-sach-hk2-nam-hoc-2022-2023,https://ctsv.uit.edu.vn/sites/default/files/202304/thong_bao_svkt-hk2_2022-2023.pdf,manifested,True,,
https://ctsv.uit.edu.vn/bai-viet/thong-bao-nop-ho-so-che-do-chinh-sach-hk2-nam-hoc-2022-2023,https://ctsv.uit.edu.vn/sites/default/files/202304/thong_bao_dtts-hk2_2022-2023.pdf,manifested,True,,
https://ctsv.uit.edu.vn/bai-viet/thong-bao-nop-ho-so-che-do-chinh-sach-hk2-nam-hoc-2023-2024,https://ctsv.uit.edu.vn/sites/default/files/uploads/files/202401/35_tb_dhcntt16_01_2024_scan.pdf,manifested,True,,
https://ctsv.uit.edu.vn/bai-viet/thong-bao-nop-ho-so-che-do-chinh-sach-hk2-nam-hoc-2023-2024,https://ctsv.uit.edu.vn/sites/default/files/uploads/files/202401/36_tb_dhcntt16_01_2024_scan.pdf,manifested,True,,
https://ctsv.uit.edu.vn/bai-viet/thong-bao-nop-ho-so-che-do-chinh-sach-hk2-nam-hoc-2023-2024,https://ctsv.uit.edu.vn/sites/default/files/uploads/files/202401/37_tb_dhcntt16_01_2024_scan.pdf,manifested,True,,
https://ctsv.uit.edu.vn/bai-viet/thong-bao-nop-ho-so-che-do-chinh-sach-hk2-nam-hoc-2023-2024,https://ctsv.uit.edu.vn/sites/default/files/uploads/files/202401/38_tb_dhcntt16_01_2024_scan.pdf,manifested,True,,
https://ctsv.uit.edu.vn/bai-viet/thong-bao-nop-ho-so-che-do-chinh-sach-hk2-nam-hoc-2023-2024,https://ctsv.uit.edu.vn/sites/default/files/uploads/files/202401/06_tb_mghp.pdf,manifested,True,,
https://ctsv.uit.edu.vn/bai-viet/thong-bao-nop-ho-so-che-do-chinh-sach-hk2-nam-hoc-2023-2024,https://ctsv.uit.edu.vn/sites/default/files/uploads/files/202401/07_tb_tcxh.pdf,manifested,True,,
https://ctsv.uit.edu.vn/bai-viet/thong-bao-nop-ho-so-che-do-chinh-sach-hk2-nam-hoc-2023-2024,https://ctsv.uit.edu.vn/sites/default/files/uploads/files/202401/08_tb_svkt.pdf,manifested,True,,
https://ctsv.uit.edu.vn/bai-viet/thong-bao-nop-ho-so-che-do-chinh-sach-hk2-nam-hoc-2023-2024,https://ctsv.uit.edu.vn/sites/default/files/uploads/files/202401/09_tb_dtts.pdf,manifested,True,,
https://ctsv.uit.edu.vn/bai-viet/thong-bao-nop-ho-so-che-do-chinh-sach-hk2-nam-hoc-2024-2025,https://ctsv.uit.edu.vn/sites/default/files/uploads/files/202501/27_tb_dhcntt10_01_2025_scan.pdf,manifested,True,,
https://ctsv.uit.edu.vn/bai-viet/thong-bao-nop-ho-so-che-do-chinh-sach-hk2-nam-hoc-2024-2025,https://ctsv.uit.edu.vn/sites/default/files/uploads/files/202501/28_tb_dhcntt10_01_2025_scan.pdf,manifested,True,,
https://ctsv.uit.edu.vn/bai-viet/thong-bao-nop-ho-so-che-do-chinh-sach-hk2-nam-hoc-2024-2025,https://ctsv.uit.edu.vn/sites/default/files/uploads/files/202501/29_tb_dhcntt10_01_2025_scan.pdf,manifested,True,,
https://ctsv.uit.edu.vn/bai-viet/thong-bao-nop-ho-so-che-do-chinh-sach-hk2-nam-hoc-2024-2025,https://ctsv.uit.edu.vn/sites/default/files/uploads/files/202501/30_tb_dhcntt10_01_2025_scan.pdf,manifested,True,,
https://ctsv.uit.edu.vn/bai-viet/thong-bao-nop-ho-so-che-do-chinh-sach-hk2-nam-hoc-2024-2025-0,https://ctsv.uit.edu.vn/sites/default/files/uploads/files/202501/27_tb_dhcntt10_01_2025_scan.pdf,manifested,True,,
https://ctsv.uit.edu.vn/bai-viet/thong-bao-nop-ho-so-che-do-chinh-sach-hk2-nam-hoc-2024-2025-0,https://ctsv.uit.edu.vn/sites/default/files/uploads/files/202501/28_tb_dhcntt10_01_2025_scan.pdf,manifested,True,,
https://ctsv.uit.edu.vn/bai-viet/thong-bao-nop-ho-so-che-do-chinh-sach-hk2-nam-hoc-2024-2025-0,https://ctsv.uit.edu.vn/sites/default/files/uploads/files/202501/29_tb_dhcntt10_01_2025_scan.pdf,manifested,True,,
https://ctsv.uit.edu.vn/bai-viet/thong-bao-nop-ho-so-che-do-chinh-sach-hk2-nam-hoc-2024-2025-0,https://ctsv.uit.edu.vn/sites/default/files/uploads/files/202501/30_tb_dhcntt10_01_2025_scan.pdf,manifested,True,,
https://ctsv.uit.edu.vn/bai-viet/thong-bao-nop-ho-so-che-do-chinh-sach-hk2-nam-hoc-2024-2025-0,https://ctsv.uit.edu.vn/sites/default/files/uploads/files/202501/07_tb_ctsv10_01_2025_scan_0.pdf,manifested,True,,
https://ctsv.uit.edu.vn/bai-viet/thong-bao-nop-ho-so-che-do-chinh-sach-hk2-nam-hoc-2024-2025-0,https://ctsv.uit.edu.vn/sites/default/files/uploads/files/202501/08_tb_ctsv10_01_2025_scan_0.pdf,manifested,True,,
https://ctsv.uit.edu.vn/bai-viet/thong-bao-nop-ho-so-che-do-chinh-sach-hk2-nam-hoc-2024-2025-0,https://ctsv.uit.edu.vn/sites/default/files/uploads/files/202501/09_tb_ctsv10_01_2025_scan_0.pdf,manifested,True,,
https://ctsv.uit.edu.vn/bai-viet/thong-bao-nop-ho-so-che-do-chinh-sach-hk2-nam-hoc-2024-2025-0,https://ctsv.uit.edu.vn/sites/default/files/uploads/files/202501/10_tb_ctsv10_01_2025_scan_0.pdf,manifested,True,,
https://ctsv.uit.edu.vn/bai-viet/thong-bao-nop-ho-so-che-do-chinh-sach-hk2-nam-hoc-2025-2026,https://ctsv.uit.edu.vn/sites/default/files/uploads/files/202602/136_tb_dhcntt25_02_2026_scan.pdf,manifested,True,,
https://ctsv.uit.edu.vn/bai-viet/thong-bao-nop-ho-so-che-do-chinh-sach-hk2-nam-hoc-2025-2026,https://ctsv.uit.edu.vn/sites/default/files/uploads/files/202602/137_tb_dhcntt25_02_2026_scan.pdf,manifested,True,,
https://ctsv.uit.edu.vn/bai-viet/thong-bao-nop-ho-so-che-do-chinh-sach-hk2-nam-hoc-2025-2026,https://ctsv.uit.edu.vn/sites/default/files/uploads/files/202602/138_tb_dhcntt25_02_2026_scan.pdf,manifested,True,,
https://ctsv.uit.edu.vn/bai-viet/thong-bao-nop-ho-so-che-do-chinh-sach-hk2-nam-hoc-2025-2026,https://ctsv.uit.edu.vn/sites/default/files/uploads/files/202602/139_tb_dhcntt25_02_2026_scan.pdf,manifested,True,,
https://ctsv.uit.edu.vn/bai-viet/thong-bao-nop-ho-so-che-do-chinh-sach-hk2-nam-hoc-2025-2026,https://ctsv.uit.edu.vn/sites/default/files/uploads/files/202602/20_tb_ctsv25_02_2026.pdf,manifested,True,,
https://ctsv.uit.edu.vn/bai-viet/thong-bao-nop-ho-so-che-do-chinh-sach-hk2-nam-hoc-2025-2026,https://ctsv.uit.edu.vn/sites/default/files/uploads/files/202602/21_tb_ctsv25_02_2026.pdf,manifested,True,,
https://ctsv.uit.edu.vn/bai-viet/thong-bao-nop-ho-so-che-do-chinh-sach-hk2-nam-hoc-2025-2026,https://ctsv.uit.edu.vn/sites/default/files/uploads/files/202602/22_tb_ctsv25_02_2026.pdf,manifested,True,,
https://ctsv.uit.edu.vn/bai-viet/thong-bao-nop-ho-so-che-do-chinh-sach-hk2-nam-hoc-2025-2026,https://ctsv.uit.edu.vn/sites/default/files/uploads/files/202602/23_tb_ctsv25_02_2026.pdf,manifested,True,,
https://ctsv.uit.edu.vn/bai-viet/thong-bao-nop-ho-so-che-do-chinh-sach-hoc-ky-1-nam-hoc-2022-2023-danh-cho-khoa-2022,https://ctsv.uit.edu.vn/sites/default/files/202210/124_tb_dhcntt10_10_2022_scan.pdf,manifested,True,,
https://ctsv.uit.edu.vn/bai-viet/thong-bao-nop-ho-so-che-do-chinh-sach-hoc-ky-1-nam-hoc-2022-2023-danh-cho-khoa-2022,https://ctsv.uit.edu.vn/sites/default/files/202210/125_tb_dhcntt10_10_2022_scan.pdf,manifested,True,,
https://ctsv.uit.edu.vn/bai-viet/thong-bao-nop-ho-so-che-do-chinh-sach-hoc-ky-1-nam-hoc-2022-2023-danh-cho-khoa-2022,https://ctsv.uit.edu.vn/sites/default/files/202210/126_tb_dhcntt10_10_2022_scan.pdf,manifested,True,,
https://ctsv.uit.edu.vn/bai-viet/thong-bao-nop-ho-so-che-do-chinh-sach-hoc-ky-1-nam-hoc-2022-2023-danh-cho-khoa-2022,https://ctsv.uit.edu.vn/sites/default/files/202210/127_tb_dhcntt10_10_2022_scan.pdf,manifested,True,,
https://ctsv.uit.edu.vn/bai-viet/thong-bao-nop-ho-so-che-do-chinh-sach-hoc-ky-1-nam-hoc-2022-2023-danh-cho-khoa-2022,https://ctsv.uit.edu.vn/sites/default/files/202210/thong_bao_mghp_hk1_2022-2023.pdf,manifested,True,,
https://ctsv.uit.edu.vn/bai-viet/thong-bao-nop-ho-so-che-do-chinh-sach-hoc-ky-1-nam-hoc-2022-2023-danh-cho-khoa-2022,https://ctsv.uit.edu.vn/sites/default/files/202210/thong_bao_tcxh_hk1_2022-2023.pdf,manifested,True,,
https://ctsv.uit.edu.vn/bai-viet/thong-bao-nop-ho-so-che-do-chinh-sach-hoc-ky-1-nam-hoc-2022-2023-danh-cho-khoa-2022,https://ctsv.uit.edu.vn/sites/default/files/202210/thong_bao_svkt_hk1_2022-2023.pdf,manifested,True,,
https://ctsv.uit.edu.vn/bai-viet/thong-bao-nop-ho-so-che-do-chinh-sach-hoc-ky-1-nam-hoc-2022-2023-danh-cho-khoa-2022,https://ctsv.uit.edu.vn/sites/default/files/202210/thong_bao_dtts_hk1_2022-2023.pdf,manifested,True,,
https://ctsv.uit.edu.vn/bai-viet/thong-bao-nop-ho-so-che-do-chinh-sach-hoc-ky-2-nam-hoc-2021-2022,https://ctsv.uit.edu.vn/sites/default/files/202203/32_tb_mghp_hk2_2021-2022.pdf,manifested,True,,
https://ctsv.uit.edu.vn/bai-viet/thong-bao-nop-ho-so-che-do-chinh-sach-hoc-ky-2-nam-hoc-2021-2022,https://ctsv.uit.edu.vn/sites/default/files/202203/33_tb_tcxh_hk2_2021-2022_0.pdf,manifested,True,,
https://ctsv.uit.edu.vn/bai-viet/thong-bao-nop-ho-so-che-do-chinh-sach-hoc-ky-2-nam-hoc-2021-2022,https://ctsv.uit.edu.vn/sites/default/files/202203/34_tb_svkt_hk2_2021-2022.pdf,manifested,True,,
https://ctsv.uit.edu.vn/bai-viet/thong-bao-nop-ho-so-che-do-chinh-sach-hoc-ky-2-nam-hoc-2021-2022,https://ctsv.uit.edu.vn/sites/default/files/202203/35_tb_dtts_hk2_2021-2022.pdf,manifested,True,,
https://ctsv.uit.edu.vn/bai-viet/thong-bao-nop-ho-so-che-do-chinh-sach-hoc-ky-2-nam-hoc-2021-2022,https://ctsv.uit.edu.vn/sites/default/files/202203/04_thong_bao_mghp_hk2_2021-2022.pdf,manifested,True,,
https://ctsv.uit.edu.vn/bai-viet/thong-bao-nop-ho-so-che-do-chinh-sach-hoc-ky-2-nam-hoc-2021-2022,https://ctsv.uit.edu.vn/sites/default/files/202203/05_thong_bao_tcxh_hk2_2021-2022.pdf,manifested,True,,
https://ctsv.uit.edu.vn/bai-viet/thong-bao-nop-ho-so-che-do-chinh-sach-hoc-ky-2-nam-hoc-2021-2022,https://ctsv.uit.edu.vn/sites/default/files/202203/06_thong_bao_svkt_hk2_2021-2022.pdf,manifested,True,,
https://ctsv.uit.edu.vn/bai-viet/thong-bao-nop-ho-so-che-do-chinh-sach-hoc-ky-2-nam-hoc-2021-2022,https://ctsv.uit.edu.vn/sites/default/files/202203/07_thong_bao_dtts_hk2_2021-2022.pdf,manifested,True,,
https://ctsv.uit.edu.vn/bai-viet/thong-bao-nop-ho-so-che-do-chinh-sach-hoc-ky-2-nam-hoc-2022-2023,https://ctsv.uit.edu.vn/sites/default/files/202304/45_tb_dhcntt10_04_2023_scan.pdf,manifested,True,,
https://ctsv.uit.edu.vn/bai-viet/thong-bao-nop-ho-so-che-do-chinh-sach-hoc-ky-2-nam-hoc-2022-2023,https://ctsv.uit.edu.vn/sites/default/files/202304/46_tb_dhcntt10_04_2023_scan.pdf,manifested,True,,
https://ctsv.uit.edu.vn/bai-viet/thong-bao-nop-ho-so-che-do-chinh-sach-hoc-ky-2-nam-hoc-2022-2023,https://ctsv.uit.edu.vn/sites/default/files/202304/47_tb_dhcntt10_04_2023_scan.pdf,manifested,True,,
https://ctsv.uit.edu.vn/bai-viet/thong-bao-nop-ho-so-che-do-chinh-sach-hoc-ky-2-nam-hoc-2022-2023,https://ctsv.uit.edu.vn/sites/default/files/202304/48_tb_dhcntt10_04_2023_scan.pdf,manifested,True,,
https://ctsv.uit.edu.vn/bai-viet/thong-bao-nop-ho-so-ho-tro-chi-phi-mua-do-dung-hoc-tap-cho-sinh-vien-dtts-hk2-nam-hoc-2015,https://ctsv.uit.edu.vn/sites/default/files/201603/08-tb-ctsv_dt_thieu_so_-hk2_2015-2016.pdf,manifested,True,,
https://ctsv.uit.edu.vn/bai-viet/thong-bao-nop-ho-so-huong-chinh-sach-cho-sv-khuyet-tat-hk2-nam-hoc-2015-2016,https://ctsv.uit.edu.vn/sites/default/files/201603/07-tb-ctsv_cs_khuyet_tat_hk2_2015-2016.pdf,manifested,True,,
https://ctsv.uit.edu.vn/bai-viet/thong-bao-nop-ho-so-mien-giam-hoc-phi-hk2-nam-hoc-2015-2016,https://ctsv.uit.edu.vn/sites/default/files/201603/05-tb-ctsv_-_mghp_-_hk2_2015-2016.pdf,manifested,True,,
https://ctsv.uit.edu.vn/bai-viet/thong-bao-nop-ho-so-mien-giam-hoc-phi-tro-cap-xa-hoi-ho-tro-cho-sinh-vien-khuyet-tat-dan-0,https://ctsv.uit.edu.vn/sites/default/files/201710/thong_bao_tcxh_hk1_2017-2018.pdf,manifested,True,,
https://ctsv.uit.edu.vn/bai-viet/thong-bao-nop-ho-so-mien-giam-hoc-phi-tro-cap-xa-hoi-ho-tro-cho-sinh-vien-khuyet-tat-dan-0,https://ctsv.uit.edu.vn/sites/default/files/201710/thong_bao_svkt_hk1_2017-2018.pdf,manifested,True,,
https://ctsv.uit.edu.vn/bai-viet/thong-bao-nop-ho-so-mien-giam-hoc-phi-tro-cap-xa-hoi-ho-tro-cho-sinh-vien-khuyet-tat-dan-0,https://ctsv.uit.edu.vn/sites/default/files/201710/thong_bao_dtts_hk1_2017-2018.pdf,manifested,True,,
https://ctsv.uit.edu.vn/bai-viet/thong-bao-nop-ho-so-mien-giam-hoc-phi-tro-cap-xa-hoi-ho-tro-cho-sinh-vien-khuyet-tat-dan-0,https://ctsv.uit.edu.vn/sites/default/files/201710/thong_bao_mghp_hk1_2017-2018.pdf,manifested,True,,
https://ctsv.uit.edu.vn/bai-viet/thong-bao-nop-ho-so-mien-giam-hoc-phi-tro-cap-xa-hoi-ho-tro-cho-sinh-vien-khuyet-tat-dan,https://ctsv.uit.edu.vn/sites/default/files/201702/12-tb-dhcntt_20-02-2017.scan_.pdf,manifested,True,,
https://ctsv.uit.edu.vn/bai-viet/thong-bao-nop-ho-so-mien-giam-hoc-phi-tro-cap-xa-hoi-ho-tro-cho-sinh-vien-khuyet-tat-dan,https://ctsv.uit.edu.vn/sites/default/files/201702/13-tb-dhcntt_20-02-2017.scan_.pdf,manifested,True,,
https://ctsv.uit.edu.vn/bai-viet/thong-bao-nop-ho-so-mien-giam-hoc-phi-tro-cap-xa-hoi-ho-tro-cho-sinh-vien-khuyet-tat-dan,https://ctsv.uit.edu.vn/sites/default/files/201702/14-tb-dhcntt_20-02-2017.scan_.pdf,manifested,True,,
https://ctsv.uit.edu.vn/bai-viet/thong-bao-nop-ho-so-mien-giam-hoc-phi-tro-cap-xa-hoi-ho-tro-cho-sinh-vien-khuyet-tat-dan,https://ctsv.uit.edu.vn/sites/default/files/201702/15-tb-dhcntt_20-02-2017.scan_.pdf,manifested,True,,
https://ctsv.uit.edu.vn/bai-viet/thong-bao-nop-ho-so-mien-giam-hoc-phi-tro-cap-xa-hoi-ho-tro-cho-sinh-vien-khuyet-tat-dan-1,https://ctsv.uit.edu.vn/sites/default/files/201803/thong_bao_mghp_hk2_2017-2018_0.pdf,manifested,True,,
https://ctsv.uit.edu.vn/bai-viet/thong-bao-nop-ho-so-mien-giam-hoc-phi-tro-cap-xa-hoi-ho-tro-cho-sinh-vien-khuyet-tat-dan-1,https://ctsv.uit.edu.vn/sites/default/files/201803/thong_bao_tcxh_hk2_2017-2018_0.pdf,manifested,True,,
https://ctsv.uit.edu.vn/bai-viet/thong-bao-nop-ho-so-mien-giam-hoc-phi-tro-cap-xa-hoi-ho-tro-cho-sinh-vien-khuyet-tat-dan-1,https://ctsv.uit.edu.vn/sites/default/files/201803/thong_bao_svkt_hk2_2017-2018_0.pdf,manifested,True,,
https://ctsv.uit.edu.vn/bai-viet/thong-bao-nop-ho-so-mien-giam-hoc-phi-tro-cap-xa-hoi-ho-tro-cho-sinh-vien-khuyet-tat-dan-1,https://ctsv.uit.edu.vn/sites/default/files/201803/thong_bao_dtts_hk2_2017-2018_0.pdf,manifested,True,,
https://ctsv.uit.edu.vn/bai-viet/thong-bao-nop-ho-so-mien-giam-hoc-phi-tro-cap-xa-hoi-ho-tro-cho-sinh-vien-khuyet-tat-dan-2,https://ctsv.uit.edu.vn/sites/default/files/201810/thong_bao_mghp_hk1_2018-2019.pdf,manifested,True,,
https://ctsv.uit.edu.vn/bai-viet/thong-bao-nop-ho-so-mien-giam-hoc-phi-tro-cap-xa-hoi-ho-tro-cho-sinh-vien-khuyet-tat-dan-2,https://ctsv.uit.edu.vn/sites/default/files/201810/thong_bao_tcxh_hk1_2018-2019.pdf,manifested,True,,
https://ctsv.uit.edu.vn/bai-viet/thong-bao-nop-ho-so-mien-giam-hoc-phi-tro-cap-xa-hoi-ho-tro-cho-sinh-vien-khuyet-tat-dan-2,https://ctsv.uit.edu.vn/sites/default/files/201810/thong_bao_svkt_hk1_2018-2019.pdf,manifested,True,,
https://ctsv.uit.edu.vn/bai-viet/thong-bao-nop-ho-so-mien-giam-hoc-phi-tro-cap-xa-hoi-ho-tro-cho-sinh-vien-khuyet-tat-dan-2,https://ctsv.uit.edu.vn/sites/default/files/201810/thong_bao_dtts_hk1_2018-2019.pdf,manifested,True,,
https://ctsv.uit.edu.vn/bai-viet/thong-bao-nop-ho-so-mien-giam-hoc-phi-tro-cap-xa-hoi-ho-tro-cho-sinh-vien-khuyet-tat-dan-3,https://ctsv.uit.edu.vn/sites/default/files/201902/thong_bao_tcxh_hk2_2018-2019.pdf,manifested,True,,
https://ctsv.uit.edu.vn/bai-viet/thong-bao-nop-ho-so-mien-giam-hoc-phi-tro-cap-xa-hoi-ho-tro-cho-sinh-vien-khuyet-tat-dan-3,https://ctsv.uit.edu.vn/sites/default/files/201902/thong_bao_svkt_hk2_2018-2019.pdf,manifested,True,,
https://ctsv.uit.edu.vn/bai-viet/thong-bao-nop-ho-so-mien-giam-hoc-phi-tro-cap-xa-hoi-ho-tro-cho-sinh-vien-khuyet-tat-dan-3,https://ctsv.uit.edu.vn/sites/default/files/201902/thong_bao_dtts_hk2_2018-2019.pdf,manifested,True,,
https://ctsv.uit.edu.vn/bai-viet/thong-bao-nop-ho-so-mien-giam-hoc-phi-tro-cap-xa-hoi-ho-tro-cho-sinh-vien-khuyet-tat-dan-3,https://ctsv.uit.edu.vn/sites/default/files/201902/thong_bao_mghp_hk2_2018-2019_0.pdf,manifested,True,,
https://ctsv.uit.edu.vn/bai-viet/thong-bao-nop-ho-so-mien-giam-hoc-phi-tro-cap-xa-hoi-ho-tro-cho-sinh-vien-khuyet-tat-dan-4,https://ctsv.uit.edu.vn/sites/default/files/201909/thong_bao_mghp_hk1_2019-2020.pdf,manifested,True,,
https://ctsv.uit.edu.vn/bai-viet/thong-bao-nop-ho-so-mien-giam-hoc-phi-tro-cap-xa-hoi-ho-tro-cho-sinh-vien-khuyet-tat-dan-4,https://ctsv.uit.edu.vn/sites/default/files/201909/thong_bao_tcxh_hk1_2019-2020.pdf,manifested,True,,
https://ctsv.uit.edu.vn/bai-viet/thong-bao-nop-ho-so-mien-giam-hoc-phi-tro-cap-xa-hoi-ho-tro-cho-sinh-vien-khuyet-tat-dan-4,https://ctsv.uit.edu.vn/sites/default/files/201909/thong_bao_svkt_hk1_2019-2020.pdf,manifested,True,,
https://ctsv.uit.edu.vn/bai-viet/thong-bao-nop-ho-so-mien-giam-hoc-phi-tro-cap-xa-hoi-ho-tro-cho-sinh-vien-khuyet-tat-dan-4,https://ctsv.uit.edu.vn/sites/default/files/201909/thong_bao_dtts_hk1_2019-2020.pdf,manifested,True,,
https://ctsv.uit.edu.vn/bai-viet/thong-bao-nop-ho-so-mien-giam-hoc-phi-tro-cap-xa-hoi-ho-tro-cho-sinh-vien-khuyet-tat-dan-5,https://ctsv.uit.edu.vn/sites/default/files/202002/thong_bao_mghp_hk2_2019-2020.pdf,manifested,True,,
https://ctsv.uit.edu.vn/bai-viet/thong-bao-nop-ho-so-mien-giam-hoc-phi-tro-cap-xa-hoi-ho-tro-cho-sinh-vien-khuyet-tat-dan-5,https://ctsv.uit.edu.vn/sites/default/files/202002/thong_bao_tcxh_hk2_2019-2020.pdf,manifested,True,,
https://ctsv.uit.edu.vn/bai-viet/thong-bao-nop-ho-so-mien-giam-hoc-phi-tro-cap-xa-hoi-ho-tro-cho-sinh-vien-khuyet-tat-dan-5,https://ctsv.uit.edu.vn/sites/default/files/202002/thong_bao_svkt_hk2_2019-2020.pdf,manifested,True,,
https://ctsv.uit.edu.vn/bai-viet/thong-bao-nop-ho-so-mien-giam-hoc-phi-tro-cap-xa-hoi-ho-tro-cho-sinh-vien-khuyet-tat-dan-5,https://ctsv.uit.edu.vn/sites/default/files/202002/thong_bao_dtts_hk2_2019-2020.pdf,manifested,True,,
https://ctsv.uit.edu.vn/bai-viet/thong-bao-nop-ho-so-mien-giam-hoc-phi-tro-cap-xa-hoi-ho-tro-cho-sinh-vien-khuyet-tat-dan-6,https://ctsv.uit.edu.vn/sites/default/files/202008/thong_bao_mghp_hk1_2020-2021.pdf,manifested,True,,
https://ctsv.uit.edu.vn/bai-viet/thong-bao-nop-ho-so-mien-giam-hoc-phi-tro-cap-xa-hoi-ho-tro-cho-sinh-vien-khuyet-tat-dan-6,https://ctsv.uit.edu.vn/sites/default/files/202008/thong_bao_tcxh_hk1_2020-2021.pdf,manifested,True,,
https://ctsv.uit.edu.vn/bai-viet/thong-bao-nop-ho-so-mien-giam-hoc-phi-tro-cap-xa-hoi-ho-tro-cho-sinh-vien-khuyet-tat-dan-6,https://ctsv.uit.edu.vn/sites/default/files/202008/thong_bao_svkt_hk1_2020-2021.pdf,manifested,True,,
https://ctsv.uit.edu.vn/bai-viet/thong-bao-nop-ho-so-mien-giam-hoc-phi-tro-cap-xa-hoi-ho-tro-cho-sinh-vien-khuyet-tat-dan-6,https://ctsv.uit.edu.vn/sites/default/files/202008/thong_bao_dtts_hk1_2020-2021.pdf,manifested,True,,
https://ctsv.uit.edu.vn/bai-viet/thong-bao-nop-ho-so-mien-giam-hoc-phi-tro-cap-xa-hoi-ho-tro-cho-sinh-vien-khuyet-tat-dan-7,https://ctsv.uit.edu.vn/sites/default/files/202102/thong_bao_tcxh_hk2_2020-2021.pdf,manifested,True,,
https://ctsv.uit.edu.vn/bai-viet/thong-bao-nop-ho-so-mien-giam-hoc-phi-tro-cap-xa-hoi-ho-tro-cho-sinh-vien-khuyet-tat-dan-7,https://ctsv.uit.edu.vn/sites/default/files/202102/thong_bao_mghp_hk2_2020-2021.pdf,manifested,True,,
https://ctsv.uit.edu.vn/bai-viet/thong-bao-nop-ho-so-mien-giam-hoc-phi-tro-cap-xa-hoi-ho-tro-cho-sinh-vien-khuyet-tat-dan-7,https://ctsv.uit.edu.vn/sites/default/files/202102/thong_bao_svkt_hk2_2020-2021.pdf,manifested,True,,
https://ctsv.uit.edu.vn/bai-viet/thong-bao-nop-ho-so-mien-giam-hoc-phi-tro-cap-xa-hoi-ho-tro-cho-sinh-vien-khuyet-tat-dan-7,https://ctsv.uit.edu.vn/sites/default/files/202102/thong_bao_dtts_hk2_2020-2021.pdf,manifested,True,,
https://ctsv.uit.edu.vn/bai-viet/thong-bao-nop-ho-so-tro-cap-xa-hoi-hk2-nam-hoc-2015-2016,https://ctsv.uit.edu.vn/sites/default/files/201603/06-tb-ctsv_tro_cap_xh_-hk2_2015-2016.pdf,manifested,True,,
https://ctsv.uit.edu.vn/bai-viet/thong-bao-nop-ho-so-xet-mien-giam-hoc-phi-nam-hoc-2013-2014,https://ctsv.uit.edu.vn/sites/default/files/attachments/article/248/QDHD%20MGHP%20Tam%20thoi.doc,manifested,True,,
https://ctsv.uit.edu.vn/bai-viet/thong-bao-nop-ho-so-xet-tro-cap-xa-hoi,https://ctsv.uit.edu.vn/sites/default/files/attachments/article/243/Thong%20bao%20thu%20ho%20so%20TCXH%2013-14.doc,manifested,True,,
https://ctsv.uit.edu.vn/bai-viet/thong-bao-nop-ho-so-xet-tro-cap-xa-hoi,https://ctsv.uit.edu.vn/sites/default/files/attachments/article/243/mau%20TCXH%20.doc,manifested,True,,
https://ctsv.uit.edu.vn/bai-viet/thong-bao-phat-bhyt-mua-dot-1-nam-2021,https://ctsv.uit.edu.vn/sites/default/files/202101/bhyt2021.pdf,manifested,True,,
https://ctsv.uit.edu.vn/bai-viet/thong-bao-phat-bhyt-mua-dot-1-nam-2021,https://ctsv.uit.edu.vn/sites/default/files/202101/dssv_mua_bhyt_0.pdf,manifested,True,,
https://ctsv.uit.edu.vn/bai-viet/thong-bao-sinh-vien-dang-ky-gap-mat-sinh-vien-nam-nhat-khoa-2024,https://ctsv.uit.edu.vn/sites/default/files/uploads/files/202412/1426_kh_dhcntt02_12_2024_scan_0.pdf,manifested,True,,
https://ctsv.uit.edu.vn/bai-viet/thong-bao-so-082020-hop-xet-danh-gia-diem-ren-luyen-sinh-vien-hoc-ky-1-nam-hoc-2019-2020,https://ctsv.uit.edu.vn/sites/default/files/202004/08_-_mau_bien_ban_hop_xet_diem_ren_luyen.docx,manifested,True,,
https://ctsv.uit.edu.vn/bai-viet/thong-bao-so-082020-hop-xet-danh-gia-diem-ren-luyen-sinh-vien-hoc-ky-1-nam-hoc-2019-2020,https://ctsv.uit.edu.vn/sites/default/files/202004/08_ten_lop_mau_ds_danh_gia_drl1.xls,manifested,True,,
https://ctsv.uit.edu.vn/bai-viet/thong-bao-so-182015-chuc-buoi-toa-dam-cu-tri-tre-co-trach-nhiem,https://ctsv.uit.edu.vn/sites/default/files/201605/18_tb_dhcntt_ctsv13_5_2016_scan.pdf,manifested,True,,
https://ctsv.uit.edu.vn/bai-viet/thong-bao-so-2-vv-nhac-nho-sinh-vien-tu-bao-quan-tai-san-ca-nhan,https://ctsv.uit.edu.vn/sites/default/files/202210/38_tb_ctsv27_10_2022.pdf,manifested,True,,
https://ctsv.uit.edu.vn/bai-viet/thong-bao-so-462016-nop-ho-so-mien-giam-hoc-phi-hk1-nam-hoc-2016-2017,https://ctsv.uit.edu.vn/sites/default/files/201609/46_tb_dhcntt_ctsv27_9_2016_scan.pdf,manifested,True,,
https://ctsv.uit.edu.vn/bai-viet/thong-bao-so-472016-nop-ho-so-tro-cap-xa-hoi-hk1-nam-hoc-2016-2017,https://ctsv.uit.edu.vn/sites/default/files/201609/47_tb_dhcntt_ctsv27_9_2016_scan.pdf,manifested,True,,
https://ctsv.uit.edu.vn/bai-viet/thong-bao-so-482016-nop-ho-so-huong-chinh-sach-cho-sv-khuyet-tat-hk1-nam-hoc-2016-2017,https://ctsv.uit.edu.vn/sites/default/files/201609/48_tb_dhcntt_ctsv27_9_2016_scan.pdf,manifested,True,,
https://ctsv.uit.edu.vn/bai-viet/thong-bao-so-492016-nop-ho-so-ho-tro-chi-phi-mua-do-dung-hoc-tap-cho-sinh-vien-dtts-hk1-nam,https://ctsv.uit.edu.vn/sites/default/files/201609/49_tb_dhcntt_ctsv27_9_2016_scan.pdf,manifested,True,,
https://ctsv.uit.edu.vn/bai-viet/thong-bao-thoi-gian-chuc-le-tot-nghiep-dot-1-nam-2018,https://ctsv.uit.edu.vn/sites/default/files/201805/tb_le_trao_bang_dot_1-_2018.pdf,manifested,True,,
https://ctsv.uit.edu.vn/bai-viet/thong-bao-thoi-gian-chuc-le-tot-nghiep-dot-2-nam-2018,https://ctsv.uit.edu.vn/sites/default/files/201812/tb_le_trao_bang_dot_2-_2018.pdf,manifested,True,,
https://ctsv.uit.edu.vn/bai-viet/thong-bao-thoi-gian-chuc-le-tot-nghiep-dot-thang-12-nam-2022,https://ctsv.uit.edu.vn/sites/default/files/202212/tb_le_trao_bang_dot_thang_12-2022.pdf,manifested,True,,
https://ctsv.uit.edu.vn/bai-viet/thong-bao-thoi-gian-chuc-le-tot-nghiep-va-nhan-le-phuc-dot-1-nam-2025,https://ctsv.uit.edu.vn/sites/default/files/uploads/files/202504/37_tb_le_tn_0.pdf,manifested,True,,
https://ctsv.uit.edu.vn/bai-viet/thong-bao-thoi-gian-chuc-le-tot-nghiep-va-nhan-le-phuc-dot-1-nam-2026,https://ctsv.uit.edu.vn/sites/default/files/uploads/files/202605/54_tb_ctsv_11_05_2026.pdf,manifested,True,,
https://ctsv.uit.edu.vn/bai-viet/thong-bao-thoi-gian-chuc-le-tot-nghiep-va-nhan-le-phuc-dot-2-nam-2024,https://ctsv.uit.edu.vn/sites/default/files/uploads/files/202411/86_tb_ctsv06_11_2024.pdf,manifested,True,,
https://ctsv.uit.edu.vn/bai-viet/thong-bao-thoi-gian-chuc-le-tot-nghiep-va-nhan-le-phuc-dot-2-nam-2025,https://ctsv.uit.edu.vn/sites/default/files/uploads/files/202510/101_tb_ctsv.pdf,manifested,True,,
https://ctsv.uit.edu.vn/bai-viet/thong-bao-thoi-gian-chuc-le-tot-nghiep-va-trao-bang-dot-1-nam-2023,https://ctsv.uit.edu.vn/sites/default/files/202305/tb_le_trao_bang.pdf,manifested,True,,
https://ctsv.uit.edu.vn/bai-viet/thong-bao-thoi-gian-chuc-le-tot-nghiep-va-trao-bang-dot-2-nam-2023,https://ctsv.uit.edu.vn/sites/default/files/uploads/files/202311/tb_le_tot_nghiep_0.pdf,manifested,True,,
https://ctsv.uit.edu.vn/bai-viet/thong-bao-thoi-gian-dong-hoc-phi,https://ctsv.uit.edu.vn/sites/default/files/attachments/article/237/43-TB-%C3%90HCNTT-KHTC-18-09-2013.pdf,manifested,True,,
https://ctsv.uit.edu.vn/bai-viet/thong-bao-thoi-gian-le-tot-nghiep-va-nhan-le-phuc-tot-nghiep,https://ctsv.uit.edu.vn/sites/default/files/attachments/article/203/Thong%20bao%20to%20chuc%20TN%20dot%201.2013.doc,manifested,True,,
https://ctsv.uit.edu.vn/bai-viet/thong-bao-thoi-gian-nhan-tien-tro-cap-xa-hoi-va-sinh-vien-khuyet-tat-duoc-ho-tro-mua-chi,https://ctsv.uit.edu.vn/sites/default/files/201512/tro_cap_xa_hoi_hk1_2015-2016.pdf,manifested,True,,
https://ctsv.uit.edu.vn/bai-viet/thong-bao-thoi-gian-nhan-tien-tro-cap-xa-hoi-va-sinh-vien-khuyet-tat-duoc-ho-tro-mua-chi,https://ctsv.uit.edu.vn/sites/default/files/201512/ho_tro_cp_hoc_tap_cho_sv_khuyet_tat_hk1_2015-2016.pdf,manifested,True,,
https://ctsv.uit.edu.vn/bai-viet/thong-bao-thoi-gian-nop-don-xin-gia-han-hoc-phi-hoc-ky-2-nam-hoc-2019-2020,https://ctsv.uit.edu.vn/sites/default/files/202002/thong_bao_gia_han_hoc_phi.pdf,manifested,True,,
https://ctsv.uit.edu.vn/bai-viet/thong-bao-thuc-hien-cong-tac-mua-bao-hiem-y-te-cho-sinh-vien-nam-2024,https://ctsv.uit.edu.vn/sites/default/files/uploads/files/202401/tb_thuc_hien_cong_tac_mua_bhyt_nam_2024.pdf,manifested,True,,
https://ctsv.uit.edu.vn/bai-viet/thong-bao-trien-khai-hoc-bong-uit-global-tu-hoc-ky-1-nam-hoc-2023-2024,https://ctsv.uit.edu.vn/sites/default/files/202307/93_tb_dhcntt_18_7_2023.pdf,manifested,True,,
https://ctsv.uit.edu.vn/bai-viet/thong-bao-trien-khai-hoc-bong-uit-global-tu-hoc-ky-1-nam-hoc-2025-2026,https://ctsv.uit.edu.vn/sites/default/files/uploads/files/202509/1026_qd_dhcntt29_08_2025_scan.pdf,manifested,True,,
https://ctsv.uit.edu.vn/bai-viet/thong-bao-trien-khai-hoc-bong-uit-global-tu-hoc-ky-1-nam-hoc-2026-2027,https://ctsv.uit.edu.vn/sites/default/files/uploads/files/202607/803_qd_dhcntt_07_7_2026_scan.pdf,manifested,True,,
https://ctsv.uit.edu.vn/bai-viet/thong-bao-tuan-shcd-sv-dau-nam,https://ctsv.uit.edu.vn/sites/default/files/attachments/article/228/TB%20Tuan%20SHCD%20dau%20nam%20NH%202013-2014.pdf,manifested,True,,
https://ctsv.uit.edu.vn/bai-viet/thong-bao-tuan-shcd-sv-dau-nam,"https://ctsv.uit.edu.vn/sites/default/files/attachments/article/228/DS%20Tham%20gia%20TSHCD%20dau%20nam%20K5,6,7.xls",manifested,True,,
https://ctsv.uit.edu.vn/bai-viet/thong-bao-ve-ket-qua-kiem-tra-danh-gia-tuan-sinh-hoat-cong-dan-sinh-vien-dau-khoa-2016,https://ctsv.uit.edu.vn/sites/default/files/201609/ketqua_shcdsv_dk_2016.pdf,manifested,True,,
https://ctsv.uit.edu.vn/bai-viet/thong-bao-ve-thoi-gian-hoat-dong-cua-khong-gian-chia-se,https://ctsv.uit.edu.vn/sites/default/files/202006/tb_hoat_dong_kgcs.pdf,manifested,True,,
https://ctsv.uit.edu.vn/bai-viet/thong-bao-ve-thoi-han-su-dung-cac-tai-khoan-cap-cho-sinh-vien,https://ctsv.uit.edu.vn/sites/default/files/201609/36_tb_dhcntt_ctsv.pdf,manifested,True,,
https://ctsv.uit.edu.vn/bai-viet/thong-bao-ve-viec-bo-tri-sinh-vien-o-ky-tuc-xa-trong-tinh-hinh-trien-khai-phong-chong-dich,https://ctsv.uit.edu.vn/sites/default/files/202003/tb_so_128.tb-ttqlktx_v.v_bo_tri_sinh_vien_o_ky_tuc_xa_trong_tinh_hinh_trien_khai_phong_chong_dich_benh_viem_duong_ho_hap_cap_covid-19.pdf,manifested,True,,
https://ctsv.uit.edu.vn/bai-viet/thong-bao-ve-viec-cap-nhat-thong-tin-ca-nhan-sinh-vien-tren-trang-ly-lich-sinh-vien,https://ctsv.uit.edu.vn/sites/default/files/202203/40_tb_dhcntt30_3_2022_scan.pdf,manifested,True,,
https://ctsv.uit.edu.vn/bai-viet/thong-bao-ve-viec-chu-y-khi-di-chuyen-gan-cac-cong-trinh-xay-dung,https://ctsv.uit.edu.vn/sites/default/files/201803/07scan0001.pdf,manifested,True,,
https://ctsv.uit.edu.vn/bai-viet/thong-bao-ve-viec-chuc-cac-hoat-dong-duc-thao-sinh-vien-mon-bong-ro-nam-2024,https://ctsv.uit.edu.vn/sites/default/files/uploads/files/202402/mau_ds_uit_sport_2024.xlsx,manifested,True,,
https://ctsv.uit.edu.vn/bai-viet/thong-bao-ve-viec-chuc-cac-hoat-dong-duc-thao-sinh-vien-mon-co-vua-nam-2023,https://ctsv.uit.edu.vn/sites/default/files/202303/07_tb_ctsv.pdf,manifested,True,,
https://ctsv.uit.edu.vn/bai-viet/thong-bao-ve-viec-chuc-thi-lai-tuan-sinh-hoat-cong-dan-sinh-vien-dau-khoa-dau-nam-va-ket,https://ctsv.uit.edu.vn/sites/default/files/201601/ds4.pdf,manifested,True,,
https://ctsv.uit.edu.vn/bai-viet/thong-bao-ve-viec-cung-cap-thong-tin-ho-so-dich-te-cua-sinh-vien,https://ctsv.uit.edu.vn/sites/default/files/202002/19_tb_dhcntt_27_2_2019.pdf,manifested,True,,
https://ctsv.uit.edu.vn/bai-viet/thong-bao-ve-viec-danh-gia-ket-qua-ren-luyen-sinh-vien-hoc-ky-1-nam-hoc-2022-2023,https://ctsv.uit.edu.vn/sites/default/files/202303/06_tb_drl_1_2022-2023.pdf,manifested,True,,
https://ctsv.uit.edu.vn/bai-viet/thong-bao-ve-viec-danh-gia-ket-qua-ren-luyen-sinh-vien-hoc-ky-1-nam-hoc-2024-2025,https://ctsv.uit.edu.vn/sites/default/files/uploads/files/202502/22_tb_ctsv_drl.pdf,manifested,True,,
https://ctsv.uit.edu.vn/bai-viet/thong-bao-ve-viec-danh-gia-ket-qua-ren-luyen-sinh-vien-hoc-ky-2-nam-hoc-2020-2021,https://ctsv.uit.edu.vn/sites/default/files/202109/tb_drl_2_2020-2021_0.pdf,manifested,True,,
https://ctsv.uit.edu.vn/bai-viet/thong-bao-ve-viec-danh-gia-ket-qua-ren-luyen-sinh-vien-hoc-ky-2-nam-hoc-2021-2022,https://ctsv.uit.edu.vn/sites/default/files/202210/31_tb_ctsv3_10_2022_scan.pdf,manifested,True,,
https://ctsv.uit.edu.vn/bai-viet/thong-bao-ve-viec-danh-gia-ket-qua-ren-luyen-sinh-vien-hoc-ky-2-nam-hoc-2021-2022,https://ctsv.uit.edu.vn/sites/default/files/202210/mau_bb_hop_xet_drl.docx,manifested,True,,
https://ctsv.uit.edu.vn/bai-viet/thong-bao-ve-viec-gia-han-hoc-phi-hoc-ky-1-nam-hoc-2021-2022-lan-2,https://ctsv.uit.edu.vn/sites/default/files/202310/thong_bao_gia_han_hoc_phi_hk1_nh_2021-2022_-_lan_2.pdf,manifested,True,,
https://ctsv.uit.edu.vn/bai-viet/thong-bao-ve-viec-gia-han-hoc-phi-hoc-ky-nam-hoc-2021-2022-lan-3,https://ctsv.uit.edu.vn/sites/default/files/202110/thong_bao_gia_han_hoc_phi_hk1_nh_2021-2022_-_lan_3_0.pdf,manifested,True,,
https://ctsv.uit.edu.vn/bai-viet/thong-bao-ve-viec-gia-han-hoc-phi-hoc-ky-nam-hoc-2021-2022-lan-4,https://ctsv.uit.edu.vn/sites/default/files/202111/thong-bao-gia-han-hoc-phi-hk1-nh-2021-2022-lan-4.pdf,manifested,True,,
https://ctsv.uit.edu.vn/bai-viet/thong-bao-ve-viec-khao-sat-y-kien-sinh-vien-truoc-khi-quay-tro-lai-hoc-tap-truc-tiep,https://ctsv.uit.edu.vn/sites/default/files/202201/tbvv_khao_sat_y_kien_sv_truoc_khi_tro_lai_hoc_tap_truc_tiep_0.pdf,manifested,True,,
https://ctsv.uit.edu.vn/bai-viet/thong-bao-ve-viec-kiem-tra-bo-sung-ho-so-chinh-sach-sinh-vien,https://ctsv.uit.edu.vn/sites/default/files/201611/dssv_nop_hs_mghp_hk1_2016-2017_0.xls,manifested,True,,
https://ctsv.uit.edu.vn/bai-viet/thong-bao-ve-viec-kiem-tra-bo-sung-ho-so-chinh-sach-sinh-vien-hk2-nam-hoc-2016-2017,https://ctsv.uit.edu.vn/sites/default/files/201703/dssv_nop_hs_mghp_hk2_2016-2017.xls,manifested,True,,
https://ctsv.uit.edu.vn/bai-viet/thong-bao-ve-viec-kiem-tra-ho-so-chinh-sach-sinh-vien,https://ctsv.uit.edu.vn/sites/default/files/201605/dssv_nop_ho_so_chinh_sach_0.xlsx,manifested,True,,
https://ctsv.uit.edu.vn/bai-viet/thong-bao-ve-viec-kiem-tra-ho-so-chinh-sach-sinh-vien-hoc-ky-1-nam-hoc-2019-2020,https://ctsv.uit.edu.vn/sites/default/files/201910/dssv_nop_ho_so_0.pdf,manifested,True,,
https://ctsv.uit.edu.vn/bai-viet/thong-bao-ve-viec-kiem-tra-ho-so-chinh-sach-sinh-vien-hoc-ky-1-nam-hoc-2019-2020,https://ctsv.uit.edu.vn/sites/default/files/201910/dssv_du_kien_xet_mghp_hk1_2019-2020.pdf,manifested,True,,
https://ctsv.uit.edu.vn/bai-viet/thong-bao-ve-viec-kiem-tra-ho-so-chinh-sach-sinh-vien-hoc-ky-1-nam-hoc-2019-2020,https://ctsv.uit.edu.vn/sites/default/files/201910/dssv_du_kien_xet_tro_cap_xa_hoi_hk_1_2019-2020.pdf,manifested,True,,
https://ctsv.uit.edu.vn/bai-viet/thong-bao-ve-viec-kiem-tra-ho-so-chinh-sach-sinh-vien-hoc-ky-2-nam-hoc-2018-2019,https://ctsv.uit.edu.vn/sites/default/files/201903/dssv_nop_ho_so_che_do_chinh_sach_hk2_nam_hoc_2018-2019.pdf,manifested,True,,
https://ctsv.uit.edu.vn/bai-viet/thong-bao-ve-viec-kiem-tra-ho-so-chinh-sach-sinh-vien-hoc-ky-2-nam-hoc-2018-2019,https://ctsv.uit.edu.vn/sites/default/files/201903/dssv_duoc_mghp_hk2_2018-2019_-_du_kien.pdf,manifested,True,,
https://ctsv.uit.edu.vn/bai-viet/thong-bao-ve-viec-kiem-tra-ho-so-chinh-sach-sinh-vien-hoc-ky-2-nam-hoc-2018-2019,https://ctsv.uit.edu.vn/sites/default/files/201903/dssv_duoc_huong_tro_cap_xa_hoi_-hk2_nam_hoc_2018-2019_-_du_kien.pdf,manifested,True,,
https://ctsv.uit.edu.vn/bai-viet/thong-bao-ve-viec-lam-le-tot-nghiep-va-trao-bang-dot-1-nam-2016,https://ctsv.uit.edu.vn/sites/default/files/201605/tb_le_trao_bang_dot_1-_2016_-_final.pdf,manifested,True,,
https://ctsv.uit.edu.vn/bai-viet/thong-bao-ve-viec-lam-le-tot-nghiep-va-trao-bang-dot-2-nam-2015,https://ctsv.uit.edu.vn/sites/default/files/201512/tb_le_trao_bang_dot_2-_2015.pdf,manifested,True,,
https://ctsv.uit.edu.vn/bai-viet/thong-bao-ve-viec-lam-le-tot-nghiep-va-trao-bang-dot-2-nam-2017,https://ctsv.uit.edu.vn/sites/default/files/201712/thong_bao_le_tot_nghiep_dot_2_nam_2017.pdf,manifested,True,,
https://ctsv.uit.edu.vn/bai-viet/thong-bao-ve-viec-lay-thong-tin-noi-cu-tru-doi-voi-sinh-vien-khoa-456,https://ctsv.uit.edu.vn/sites/default/files/attachments/article/215/THONG%20BAO%20NOI%20CUTRU%20SV%20K456.doc,manifested,True,,
https://ctsv.uit.edu.vn/bai-viet/thong-bao-ve-viec-lay-thong-tin-noi-cu-tru-doi-voi-sinh-vien-khoa-456,https://ctsv.uit.edu.vn/sites/default/files/attachments/article/215/Mau%201%20KV%20-%20Don%20xac%20nhan%20hanh%20kiem%20SV%20tai%20noi%20cu%20tru.doc,manifested,True,,
https://ctsv.uit.edu.vn/bai-viet/thong-bao-ve-viec-lay-thong-tin-noi-cu-tru-doi-voi-sinh-vien-khoa-456,https://ctsv.uit.edu.vn/sites/default/files/attachments/article/215/Mau%202%20KTX%20-%20Don%20xac%20nhan%20hanh%20kiem%20SV%20tai%20noi%20cu%20tru.doc,manifested,True,,
https://ctsv.uit.edu.vn/bai-viet/thong-bao-ve-viec-nghiem-tuc-thuc-hien-cac-noi-dung-van-minh-hoc-duong,https://ctsv.uit.edu.vn/sites/default/files/201607/16_tb_ctsv07_7_2016.pdf,manifested,True,,
https://ctsv.uit.edu.vn/bai-viet/thong-bao-ve-viec-noi-ngoai-tru-doi-voi-sinh-vien-khoa-7-nam-nhat,https://ctsv.uit.edu.vn/sites/default/files/attachments/article/185/DS%20SV%20O%20KTX%20NAM%202012-2013.xls,manifested,True,,
https://ctsv.uit.edu.vn/bai-viet/thong-bao-ve-viec-noi-ngoai-tru-doi-voi-sinh-vien-khoa-7-nam-nhat,https://ctsv.uit.edu.vn/sites/default/files/attachments/article/185/DS%20SV%20O%20KTX%20XHH%202012-2013.xls,manifested,True,,
https://ctsv.uit.edu.vn/bai-viet/thong-bao-ve-viec-noi-ngoai-tru-doi-voi-sinh-vien-khoa-7-nam-nhat,https://ctsv.uit.edu.vn/sites/default/files/attachments/article/185/Mau%20Don%20xac%20nhan%20hanh%20kiem%20SV%20o%20noi%20tru%20-%20KTX.doc,manifested,True,,
https://ctsv.uit.edu.vn/bai-viet/thong-bao-ve-viec-noi-ngoai-tru-doi-voi-sinh-vien-khoa-7-nam-nhat,https://ctsv.uit.edu.vn/sites/default/files/attachments/article/185/Mau%20Don%20xac%20nhan%20hanh%20kiem%20SV%20o%20ngoai%20tru.doc,manifested,True,,
https://ctsv.uit.edu.vn/bai-viet/thong-bao-ve-viec-nop-phieu-xac-nhan-sinh-vien-noi-cu-tru-tu-khoa-2017-tro-ve-truoc,https://ctsv.uit.edu.vn/sites/default/files/201806/mau_phieu_xac_nhan_noi_cu_tru_2018_nhom_1.docx,manifested,True,,
https://ctsv.uit.edu.vn/bai-viet/thong-bao-ve-viec-nop-phieu-xac-nhan-sinh-vien-noi-cu-tru-tu-khoa-2017-tro-ve-truoc,https://ctsv.uit.edu.vn/sites/default/files/201806/mau_phieu_xac_nhan_noi_cu_tru_2018.docx,manifested,True,,
https://ctsv.uit.edu.vn/bai-viet/thong-bao-ve-viec-nop-phieu-xac-nhan-sinh-vien-noi-cu-tru-tu-khoa-2018-tro-ve-truoc,https://ctsv.uit.edu.vn/sites/default/files/201907/tbscan0001.pdf,manifested,True,,
https://ctsv.uit.edu.vn/bai-viet/thong-bao-ve-viec-phat-sinh-vien-va-qua-tang-cho-sinh-vien-khoa-2021,https://ctsv.uit.edu.vn/sites/default/files/202202/14_tb_dhcntt_22_02_2022_220223_083434.pdf,manifested,True,,
https://ctsv.uit.edu.vn/bai-viet/thong-bao-ve-viec-quan-ly-cac-hoat-dong-co-tinh-diem-ren-luyen-sinh-vien,https://ctsv.uit.edu.vn/sites/default/files/201703/12_tb_dhcntt_ctsv_07_4_2014.pdf,manifested,True,,
https://ctsv.uit.edu.vn/bai-viet/thong-bao-ve-viec-quan-ly-cac-hoat-dong-tinh-drl-sinh-vien,https://ctsv.uit.edu.vn/sites/default/files/attachments/article/270/12_TB_DHCNTT_CTSV%2007_4_2014.pdf,manifested,True,,
https://ctsv.uit.edu.vn/bai-viet/thong-bao-ve-viec-tham-du-le-tot-nghiep-dot-1-nam-2024-va-danh-sach-xep-cho,https://ctsv.uit.edu.vn/sites/default/files/uploads/files/202406/sang_8-6.pdf,manifested,True,,
https://ctsv.uit.edu.vn/bai-viet/thong-bao-ve-viec-tham-du-le-tot-nghiep-dot-1-nam-2024-va-danh-sach-xep-cho,https://ctsv.uit.edu.vn/sites/default/files/uploads/files/202405/chieu_8-6.pdf,manifested,True,,
https://ctsv.uit.edu.vn/bai-viet/thong-bao-ve-viec-tham-du-le-tot-nghiep-dot-2-nam-2022-va-danh-sach-xep-cho,https://ctsv.uit.edu.vn/sites/default/files/202209/ltn-2022-2_1.pdf,manifested,True,,
https://ctsv.uit.edu.vn/bai-viet/thong-bao-ve-viec-tham-du-le-tot-nghiep-dot-2-nam-2023-va-danh-sach-xep-cho,https://ctsv.uit.edu.vn/sites/default/files/uploads/files/202311/xepcho_sang.pdf,manifested,True,,
https://ctsv.uit.edu.vn/bai-viet/thong-bao-ve-viec-tham-du-le-tot-nghiep-dot-2-nam-2023-va-danh-sach-xep-cho,https://ctsv.uit.edu.vn/sites/default/files/uploads/files/202311/xepcho_chieu.pdf,manifested,True,,
https://ctsv.uit.edu.vn/bai-viet/thong-bao-ve-viec-tham-du-le-tot-nghiep-dot-2-nam-2024-va-danh-sach-xep-cho,https://ctsv.uit.edu.vn/sites/default/files/uploads/files/202411/sang_28-11.pdf,manifested,True,,
https://ctsv.uit.edu.vn/bai-viet/thong-bao-ve-viec-tham-du-le-tot-nghiep-dot-2-nam-2024-va-danh-sach-xep-cho,https://ctsv.uit.edu.vn/sites/default/files/uploads/files/202411/chieu_28-11.pdf,manifested,True,,
https://ctsv.uit.edu.vn/bai-viet/thong-bao-ve-viec-tham-du-le-tot-nghiep-dot-2-nam-2025-va-danh-sach-xep-cho,https://ctsv.uit.edu.vn/sites/default/files/uploads/files/202511/sang_27-11.pdf,manifested,True,,
https://ctsv.uit.edu.vn/bai-viet/thong-bao-ve-viec-tham-du-le-tot-nghiep-dot-2-nam-2025-va-danh-sach-xep-cho,https://ctsv.uit.edu.vn/sites/default/files/uploads/files/202511/chieu_27-11.pdf,manifested,True,,
https://ctsv.uit.edu.vn/bai-viet/thong-bao-ve-viec-tham-du-le-tot-nghiep-dot-2-nam-2025-va-danh-sach-xep-cho,https://ctsv.uit.edu.vn/sites/default/files/uploads/files/202511/sang_28-11_0.pdf,manifested,True,,
https://ctsv.uit.edu.vn/bai-viet/thong-bao-ve-viec-tham-du-le-tot-nghiep-dot-3-nam-2022-va-danh-sach-xep-cho,https://ctsv.uit.edu.vn/sites/default/files/202212/ds_xepcho_7-12.pdf,manifested,True,,
https://ctsv.uit.edu.vn/bai-viet/thong-bao-ve-viec-thuc-hien-khao-sat-nhu-cau-vay-tin-dung-cua-sinh-vien-dhqg-hcm,https://ctsv.uit.edu.vn/sites/default/files/202208/23_tb_ctsv-25_8_2022.pdf,manifested,True,,
https://ctsv.uit.edu.vn/bai-viet/thong-bao-ve-viec-thuc-hien-nghi-thuc-chao-co-quoc-va-sinh-hoat-duoi-co-sang-thu-hai-hang,https://ctsv.uit.edu.vn/sites/default/files/202208/20_tb_ctsv-05_8_2022.pdf,manifested,True,,
https://ctsv.uit.edu.vn/bai-viet/thong-bao-ve-viec-tiep-nhan-sinh-vien-cu-dang-noi-tru-dang-ky-o-nam-hoc-2021-2022-dot-2-va,https://ctsv.uit.edu.vn/sites/default/files/202109/thong_bao_ve_viec_tiep_nhan_sinh_vien_dang_noi_tru_dang_ky_o_nh_2021-2022_dot_2_va_huong_dan_thu_tuc_chuyen_phong_cho_sinh_vien_da_duoc_xet_duyet_dot_1.pdf,manifested,True,,
https://ctsv.uit.edu.vn/bai-viet/thong-bao-ve-viec-trien-khai-kenh-thong-tin-lien-lac-voi-phu-huynh,https://ctsv.uit.edu.vn/sites/default/files/201512/85-dhcntt-dtdh3-12-15.pdf,manifested,True,,
https://ctsv.uit.edu.vn/bai-viet/thong-bao-ve-viec-trien-khai-truc-tuyen-ho-tro-tu-van-tam-ly-cua-khong-gian-chia-se-trong,https://ctsv.uit.edu.vn/sites/default/files/202002/tb_hoat_dong_kgcs_thang_2.pdf,manifested,True,,
https://ctsv.uit.edu.vn/bai-viet/thong-bao-ve-viec-tu-van-tam-ly-truc-tuyen-cua-khong-gian-chia-se-trong-he,https://ctsv.uit.edu.vn/sites/default/files/202008/thong-bao-kgcs.pdf,manifested,True,,
https://ctsv.uit.edu.vn/bai-viet/thong-bao-viec-nop-ho-so-xet-ho-tro-hoc-phi-quy-156,https://ctsv.uit.edu.vn/sites/default/files/attachments/article/246/Thong%20bao%20Quy%20156.doc,manifested,True,,
https://ctsv.uit.edu.vn/bai-viet/thong-bao-vv-chuc-le-tot-nghiep-va-trao-bang-dot-1-nam-2019,https://ctsv.uit.edu.vn/sites/default/files/201905/tb_le_tn_dot_1_2019.pdf,manifested,True,,
https://ctsv.uit.edu.vn/bai-viet/thong-bao-vv-chuc-le-tot-nghiep-va-trao-bang-dot-1-nam-2022,https://ctsv.uit.edu.vn/sites/default/files/202206/tb_ltn_nam_2022.pdf,manifested,True,,
https://ctsv.uit.edu.vn/bai-viet/thong-bao-vv-chuc-le-tot-nghiep-va-trao-bang-nam-2020,https://ctsv.uit.edu.vn/sites/default/files/202012/tb_ltn_nam_2020_0.pdf,manifested,True,,
https://ctsv.uit.edu.vn/bai-viet/thong-bao-vv-chuc-vinh-danh-chuc-mung-tot-nghiep-cho-tien-si-thac-si-ky-su-cu-nhan-nam-2021,https://ctsv.uit.edu.vn/sites/default/files/202112/tb-ctsv_vv_to_chuc_le_tot_nghiep_2021.pdf,manifested,True,,
https://ctsv.uit.edu.vn/bai-viet/thong-bao-vv-dam-bao-tiem-du-vac-xin-phong-covid-19-khi-hoc-tap-tai-truong,https://ctsv.uit.edu.vn/sites/default/files/202202/05_tb_dhcntt_09_02_2022.pdf,manifested,True,,
https://ctsv.uit.edu.vn/bai-viet/thong-bao-vv-dang-ky-va-thanh-lap-doi-tuyen-tham-gia-hoi-thao-sinh-vien-dhqg-hcm-lan-xi-nam,https://ctsv.uit.edu.vn/sites/default/files/201703/tb062017-_tham_gia_hoi_thao_sv_dhqg_2017.pdf,manifested,True,,
https://ctsv.uit.edu.vn/bai-viet/thong-bao-vv-dang-ky-va-thanh-lap-doi-tuyen-tham-gia-hoi-thao-sinh-vien-dhqg-hcm-lan-xi-nam,https://ctsv.uit.edu.vn/sites/default/files/201703/dieu_le_hoi_thao_2017_-_format_-_200317.pdf,manifested,True,,
https://ctsv.uit.edu.vn/bai-viet/thong-bao-vv-dieu-chinh-thoi-gian-nop-ho-so-sinh-vien-khoa-2021,https://ctsv.uit.edu.vn/sites/default/files/202109/12_tb_ctsv14_09_2021_tb_dieu_chinh_thoi_gian_nop_ho_so_sinh_vien_khoa_2021.pdf,manifested,True,,
https://ctsv.uit.edu.vn/bai-viet/thong-bao-vv-hoc-bong-cua-sinh-vien-chuong-trinh-chat-luong-cao-chuong-trinh-tien-tien,https://ctsv.uit.edu.vn/sites/default/files/202109/62_tb_dhcntt.pdf,manifested,True,,
https://ctsv.uit.edu.vn/bai-viet/thong-bao-vv-kiem-tra-tinh-trang-va-bo-sung-ho-so-sinh-vien-khoa-2021,https://ctsv.uit.edu.vn/sites/default/files/202111/22_tb_ctsv10_11_2021_tb_bo_sung_ho_so_sinh_vien_khoa_2021.pdf,manifested,True,,
https://ctsv.uit.edu.vn/bai-viet/thong-bao-vv-kiem-tra-va-cap-nhat-thong-tin-ca-nhan-cua-sinh-vien,https://ctsv.uit.edu.vn/sites/default/files/202109/11_tb_ctsv09_09_2021_tb_cap_nhat_thong_tin_ca_nhan_cua_sinh_vien.pdf,manifested,True,,
https://ctsv.uit.edu.vn/bai-viet/thong-bao-vv-nghi-trua-cho-sinh-vien,https://ctsv.uit.edu.vn/sites/default/files/202011/tb_viec_nghi_trua_sv_1.pdf,manifested,True,,
https://ctsv.uit.edu.vn/bai-viet/thong-bao-vv-nop-xac-nhan-sinh-vien-noi-cu-tru,https://ctsv.uit.edu.vn/sites/default/files/202207/mau_phieu_xac_nhan_noi_cu_tru_2022_nhom.docx,manifested,True,,
https://ctsv.uit.edu.vn/bai-viet/thong-bao-vv-nop-xac-nhan-sinh-vien-noi-cu-tru,https://ctsv.uit.edu.vn/sites/default/files/202207/mau_phieu_xac_nhan_noi_cu_tru_2022.docx,manifested,True,,
https://ctsv.uit.edu.vn/bai-viet/thong-bao-vv-nop-ho-so-sinh-vien-khoa-2021,https://ctsv.uit.edu.vn/sites/default/files/202110/14_tb_ctsv01_10_2021_tb_thoi_gian_nop_ho_so_sinh_vien_khoa_2021.pdf,manifested,True,,
https://ctsv.uit.edu.vn/bai-viet/thong-bao-vv-sinh-vien-dang-ky-xet-chon-guong-dien-hinh-tien-tien-giai-doan-2023-2025-nam,https://ctsv.uit.edu.vn/sites/default/files/202306/68_tb_dhcntt16_06_2023_scan.pdf,manifested,True,,
https://ctsv.uit.edu.vn/bai-viet/thong-bao-vv-su-dung-cac-tai-nguyen-phuc-vu-hoc-tap,https://ctsv.uit.edu.vn/sites/default/files/201908/19_tb-ctsv.pdf,manifested,True,,
https://ctsv.uit.edu.vn/bai-viet/thong-bao-vv-tam-hoan-chuc-le-tot-nghiep-va-trao-bang-tien-si-thac-si-ky-su-cu-nhan-dot-1,https://ctsv.uit.edu.vn/sites/default/files/202105/tb_tam_hoan_to_chuc_le_tn_dot_1-_2021.pdf,manifested,True,,
https://ctsv.uit.edu.vn/bai-viet/thong-bao-vv-tan-sinh-vien-khoa-2021-dang-ky-noi-kham-chua-benh-ban-dau-theo-bhyt-3-thang,https://ctsv.uit.edu.vn/sites/default/files/202109/ds_benh_vien_nhan_dang_ky_kcb_quy_4-2021.xlsx,manifested,True,,
https://ctsv.uit.edu.vn/bai-viet/thong-bao-vv-thanh-lap-quy-hoc-bong-danh-cho-sinh-vien-bi-anh-huong-boi-dich-viem-duong-ho,https://ctsv.uit.edu.vn/sites/default/files/202003/tb_quy_hb_covid19.pdf,manifested,True,,
https://ctsv.uit.edu.vn/bai-viet/thong-bao-vv-thay-doi-thoi-gian-chuc-le-tot-nghiep-dot-1-nam-2020,https://ctsv.uit.edu.vn/sites/default/files/202005/08tb-ctsv-thoi_gian_le_tot_nghiep.pdf,manifested,True,,
https://ctsv.uit.edu.vn/bai-viet/thong-bao-xet-hoc-bong-khuyen-khich-hoc-tap-cho-sinh-vien-hoc-ky-2-nam-hoc-2020-2021,https://ctsv.uit.edu.vn/sites/default/files/202109/61_tb-dk-hb-kkht-hk2-2020-2021_0.pdf,manifested,True,,
https://ctsv.uit.edu.vn/bai-viet/thong-bao-xet-khen-thuong-giay-khen-giam-doc-dhqg-hcm-nam-hoc-2021-2022,https://ctsv.uit.edu.vn/sites/default/files/202208/1133_qd_dhqg_15_8_2022.pdf,manifested,True,,
https://ctsv.uit.edu.vn/bai-viet/thong-bao-xet-khen-thuong-giay-khen-giam-doc-dhqg-hcm-nam-hoc-2023-2024,https://ctsv.uit.edu.vn/sites/default/files/202208/1133_qd_dhqg_15_8_2022.pdf,manifested,True,,
https://ctsv.uit.edu.vn/bai-viet/thong-bao-xet-khen-thuong-giay-khen-giam-doc-dhqg-hcm-nam-hoc-2023-2024,https://ctsv.uit.edu.vn/sites/default/files/uploads/files/202410/1464_qd_dhqg.pdf,failed_terminal,True,,404 Client Error: Not Found for url: https://ctsv.uit.edu.vn/sites/default/files/uploads/files/202410/1464_qd_dhqg.pdf
https://ctsv.uit.edu.vn/bai-viet/thong-bao-xet-khen-thuong-giay-khen-giam-doc-dhqg-hcm-nam-hoc-2024-2025,https://ctsv.uit.edu.vn/sites/default/files/202208/1133_qd_dhqg_15_8_2022.pdf,manifested,True,,
https://ctsv.uit.edu.vn/bai-viet/thong-bao-xet-tuyen-sinh-vien-tham-gia-dien-dan-thu-linh-sinh-vien-asean-2013,https://ctsv.uit.edu.vn/sites/default/files/attachments/article/186/CV450_130506_Tuyen%20SV%20tham%20gia%20ASLF2013.pdf,manifested,True,,
https://ctsv.uit.edu.vn/bai-viet/thong-bao-xet-tuyen-sinh-vien-tham-gia-dien-dan-thu-linh-sinh-vien-asean-2013,https://ctsv.uit.edu.vn/sites/default/files/attachments/article/186/Tentative%20Schedule.pdf,manifested,True,,
https://ctsv.uit.edu.vn/bai-viet/quyet-dinh-so-1382024-doi-ten-va-thanh-lap-lop-sinh-vien-van-bang-2-khoa-2023-0,https://ctsv.uit.edu.vn/sites/default/files/uploads/files/202403/138_qd_dhcntt23_02_2024_scan.pdf,manifested,True,,
https://ctsv.uit.edu.vn/bai-viet/quyet-dinh-so-7452022-thanh-lap-lop-sinh-vien-van-bang-2-khoa-2022,https://ctsv.uit.edu.vn/sites/default/files/202210/745_qd_dhcntt19_9_2022_scan.pdf,manifested,True,,
https://daa.uit.edu.vn/content/chuong-trinh-dao-tao-cu?page=1,https://daa.uit.edu.vn/sites/daa/files/files/CTDT_KHMT_khoa%201.pdf,manifested,True,,
https://daa.uit.edu.vn/content/chuong-trinh-dao-tao-cu?page=1,https://daa.uit.edu.vn/sites/daa/files/files/CTDT_KHMT_khoa%202.pdf,manifested,True,,
https://daa.uit.edu.vn/content/chuong-trinh-dao-tao-cu?page=1,https://daa.uit.edu.vn/sites/daa/files/files/CTDT_KHMT_khoa%203.pdf,manifested,True,,
https://daa.uit.edu.vn/content/chuong-trinh-dao-tao-cu?page=1,https://daa.uit.edu.vn/sites/daa/files/files/CTDT_KHMT_khoa%204.pdf,manifested,True,,
https://daa.uit.edu.vn/content/chuong-trinh-dao-tao-cu?page=1,https://daa.uit.edu.vn/sites/daa/files/files/CTDT_CNPM_khoa1.pdf,manifested,True,,
https://daa.uit.edu.vn/content/chuong-trinh-dao-tao-cu?page=1,https://daa.uit.edu.vn/sites/daa/files/files/CTDT_CNPM_khoa2.pdf,manifested,True,,
https://daa.uit.edu.vn/content/chuong-trinh-dao-tao-cu?page=1,https://daa.uit.edu.vn/sites/daa/files/files/CTDT_HTTT_khoa%201.pdf,manifested,True,,
https://daa.uit.edu.vn/content/chuong-trinh-dao-tao-cu?page=1,https://daa.uit.edu.vn/sites/daa/files/files/CTDT_HTTT_khoa%202.pdf,manifested,True,,
https://daa.uit.edu.vn/content/chuong-trinh-dao-tao-cu?page=1,https://daa.uit.edu.vn/sites/daa/files/files/CTDT_HTTT_khoa%203.pdf,manifested,True,,
https://daa.uit.edu.vn/content/chuong-trinh-dao-tao-cu?page=1,https://daa.uit.edu.vn/sites/daa/files/files/CTDT_HTTT_khoa%204.pdf,manifested,True,,
https://daa.uit.edu.vn/content/chuong-trinh-dao-tao-cu?page=1,https://daa.uit.edu.vn/sites/daa/files/files/CTDT_HTTT_khoa%205.pdf,manifested,True,,
https://daa.uit.edu.vn/content/chuong-trinh-dao-tao-cu?page=1,https://daa.uit.edu.vn/sites/daa/files/files/CTDT_KTMT_khoa%201.pdf,manifested,True,,
https://daa.uit.edu.vn/content/chuong-trinh-dao-tao-cu?page=1,https://daa.uit.edu.vn/sites/daa/files/files/CTDT_KTMT_khoa%202.pdf,manifested,True,,
https://daa.uit.edu.vn/content/chuong-trinh-dao-tao-cu?page=1,https://daa.uit.edu.vn/sites/daa/files/files/CTDT_KTMT_khoa%203.pdf,manifested,True,,
https://daa.uit.edu.vn/content/chuong-trinh-dao-tao-cu?page=1,https://daa.uit.edu.vn/sites/daa/files/files/CTDT_KTMT_khoa%204.pdf,manifested,True,,
https://daa.uit.edu.vn/content/chuong-trinh-dao-tao-cu?page=1,https://daa.uit.edu.vn/sites/daa/files/files/CTDT_KTMT_khoa%205.pdf,manifested,True,,
https://daa.uit.edu.vn/content/chuong-trinh-dao-tao-cu?page=1,https://daa.uit.edu.vn/sites/daa/files/files/CTDT_MMT_khoa%201.pdf,manifested,True,,
https://daa.uit.edu.vn/content/chuong-trinh-dao-tao-cu?page=1,https://daa.uit.edu.vn/sites/daa/files/files/CTDT_MMT_khoa%202.pdf,manifested,True,,
https://daa.uit.edu.vn/content/chuong-trinh-dao-tao-cu?page=1,https://daa.uit.edu.vn/sites/daa/files/files/CTDT_CUNHANTAINANG_khoa%201.pdf,manifested,True,,
https://daa.uit.edu.vn/content/chuong-trinh-dao-tao-cu?page=1,https://daa.uit.edu.vn/sites/daa/files/files/CTDT_CUNHANTAINANG_khoa%202.pdf,manifested,True,,
https://daa.uit.edu.vn/content/chuong-trinh-dao-tao-cu?page=1,https://daa.uit.edu.vn/sites/daa/files/files/CTDT_CUNHANTAINANG_khoa%203.pdf,manifested,True,,
https://daa.uit.edu.vn/content/chuong-trinh-dao-tao-cu?page=1,https://daa.uit.edu.vn/sites/daa/files/files/CTDT_CUNHANTAINANG_khoa%204.pdf,manifested,True,,
https://daa.uit.edu.vn/ke-hoach-chuc-hoc-gdqpan-khoa-tuyen-nam-2025,https://daa.uit.edu.vn/sites/daa/files/202605/ioc-cv_gui_truong_dh_cong_nghe_thong_tin.pdf,manifested,True,,
https://daa.uit.edu.vn/27-huong-dan-dang-ky-hoc-phan-cho-sinh-vien,https://daa.uit.edu.vn/sites/daa/files/202312/dkhp_doc_0.pdf,manifested,True,,
https://daa.uit.edu.vn/bieu-mau-khoa-luan-tot-nghiep-danh-cho-sinh-vien,https://daa.uit.edu.vn/sites/daa/files/202403/mau_don_xin_doi_gvhd_kltn.docx,manifested,True,,
https://daa.uit.edu.vn/bieu-mau-khoa-luan-tot-nghiep-danh-cho-sinh-vien,https://daa.uit.edu.vn/sites/daa/files/202403/mau_don_xin_doi_ten_de_tai_kltn.docx,manifested,True,,
https://daa.uit.edu.vn/bieu-mau-khoa-luan-tot-nghiep-danh-cho-sinh-vien,https://daa.uit.edu.vn/sites/daa/files/202403/mau_don_xin_gia_han_de_tai_kltn.docx,manifested,True,,
https://daa.uit.edu.vn/bieu-mau-khoa-luan-tot-nghiep-danh-cho-sinh-vien,https://daa.uit.edu.vn/sites/daa/files/202403/phu_luc_de_cuong_chi_tiet.doc,manifested,True,,
https://daa.uit.edu.vn/bieu-mau-khoa-luan-tot-nghiep-danh-cho-sinh-vien,https://daa.uit.edu.vn/sites/daa/files/202403/phuluc2_hinhthuctrinhbay.docx,manifested,True,,
https://daa.uit.edu.vn/bieu-mau-khoa-luan-tot-nghiep-danh-cho-sinh-vien,https://daa.uit.edu.vn/sites/daa/files/202403/phuluc3_maubaocao.docx,manifested,True,,
https://daa.uit.edu.vn/danh-muc-mon-hoc-dai-hoc?page=1,https://daa.uit.edu.vn/sites/daa/files/uploads/53_qd_dhcntt_19_2_2019scan.pdf,manifested,True,,
https://daa.uit.edu.vn/lichphong,https://daa.uit.edu.vn/sites/daa/files/uploads/53_qd_dhcntt_19_2_2019scan.pdf,manifested,True,,
https://daa.uit.edu.vn/01-quyet-dinh-ve-viec-ban-hanh-quy-che-dao-tao-theo-hoc-che-tin-chi,https://daa.uit.edu.vn/sites/daa/files/202309/790-qd-dhcntt_28-9-22_quy_che_dao_tao.pdf,manifested,True,,
https://daa.uit.edu.vn/01-quyet-dinh-ve-viec-ban-hanh-quy-che-dao-tao-theo-hoc-che-tin-chi,https://daa.uit.edu.vn/sites/daa/files/202401/1393-qd-dhcntt_29-12-2023_cap_nhat_quy_che_dao_tao_theo_hoc_che_tin_chi_cho_he_dai_hoc_chinh_quy.pdf,manifested,True,,
https://daa.uit.edu.vn/09-quyet-dinh-ve-viec-ban-hanh-quy-che-dao-tao-cho-sinh-vien-he-dao-tao-tu-xa-trinh-do-dai-hoc,https://daa.uit.edu.vn/sites/daa/files/202412/507-qd-dhcntt-27-5-2024_quy_che_dao_tao_cho_sinh_vien.pdf,manifested,True,,
https://daa.uit.edu.vn/20-quy-dinh-chuong-trinh-tien-tien,https://daa.uit.edu.vn/sites/daa/files/202512/434-qd-dhcntt07-07-2021_quy_dinh_dao_tao_chuong_trinh_tien_tien.pdf,manifested,True,,
https://daa.uit.edu.vn/20-quy-dinh-chuong-trinh-tien-tien,https://daa.uit.edu.vn/sites/daa/files/202512/1451-qd-dhcntt_26-11-2025_quy_dinh_dao_tao_chuong_trinh_tien_tien.pdf,manifested,True,,
https://daa.uit.edu.vn/28-quy-dinh-dao-tao-song-nganh-trinh-do-dai-hoc-he-chinh-quy,https://daa.uit.edu.vn/sites/daa/files/202402/112-qd-dhcntt_01-02-2024_quy_dinh_dao_tao_song_nganh_trinh_do_dai_hoc_he_chinh_quy.pdf,manifested,True,,
https://daa.uit.edu.vn/29-quy-dinh-ve-do-tot-nghiep-tai-doanh-nghiep,https://daa.uit.edu.vn/sites/daa/files/202407/697-qd-dhcntt_12-7-2024_quy_dinh_do_an_tot_nghiep_tai_doanh_nghiep.pdf,manifested,True,,
https://daa.uit.edu.vn/31-quy-che-tuyen-sinh-dai-hoc-chinh-quy,https://daa.uit.edu.vn/sites/daa/files/202408/354-qd-dhcntt_19-4-2023-quychets.pdf,manifested,True,,
https://daa.uit.edu.vn/31-quy-che-tuyen-sinh-dai-hoc-chinh-quy,https://daa.uit.edu.vn/sites/daa/files/202511/308-qd-dhcntt21-3-2025.pdf,manifested,True,,
https://daa.uit.edu.vn/33-quy-che-tuyen-sinh-hinh-thuc-dao-tao-tu-xa-trinh-do-dai-hoc,https://daa.uit.edu.vn/sites/daa/files/202410/213-qd-dhcntt_19-3-2024_pdf.pdf,manifested,True,,
https://daa.uit.edu.vn/36-quy-dinh-ve-do-tot-nghiep,https://daa.uit.edu.vn/sites/daa/files/202504/277-qd-dhcntt_21-03-2025.pdf,manifested,True,,
https://daa.uit.edu.vn/40-quy-dinh-ve-chuc-thi-tren-may-tinh,https://daa.uit.edu.vn/sites/daa/files/202602/135-qd-dhcntt_10-02-2026_quy_dinh_ve_to_chuc_thi_tren_may_tinh_0.pdf,manifested,True,,
https://daa.uit.edu.vn/34-quy-trinh-chuyen-sinh-vien-tu-hinh-thuc-dao-tao-chinh-quy-sang-hinh-thuc-dao-tao-tu-xa,https://daa.uit.edu.vn/sites/daa/files/202412/1499-qd-dhcntt-10-12-2024.pdf,manifested,True,,
https://daa.uit.edu.vn/38-quy-trinh-xu-ly-hoc-vu-sinh-vien-dai-hoc-chinh-quy,https://daa.uit.edu.vn/sites/daa/files/202507/803-qd-dhcntt_11-07-2025_quy_trinh_xlhv.pdf,manifested,True,,
https://daa.uit.edu.vn/content/quy-trinh-danh-cho-can-bo-giang-day,https://daa.uit.edu.vn/sites/daa/files/uploads/hdsd_giangdaytructuyentrenmicrosoftteams.pdf,manifested,True,,
https://daa.uit.edu.vn/content/quy-trinh-danh-cho-can-bo-giang-day,https://daa.uit.edu.vn/sites/daa/files/uploads/huong_dan_phan_quyen_sv_tham_gia_0.pdf,manifested,True,,
https://daa.uit.edu.vn/content/quy-trinh-danh-cho-can-bo-giang-day,https://daa.uit.edu.vn/sites/daa/files/uploads/huongdansudungvideobaigiang.pdf,manifested,True,,
https://daa.uit.edu.vn/thong-bao-khao-sat-y-kien-sv-ve-hoat-dong-giang-day-cua-gv-hk2-nam-hoc-2025-2026-gia-han-den-262026,https://daa.uit.edu.vn/sites/daa/files/202605/tb_ks_sv_ve_giang_day_hkii_2025-2026.pdf,manifested,True,,
https://daa.uit.edu.vn/thong-bao-lich-thi-cuoi-ky-hoc-ky-2-nam-hoc-2025-2026,https://daa.uit.edu.vn/sites/daa/files/202607/lichthi_dotthi_1_l2_hk2_nh2025_thong_bao.xlsx,manifested,True,,
https://daa.uit.edu.vn/thong-bao-lich-thi-thuc-hanh-mon-cau-truc-du-lieu-va-giai-thuat-hk2-nam-hoc-2025-2026,https://daa.uit.edu.vn/sites/daa/files/202606/lichthi_th_ctdlgt_hk2_2025-2026.xlsx,manifested,True,,
https://daa.uit.edu.vn/thong-bao-nghi-le-gio-hung-vuong-chien-thang-304-va-quoc-te-lao-dong-0152026,https://daa.uit.edu.vn/sites/daa/files/202604/316_tb_dhcntt_01_4_2026.pdf,manifested,True,,
https://daa.uit.edu.vn/thong-bao-nghi-le-quoc-khanh-nuoc-cong-hoa-xa-hoi-chu-nghia-viet-nam-nam-2024,https://daa.uit.edu.vn/sites/daa/files/202408/802_tb_dhcntt_05_8_2024.pdf,manifested,True,,
https://daa.uit.edu.vn/thong-bao-ve-cac-dot-xet-tot-nghiep-doi-voi-sinh-vien-dai-hoc-he-chinh-quy,https://daa.uit.edu.vn/sites/daa/files/202505/142-tb-dhcntt08-12-2023_2_0.pdf,manifested,True,,
https://daa.uit.edu.vn/thongbao/08-quyet-dinh-ve-viec-ban-hanh-quy-trinh-bao-nghi-day-day-bu,https://daa.uit.edu.vn/sites/daa/files/202309/35-qd-dhcntt-dtdh_28-02-2013_quyet_dinh_ve_viec_ban_hanh_quy_trinh_bao_nghi_day_day_bu.pdf,manifested,True,,
https://daa.uit.edu.vn/thongbao/11-quyet-dinh-ve-viec-ban-hanh-quy-dinh-ve-viec-mo-nganh-dao-tao,https://daa.uit.edu.vn/sites/daa/files/202310/1021-qd-dhcntt4-10-2023_quyet_dinh_mo_nganh.pdf,manifested,True,,
https://daa.uit.edu.vn/thongbao/12-quyet-dinh-ve-viec-ban-hanh-quy-dinh-ve-dao-tao-chuong-trinh-chat-luong-cao,https://daa.uit.edu.vn/sites/daa/files/202309/435-qd-dhcntt_07-07-2021_quy_dinh_dao_tao_chuong_trinh_chat_luong_cao.pdf,manifested,True,,
https://daa.uit.edu.vn/thongbao/14-qui-dinh-cach-dat-ma-mon-hoc,https://daa.uit.edu.vn/sites/daa/files/202309/37-dtdh_19-11-2012_qui_dinh_cach_dat_ma_mon_hoc.pdf,manifested,True,,
https://daa.uit.edu.vn/thongbao/16-thoi-diem-va-muc-thu-hoc-phi-gia-han-doi-voi-sinh-vien-he-dai-hoc-chinh-quy,https://daa.uit.edu.vn/sites/daa/files/202309/43-tb-dhcntt-23-06-2020_thoi_diem_va_muc_thu_hoc_phi_gia_han_doi_voi_sv_he_dai_hoc_chinh_quy.pdf,manifested,True,,
https://daa.uit.edu.vn/thongbao/17-quy-dinh-ve-chinh-sach-ho-tro-cong-bo-khoa-hoc,https://daa.uit.edu.vn/sites/daa/files/202308/547-qd-dhcntt_1-6-23_ban_hanh_chinh_sach_ho_tro_cong_bo_khoa_hoc_danh_cho_sv_cao_hoc_ncs.pdf,manifested,True,,
https://daa.uit.edu.vn/thongbao/22-quy-dinh-ve-viec-chuc-day-hoc-ngoai-gio-hanh-chinh-doi-voi-cac-hoc-phan-trong-chuong,https://daa.uit.edu.vn/sites/daa/files/202309/333-qd-dhcntt_18-5-2022_quy_dinh_ve_viec_to_chuc_day-hoc_ngoai_gio_hanh_chinh_doi_voi_cac_hoc_phan_trong_ctdt_cq.pdf,manifested,True,,
https://daa.uit.edu.vn/thongbao/23-quy-dinh-tam-thoi-ve-dao-tao-lien-thong-tu-trinh-do-dai-hoc-len-trinh-do-thac-si-he,https://daa.uit.edu.vn/sites/daa/files/202309/335-qd-dhcntt_19-5-2022_quy_dinh_tam_thoi_ve_dao_tao_lien_thong_tu_trinh_do_dai_hoc_len_trinh_do_thc_si_he_chinh_quy.pdf,manifested,True,,
https://daa.uit.edu.vn/thongbao/24-quyet-dinh-ve-viec-ban-hanh-quy-dinh-day-va-hoc-theo-phuong-thuc-truc-tuyen-va-phuong,https://daa.uit.edu.vn/sites/daa/files/202309/196-qd-dhcntt_16-3-2023_quy_dinh_day_va_hoc_theo_phuong_thuc_truc_tuyen_va_phuong_thuc_ket_hop.pdf,manifested,True,,
https://daa.uit.edu.vn/thongbao/25-quy-dinh-chuc-danh-gia-ket-qua-hoc-tap-theo-hinh-thuc-truc-tuyen,https://daa.uit.edu.vn/sites/daa/files/202311/1141-qd-dhcntt_7-11-2023_quy_dinh_to_chuc_danh_gia_ket_qua_hoc_tap_theo_hinh_thuc_truc_tuyen.pdf,manifested,True,,
https://daa.uit.edu.vn/thongbao/26-quy-dinh-moi-giang-vien-thinh-giang-tu-doanh-nghiep,https://daa.uit.edu.vn/sites/daa/files/202311/1187-qd-dhcntt_23-11-2023.pdf,manifested,True,,
https://daa.uit.edu.vn/thongbao/danh-sach-thuc-hoc-nam-2013-he-dao-tao-tu-xa-qua-mang,https://daa.uit.edu.vn/sites/daa/files/201402/06-qd-dhcntt-dtdh23-01-2014.pdf,manifested,True,,
https://daa.uit.edu.vn/thongbao/ket-qua-thi-tot-nghiep-cu-nhan-cntt-he-txqm-dot-3-nam-2014-3182014,https://daa.uit.edu.vn/sites/daa/files/201409/ket_qua_thi_tn_citd_-_31-08-2014.pdf,manifested,True,,
https://daa.uit.edu.vn/thongbao/ket-qua-thi-tot-nghiep-cu-nhan-cntt-he-txqm-dot-3-nam-2014-3182014,https://daa.uit.edu.vn/sites/daa/files/201409/ket_qua_thi_tn_cm_-_31-08-2014.pdf,manifested,True,,
https://daa.uit.edu.vn/thongbao/ket-qua-thi-tot-nghiep-cu-nhan-cntt-he-txqm-dot-3-nam-2014-3182014,https://daa.uit.edu.vn/sites/daa/files/201409/ket_qua_thi_tn_hhbn_-_31-08-2014.pdf,manifested,True,,
https://daa.uit.edu.vn/thongbao/ket-qua-thi-tot-nghiep-cu-nhan-cntt-he-txqm-dot-3-nam-2014-3182014,https://daa.uit.edu.vn/sites/daa/files/201409/ket_qua_thi_tn_td_-_31-08-2014.pdf,manifested,True,,
https://daa.uit.edu.vn/thongbao/ket-qua-thi-tot-nghiep-cu-nhan-cntt-he-txqm-dot-1-nam-2015,https://daa.uit.edu.vn/sites/daa/files/201503/bdtn_25-1-15_citd.pdf,manifested,True,,
https://daa.uit.edu.vn/thongbao/ket-qua-thi-tot-nghiep-cu-nhan-cntt-he-txqm-dot-1-nam-2015,https://daa.uit.edu.vn/sites/daa/files/201503/bdtn_25-1-15_hb.pdf,manifested,True,,
https://daa.uit.edu.vn/thongbao/ket-qua-thi-tot-nghiep-txqm-dot-2-nam-2014,https://daa.uit.edu.vn/sites/daa/files/201406/tn_da_nang.pdf,manifested,True,,
https://daa.uit.edu.vn/thongbao/ket-qua-thi-tot-nghiep-txqm-dot-2-nam-2014,https://daa.uit.edu.vn/sites/daa/files/201406/tn_tri_duc.pdf,manifested,True,,
https://daa.uit.edu.vn/thongbao/ket-qua-thi-tot-nghiep-dot-1-nam-2014-he-txqm,https://daa.uit.edu.vn/sites/daa/files/201402/ket_qua_thi_tot_nghiep_05-01-2014_he_txqm.pdf,manifested,True,,
https://daa.uit.edu.vn/thongbao/quy-dinh-thoi-gian-hoc-tap-va-cap-bang-cho-sinh-vien-he-txqm,https://daa.uit.edu.vn/sites/daa/files/201504/28_dhcntt_dtdh_22_04_2015.pdf,manifested,True,,
https://daa.uit.edu.vn/thongbao/quy-trinh-tam-thoi-ve-chuc-tuyen-sinh-dao-tao-kiem-tra-thi-va-cap-bang-tot-nghiep-doi-voi,https://daa.uit.edu.vn/sites/daa/files/201311/145_QD_DHCNTT_DTDH%2C31_7_2013.pdf,manifested,True,,
https://daa.uit.edu.vn/thongbao/thong-bao-ke-hoach-thi-tot-nghiep-dot-012014,https://daa.uit.edu.vn/sites/daa/files/201311/133_DHCNTT_DTDH%2C04_11_2013.pdf,manifested,True,,
https://daa.uit.edu.vn/thongbao/thong-bao-ke-hoach-thi-tot-nghiep-dot-2-nam-2014-he-txqm,https://daa.uit.edu.vn/sites/daa/files/201404/43-dhcntt-dtdh11-4-2014.pdf,manifested,True,,
https://daa.uit.edu.vn/thongbao/thong-bao-tuyen-sinh-he-tu-xa-qua-mang-nam-2016,https://daa.uit.edu.vn/sites/daa/files/201605/43_tb-dhcntt-dtdh20-4-2016_scan.pdf,failed_terminal,True,,404 Client Error: Not Found for url: https://daa.uit.edu.vn/sites/daa/files/201605/43_tb-dhcntt-dtdh20-4-2016_scan.pdf
https://daa.uit.edu.vn/thongbao/thong-bao-ve-viec-chuc-le-phat-bang-tot-nghiep-cu-nhan-txqm,https://daa.uit.edu.vn/sites/daa/files/201312/74_TB_DHCNTT_CTSV%2C%2013_12_2013_0.pdf,manifested,True,,
https://daa.uit.edu.vn/thongbao/thong-bao-ve-viec-cong-nhan-tot-nghiep-cua-sinh-vien-tai-chi-nhanh-trung-tam-phat-trien,https://daa.uit.edu.vn/sites/daa/files/201311/235_Q%C4%90_%C4%90HCNTT_%20%C4%90T%C4%90H%2C%2022-10-2013-1.pdf,manifested,True,,
https://daa.uit.edu.vn/03-quyet-dinh-ve-viec-ban-hanh-quy-che-van-bang-chung-chi,https://daa.uit.edu.vn/sites/daa/files/202309/172-qd-dhcntt_08-3-2023_quy_che_van_bang_chung_chi.pdf,manifested,True,,
https://daa.uit.edu.vn/03-quyet-dinh-ve-viec-ban-hanh-quy-che-van-bang-chung-chi,https://daa.uit.edu.vn/sites/daa/files/202412/1192-tb-dhcntt_25-10-2024_tu_ngu_su_dung_in_tren_plvb_bd_gxn_0.pdf,manifested,True,,
https://daa.uit.edu.vn/03-quyet-dinh-ve-viec-ban-hanh-quy-che-van-bang-chung-chi,https://daa.uit.edu.vn/sites/daa/files/202502/133-qd-dhcntt_17-02-2025_cap_nhat_bo_sung_mau_plvb_tot_nghiep_dh_ths.pdf,manifested,True,,
https://daa.uit.edu.vn/content/chuong-trinh-dao-tao-cu,https://daa.uit.edu.vn/sites/daa/files/files/CTDT_KHMT_khoa%201.pdf,manifested,True,,
https://daa.uit.edu.vn/content/chuong-trinh-dao-tao-cu,https://daa.uit.edu.vn/sites/daa/files/files/CTDT_KHMT_khoa%202.pdf,manifested,True,,
https://daa.uit.edu.vn/content/chuong-trinh-dao-tao-cu,https://daa.uit.edu.vn/sites/daa/files/files/CTDT_KHMT_khoa%203.pdf,manifested,True,,
https://daa.uit.edu.vn/content/chuong-trinh-dao-tao-cu,https://daa.uit.edu.vn/sites/daa/files/files/CTDT_KHMT_khoa%204.pdf,manifested,True,,
https://daa.uit.edu.vn/content/chuong-trinh-dao-tao-cu,https://daa.uit.edu.vn/sites/daa/files/files/CTDT_CNPM_khoa1.pdf,manifested,True,,
https://daa.uit.edu.vn/content/chuong-trinh-dao-tao-cu,https://daa.uit.edu.vn/sites/daa/files/files/CTDT_CNPM_khoa2.pdf,manifested,True,,
https://daa.uit.edu.vn/content/chuong-trinh-dao-tao-cu,https://daa.uit.edu.vn/sites/daa/files/files/CTDT_HTTT_khoa%201.pdf,manifested,True,,
https://daa.uit.edu.vn/content/chuong-trinh-dao-tao-cu,https://daa.uit.edu.vn/sites/daa/files/files/CTDT_HTTT_khoa%202.pdf,manifested,True,,
https://daa.uit.edu.vn/content/chuong-trinh-dao-tao-cu,https://daa.uit.edu.vn/sites/daa/files/files/CTDT_HTTT_khoa%203.pdf,manifested,True,,
https://daa.uit.edu.vn/content/chuong-trinh-dao-tao-cu,https://daa.uit.edu.vn/sites/daa/files/files/CTDT_HTTT_khoa%204.pdf,manifested,True,,
https://daa.uit.edu.vn/content/chuong-trinh-dao-tao-cu,https://daa.uit.edu.vn/sites/daa/files/files/CTDT_HTTT_khoa%205.pdf,manifested,True,,
https://daa.uit.edu.vn/content/chuong-trinh-dao-tao-cu,https://daa.uit.edu.vn/sites/daa/files/files/CTDT_KTMT_khoa%201.pdf,manifested,True,,
https://daa.uit.edu.vn/content/chuong-trinh-dao-tao-cu,https://daa.uit.edu.vn/sites/daa/files/files/CTDT_KTMT_khoa%202.pdf,manifested,True,,
https://daa.uit.edu.vn/content/chuong-trinh-dao-tao-cu,https://daa.uit.edu.vn/sites/daa/files/files/CTDT_KTMT_khoa%203.pdf,manifested,True,,
https://daa.uit.edu.vn/content/chuong-trinh-dao-tao-cu,https://daa.uit.edu.vn/sites/daa/files/files/CTDT_KTMT_khoa%204.pdf,manifested,True,,
https://daa.uit.edu.vn/content/chuong-trinh-dao-tao-cu,https://daa.uit.edu.vn/sites/daa/files/files/CTDT_KTMT_khoa%205.pdf,manifested,True,,
https://daa.uit.edu.vn/content/chuong-trinh-dao-tao-cu,https://daa.uit.edu.vn/sites/daa/files/files/CTDT_MMT_khoa%201.pdf,manifested,True,,
https://daa.uit.edu.vn/content/chuong-trinh-dao-tao-cu,https://daa.uit.edu.vn/sites/daa/files/files/CTDT_MMT_khoa%202.pdf,manifested,True,,
https://daa.uit.edu.vn/content/chuong-trinh-dao-tao-cu,https://daa.uit.edu.vn/sites/daa/files/files/CTDT_CUNHANTAINANG_khoa%201.pdf,manifested,True,,
https://daa.uit.edu.vn/content/chuong-trinh-dao-tao-cu,https://daa.uit.edu.vn/sites/daa/files/files/CTDT_CUNHANTAINANG_khoa%202.pdf,manifested,True,,
https://daa.uit.edu.vn/content/chuong-trinh-dao-tao-cu,https://daa.uit.edu.vn/sites/daa/files/files/CTDT_CUNHANTAINANG_khoa%203.pdf,manifested,True,,
https://daa.uit.edu.vn/content/chuong-trinh-dao-tao-cu,https://daa.uit.edu.vn/sites/daa/files/files/CTDT_CUNHANTAINANG_khoa%204.pdf,manifested,True,,
https://daa.uit.edu.vn/content/huong-dan-sinh-vien-dai-hoc-he-chinh-quy-thuc-hien-cac-quy-dinh-ve-chuan-qua-trinh-va-chuan,https://daa.uit.edu.vn/sites/daa/files/202310/147-qd-dhcntt-dtdh_31-07-2013_quyet_dinh_ve_viec_ban_hanh_chuan_dau_ra_tieng_anh_cho_sv_he_cq_2006-2014_0_0.pdf,manifested,True,,
https://daa.uit.edu.vn/content/huong-dan-sinh-vien-dai-hoc-he-chinh-quy-thuc-hien-cac-quy-dinh-ve-chuan-qua-trinh-va-chuan,https://daa.uit.edu.vn/sites/daa/files/202309/147-qd-dhcntt-dtdh_31-07-2013_quyet_dinh_ve_viec_ban_hanh_chuan_dau_ra_tieng_anh_cho_sv_he_cq_2006-2014_0.pdf,failed_terminal,True,,404 Client Error: Not Found for url: https://daa.uit.edu.vn/sites/daa/files/202309/147-qd-dhcntt-dtdh_31-07-2013_quyet_dinh_ve_viec_ban_hanh_chuan_dau_ra_tieng_anh_cho_sv_he_cq_2006-2014_0.pdf
https://daa.uit.edu.vn/content/huong-dan-sinh-vien-dai-hoc-he-chinh-quy-thuc-hien-cac-quy-dinh-ve-chuan-qua-trinh-va-chuan,https://daa.uit.edu.vn/sites/daa/files/202310/141-qd-dhcntt16-3-2018quy_dinh_dao_tao_ngoai_ngu_doi_voi_he_dh_chinh_quy_cua_truong_dhcntt_ap_dung_tu_khoa_2017_0.pdf,manifested,True,,
https://daa.uit.edu.vn/content/huong-dan-sinh-vien-dai-hoc-he-chinh-quy-thuc-hien-cac-quy-dinh-ve-chuan-qua-trinh-va-chuan,https://daa.uit.edu.vn/sites/daa/files/202310/108-qd-dhcntt15-3-2019_sua_doi_bo_sung_quy_dinh_dao_tao_ngoai_ngu_doi_voi_he_dh_chinh_quy_qui_dinh_141_0.pdf,manifested,True,,
https://daa.uit.edu.vn/content/huong-dan-sinh-vien-dai-hoc-he-chinh-quy-thuc-hien-cac-quy-dinh-ve-chuan-qua-trinh-va-chuan,https://daa.uit.edu.vn/sites/daa/files/202310/828_qd-dhcntt_04-10-2022_quy_dinh_dao_tao_ngoai_ngu_doi_voi_he_chinh_qui_khoa_2022_0_0.pdf,manifested,True,,
https://daa.uit.edu.vn/content/huong-dan-sinh-vien-dai-hoc-he-chinh-quy-thuc-hien-cac-quy-dinh-ve-chuan-qua-trinh-va-chuan,https://daa.uit.edu.vn/sites/daa/files/202404/364-qd-dhcntt_22-04-2024_sua_doi_quy_dinh_dao_tao_ngoai_ngu.pdf,manifested,True,,
https://daa.uit.edu.vn/content/huong-dan-sinh-vien-dai-hoc-he-chinh-quy-thuc-hien-cac-quy-dinh-ve-chuan-qua-trinh-va-chuan,https://daa.uit.edu.vn/sites/daa/files/202310/125-qd-dhcntt-dtdh_18-09-2015_quyet_dinh_ban_hanh_qui_dinh_tam_thoi_day_va_hoc_tieng_anh_khoa_2015_0.pdf,manifested,True,,
https://daa.uit.edu.vn/content/huong-dan-sinh-vien-dai-hoc-he-chinh-quy-thuc-hien-cac-quy-dinh-ve-chuan-qua-trinh-va-chuan,https://daa.uit.edu.vn/sites/daa/files/201701/03-tb-dhcntt_17-1-2017.pdf,manifested,True,,
https://daa.uit.edu.vn/content/huong-dan-sinh-vien-dai-hoc-he-chinh-quy-thuc-hien-cac-quy-dinh-ve-chuan-qua-trinh-va-chuan,https://daa.uit.edu.vn/sites/daa/files/202310/547-qd-dhcntt_30-8-2019_qui_dinh_dao_tao_ngoai_ngu_doi_voi_he_chinh_qui_khoa_2019_0_0.pdf,manifested,True,,
https://daa.uit.edu.vn/content/huong-dan-sinh-vien-dai-hoc-he-chinh-quy-thuc-hien-cac-quy-dinh-ve-chuan-qua-trinh-va-chuan,https://daa.uit.edu.vn/sites/daa/files/202310/128-qd-dhcntt-dtdh_30-8-2016_ban_hanh_qd_day_va_hoc_nn_doi_voi_he_dai_hoc_cq_cua_truong_dhcntt_khoa_2016.pdf,manifested,True,,
https://daa.uit.edu.vn/content/huong-dan-sinh-vien-dai-hoc-he-chinh-quy-thuc-hien-cac-quy-dinh-ve-chuan-qua-trinh-va-chuan,https://daa.uit.edu.vn/sites/daa/files/202406/560-qd-dhcntt_5-6-2024_sua_doi_quy_dinh_dao_tao_ngoai_ngu_doi_voi_he_dai_hoc_chinh_quy.pdf,manifested,True,,
https://daa.uit.edu.vn/content/quy-dinh-dao-tao-ngan-han,https://daa.uit.edu.vn/sites/daa/files/uploads/409_qd-dhcntt_07-7-2017_qui_dinh_dao_tao_ngan_han.pdf,manifested,True,,
https://daa.uit.edu.vn/quy-che-quy-dinh-dao-tao-dai-hoc-cua-bo-gddt,https://daa.uit.edu.vn/sites/daa/files/202310/17-2021-tt-bgddt_ngay_22-6-2021_chuan_ctdt.pdf,manifested,True,,
https://daa.uit.edu.vn/quy-che-quy-dinh-dao-tao-dai-hoc-cua-bo-gddt,https://daa.uit.edu.vn/sites/daa/files/202310/02_2022-tt-bgddt_18-1-2022_quy_dinh_mo_nganh.pdf,manifested,True,,
https://daa.uit.edu.vn/quy-che-quy-dinh-dao-tao-dai-hoc-cua-bo-gddt,https://daa.uit.edu.vn/sites/daa/files/202310/09_2022_tt-bdgdt_6-6-2022_danh_muc_thong_ke_nganh_dao_tao.pdf,manifested,True,,
https://daa.uit.edu.vn/quy-che-quy-dinh-dao-tao-dai-hoc-cua-bo-gddt,https://daa.uit.edu.vn/sites/daa/files/202311/01_2017_qd-ttg_ban_hanh_danh_muc_gddt_cua_he_thong_giao_duc_quoc_dan.pdf,manifested,True,,
https://daa.uit.edu.vn/quy-che-quy-dinh-dao-tao-dai-hoc-cua-bo-gddt,https://daa.uit.edu.vn/sites/daa/files/202311/03_tt_2022_bgddt_quy_dinh_ve_viec_xac_dinh_chi_tieu_tuyen_sinh_dai_hoc.pdf,manifested,True,,
https://daa.uit.edu.vn/quy-che-quy-dinh-dao-tao-dai-hoc-cua-bo-gddt,https://daa.uit.edu.vn/sites/daa/files/202311/05_2020_tt-bgddt_18-03-2020_ban_hanh_chuong_trinh_giao_duc_quoc_phong_an_ninh.pdf,manifested,True,,
https://daa.uit.edu.vn/quy-che-quy-dinh-dao-tao-dai-hoc-cua-bo-gddt,https://daa.uit.edu.vn/sites/daa/files/202311/20_2020_tt_bgddt_27-7-2020_thong_tu_quy_dinh_che_do_lam_viec_cua_gv_co_so_gddh.pdf,manifested,True,,
https://daa.uit.edu.vn/quy-che-quy-dinh-dao-tao-dai-hoc-cua-bo-gddt,https://daa.uit.edu.vn/sites/daa/files/202311/21_2019_tt_bgddt_quy_che_quan_ly_bang_tot_nghiep_thcs_thpt_tcsp_cdsp_gddh_cc.pdf,manifested,True,,
https://daa.uit.edu.vn/quy-che-quy-dinh-dao-tao-dai-hoc-cua-bo-gddt,https://daa.uit.edu.vn/sites/daa/files/202311/24_tt_2017_bgddt_danh_muc_giao_duc_dao_tao_cap_iv_trinh_do_dai_hoc.pdf,manifested,True,,
https://daa.uit.edu.vn/quy-che-quy-dinh-dao-tao-dai-hoc-cua-bo-gddt,https://daa.uit.edu.vn/sites/daa/files/202311/43-2019-qh14_luat_giao_duc.pdf,manifested,True,,
https://daa.uit.edu.vn/quy-che-quy-dinh-dao-tao-dai-hoc-cua-bo-gddt,https://daa.uit.edu.vn/sites/daa/files/202311/99_2019_nd-cp_quy_dinh_bo_sung_mot_so_dieu_cua_luat_giao_duc_dai_hoc.pdf,manifested,True,,
https://daa.uit.edu.vn/quy-che-quy-dinh-dao-tao-dai-hoc-cua-bo-gddt,https://daa.uit.edu.vn/sites/daa/files/202311/436_qd-ttg_ban_hanh_ke_hoach_thuc_hien_khung_trinh_do_quoc_gia_vn_2020-2025.pdf,manifested,True,,
https://daa.uit.edu.vn/quy-che-quy-dinh-dao-tao-dai-hoc-cua-bo-gddt,https://daa.uit.edu.vn/sites/daa/files/202401/30-2023-tt-bgddt_29-12-23_ung_dung_cntt_trong_dao_tao_truc_tuyen.pdf,manifested,True,,
https://daa.uit.edu.vn/quy-che-quy-dinh-dao-tao-dai-hoc-cua-bo-gddt,https://daa.uit.edu.vn/sites/daa/files/202404/cv960_240307_bo_gddt_thuc_hien_quy_dinh_ve_quan_ly_chat_luong.pdf,manifested,True,,
https://daa.uit.edu.vn/quy-che-quy-dinh-dao-tao-dai-hoc-cua-bo-gddt,https://daa.uit.edu.vn/sites/daa/files/202410/08_2021_tt-bdgdt_18-03-2021_quy_che_dao_tao_trinh_do_dai_hoc.pdf,manifested,True,,
https://daa.uit.edu.vn/quy-che-quy-dinh-dao-tao-dai-hoc-cua-bo-gddt,https://daa.uit.edu.vn/sites/daa/files/202411/khung_nang_luc_ngoai_ngu_viet_nam_6_bac.pdf,manifested,True,,
https://daa.uit.edu.vn/quy-che-quy-dinh-dao-tao-dai-hoc-cua-bo-gddt,https://daa.uit.edu.vn/sites/daa/files/202411/thong-tu-01-2024-tt-bgddt-ban-hanh-chuan-co-so-giao-duc-dai-hoc.pdf,manifested,True,,
https://daa.uit.edu.vn/quy-che-quy-dinh-dao-tao-dai-hoc-cua-bo-gddt,https://daa.uit.edu.vn/sites/daa/files/202411/tt10-quy_che_dttx_nam_2017.pdf,manifested,True,,
https://daa.uit.edu.vn/quy-che-quy-dinh-dao-tao-dai-hoc-cua-bo-gddt,https://daa.uit.edu.vn/sites/daa/files/202411/28_2023_tt_bgddt._quy_che_dttx_nam_2023.pdf,manifested,True,,
https://daa.uit.edu.vn/quy-che-quy-dinh-dao-tao-dai-hoc-cua-bo-gddt,https://daa.uit.edu.vn/sites/daa/files/202411/kh1576_bo_gddt_xd_httt_quan_ly_vb.pdf,manifested,True,,
https://daa.uit.edu.vn/quy-che-quy-dinh-dao-tao-dai-hoc-cua-bo-gddt,https://daa.uit.edu.vn/sites/daa/files/202411/qd3566-bgddt_tieu_chi_va_quy_trinh_cong_nhan_cuoc_thi_olympic.pdf,manifested,True,,
https://daa.uit.edu.vn/quy-che-quy-dinh-dao-tao-dai-hoc-cua-bo-gddt,https://daa.uit.edu.vn/sites/daa/files/202411/tt16_bgddt_20-11-2024_sua_doi_bo_sung_tt02_ve_mo_nganh_dao_tao.pdf,manifested,True,,
https://daa.uit.edu.vn/quy-che-quy-dinh-dao-tao-dai-hoc-cua-bo-gddt,https://daa.uit.edu.vn/sites/daa/files/202505/1314-qd-bgddt_13-05-2025_ban_hanh_chuan_ctdt_ve_vi_mach_ban_dan_trinh_do_dh_ths.pdf,manifested,True,,
https://daa.uit.edu.vn/quy-che-quy-dinh-dao-tao-dai-hoc-cua-bo-gddt,https://daa.uit.edu.vn/sites/daa/files/202505/08.2025-tt-bgddt_quy_dinh_thoi_han_luu_tru_ho_so_tai_lieu_thuoc_linh_vuc_gddt.pdf,manifested,True,,
https://daa.uit.edu.vn/quy-che-quy-dinh-dao-tao-dai-hoc-cua-bo-gddt,https://daa.uit.edu.vn/sites/daa/files/202506/124-cp.signed_quy_dinh_hop_tac_dau_tu_voi_nuoc_ngoai_trong_linh_vuc_giao_duc.pdf,manifested,True,,
https://daa.uit.edu.vn/quy-che-quy-dinh-dao-tao-dai-hoc-cua-bo-gddt,https://daa.uit.edu.vn/sites/daa/files/202506/07-bgd.signed-1_quy_dinh_lien_ket_dao_tao_giua_co_so_gdvn_va_co_so_gdnn.pdf,manifested,True,,
https://daa.uit.edu.vn/quy-che-quy-dinh-dao-tao-dai-hoc-cua-bo-gddt,https://daa.uit.edu.vn/sites/daa/files/202509/2627-qd-bgddtsigned-1.stamped_ban_hanh_chuan_ctdt_ky_su_thac_si_tai_nang_linh_vuc_stem.pdf,manifested,True,,
https://daa.uit.edu.vn/quy-che-quy-dinh-dao-tao-dai-hoc-cua-bo-gddt,https://daa.uit.edu.vn/sites/daa/files/202510/2101_qd_bgddt_sua_doi_chuan_chuong_trinh_dao_tao_ve_vi_mach_ban_dan.pdf,manifested,True,,
https://daa.uit.edu.vn/quy-che-quy-dinh-dao-tao-dai-hoc-cua-bo-gddt,https://daa.uit.edu.vn/sites/daa/files/202602/2025-02-15_080h00_thong_tu_quy_che_tuyen_sinh_dai_hoc_2026-_chinh_thuc.doc,manifested,True,,
https://daa.uit.edu.vn/quy-che-quy-dinh-dao-tao-dai-hoc-cua-bo-gddt,https://daa.uit.edu.vn/sites/daa/files/202603/thong_tu_06-2026_quy_che_tuyen_sinh_dh_cd_nganh_gdmn_nam_2026.pdf,manifested,True,,
https://daa.uit.edu.vn/quy-che-quy-dinh-dao-tao-dai-hoc-cua-bo-gddt,https://daa.uit.edu.vn/sites/daa/files/202603/2026_37_125_2025_qh15_luat_giao_duc_dai_hoc.pdf,manifested,True,,
https://daa.uit.edu.vn/quy-che-quy-dinh-dao-tao-dai-hoc-cua-bo-gddt,https://daa.uit.edu.vn/sites/daa/files/202604/418_26_2026_tt_bgddt09_4_2026_ioc_quy_dinh_chuan_nghe_nghiep_giang_vien_dai_hoc.pdf,manifested,True,,
https://daa.uit.edu.vn/quy-che-quy-dinh-dao-tao-dai-hoc-cua-dhqg-hcm,https://daa.uit.edu.vn/sites/daa/files/202310/1195-qd-dhqg_27-9-2019_quy_dinh_dao_tao_song_nganh_dhqg.pdf,manifested,True,,
https://daa.uit.edu.vn/quy-che-quy-dinh-dao-tao-dai-hoc-cua-dhqg-hcm,https://daa.uit.edu.vn/sites/daa/files/202310/1342-qd-dhqg_30-9-2022_quy_che_dao_tao.pdf,manifested,True,,
https://daa.uit.edu.vn/quy-che-quy-dinh-dao-tao-dai-hoc-cua-dhqg-hcm,https://daa.uit.edu.vn/sites/daa/files/202310/1372-qd-dhqg_10-10-2022_quy_che_van_bang_chung_chi.pdf,manifested,True,,
https://daa.uit.edu.vn/quy-che-quy-dinh-dao-tao-dai-hoc-cua-dhqg-hcm,https://daa.uit.edu.vn/sites/daa/files/202310/540_qd_dhqg_9-5-2023_quy_dinh_mo_nganh.pdf,manifested,True,,
https://daa.uit.edu.vn/quy-che-quy-dinh-dao-tao-dai-hoc-cua-dhqg-hcm,https://daa.uit.edu.vn/sites/daa/files/202310/809-qd-dhqg_3-7-2023_quy_dinh_dgkqht_theo_hinh_thuc_tt.pdf,manifested,True,,
https://daa.uit.edu.vn/quy-che-quy-dinh-dao-tao-dai-hoc-cua-dhqg-hcm,https://daa.uit.edu.vn/sites/daa/files/202310/170_qd_dhqg_27_02_2018_cong_nhan_chung_chi_ngoai_ngu.pdf,manifested,True,,
https://daa.uit.edu.vn/quy-che-quy-dinh-dao-tao-dai-hoc-cua-dhqg-hcm,https://daa.uit.edu.vn/sites/daa/files/202310/650-qd-dhqg_3-6-2019-quy_dinh_dao_tao_lien_thong_tu_trinh_do_dai_hoc_len_trinh_do_thac_si.pdf,manifested,True,,
https://daa.uit.edu.vn/quy-che-quy-dinh-dao-tao-dai-hoc-cua-dhqg-hcm,https://daa.uit.edu.vn/sites/daa/files/202310/707_qd_dhqg23_6_2022_quy_che_tuyen_sinh_trinh_do_dh.pdf,manifested,True,,
https://daa.uit.edu.vn/quy-che-quy-dinh-dao-tao-dai-hoc-cua-dhqg-hcm,https://daa.uit.edu.vn/sites/daa/files/202310/836_qd_dhqg_19_7_2021_quy_che_tuyen_sinh_trinh_do_dai_hoc_dhqghcm.pdf,manifested,True,,
https://daa.uit.edu.vn/quy-che-quy-dinh-dao-tao-dai-hoc-cua-dhqg-hcm,https://daa.uit.edu.vn/sites/daa/files/202310/1224-qd-dhqg_30-8-2022_ban_hanh_mau_chung_chi_ngoai_ngu_theo_khung_nlnn_6_bac.pdf,manifested,True,,
https://daa.uit.edu.vn/quy-che-quy-dinh-dao-tao-dai-hoc-cua-dhqg-hcm,https://daa.uit.edu.vn/sites/daa/files/202310/1658-qd-dhqg_24-12-2020_phe_duyet_thi_diem_bo_pcnl_svtn_dhqghcm.pdf,manifested,True,,
https://daa.uit.edu.vn/quy-che-quy-dinh-dao-tao-dai-hoc-cua-dhqg-hcm,https://daa.uit.edu.vn/sites/daa/files/202310/1672_qd-dhqg_14-12-2022_quy_dinh_in_noi_dung_tren_vbcc.pdf,manifested,True,,
https://daa.uit.edu.vn/quy-che-quy-dinh-dao-tao-dai-hoc-cua-dhqg-hcm,https://daa.uit.edu.vn/sites/daa/files/202310/1758-qd-dhqg-29-12-2022_quy_dinh_lien_ket_dao_tao_voi_nuoc_ngoai_trinh_do_dh_ths_ts_tai_dhqg-hcm.pdf,manifested,True,,
https://daa.uit.edu.vn/quy-che-quy-dinh-dao-tao-dai-hoc-cua-dhqg-hcm,https://daa.uit.edu.vn/sites/daa/files/202310/bb1528_dhqg_2-8-2022_hop_ve_cong_tac_dao_tao.pdf,manifested,True,,
https://daa.uit.edu.vn/quy-che-quy-dinh-dao-tao-dai-hoc-cua-dhqg-hcm,https://daa.uit.edu.vn/sites/daa/files/202310/cv671-dhqg_18-4-2022_su_dung_chung_chi_vnu-ept.pdf,manifested,True,,
https://daa.uit.edu.vn/quy-che-quy-dinh-dao-tao-dai-hoc-cua-dhqg-hcm,https://daa.uit.edu.vn/sites/daa/files/202310/cv842_27-5-2023_huong_dan_in_noi_dung_tren_vb_mau_ban_hanh_nam_2017.pdf,manifested,True,,
https://daa.uit.edu.vn/quy-che-quy-dinh-dao-tao-dai-hoc-cua-dhqg-hcm,https://daa.uit.edu.vn/sites/daa/files/202310/1476_qd_dhqg_27-1-120_phe_duyet_ctmh_giao_duc_the_chat.pdf,manifested,True,,
https://daa.uit.edu.vn/quy-che-quy-dinh-dao-tao-dai-hoc-cua-dhqg-hcm,https://daa.uit.edu.vn/sites/daa/files/202312/1681-qd-dhqg30-11-2023_phe_duyet_song_nganh_tmdt_dh_cntt.pdf,manifested,True,,
https://daa.uit.edu.vn/quy-che-quy-dinh-dao-tao-dai-hoc-cua-dhqg-hcm,https://daa.uit.edu.vn/sites/daa/files/202410/qd1537_241029_quy_dinh_dao_tao_va_cong_nhan_tin_chi_khoa_hoc_mooc.signed.pdf,manifested,True,,
https://daa.uit.edu.vn/quy-che-quy-dinh-dao-tao-dai-hoc-cua-dhqg-hcm,https://daa.uit.edu.vn/sites/daa/files/202412/2217_dhqg_dt_cong_nhan_mon_hoc_theo_hinh_thuc_mooc.pdf,manifested,True,,
https://daa.uit.edu.vn/quy-che-quy-dinh-dao-tao-dai-hoc-cua-dhqg-hcm,https://daa.uit.edu.vn/sites/daa/files/202502/15_qd_dhqg_07_01_2025_quy_dinh_sua_doi_bo_sung_mot_so_dieu_cua_quy_dinh_mo_nganh_dao_tao_trinh_do_dai_hoc_thac_si_tien_si.pdf,manifested,True,,
https://daa.uit.edu.vn/quy-che-quy-dinh-dao-tao-dai-hoc-cua-dhqg-hcm,https://daa.uit.edu.vn/sites/daa/files/202509/1916_dhqg_dt_pho_bien_khung_nang_luc_giang_day_so_cua_giang_vien.pdf,manifested,True,,
https://daa.uit.edu.vn/quy-che-quy-dinh-dao-tao-dai-hoc-cua-dhqg-hcm,https://daa.uit.edu.vn/sites/daa/files/202510/qd2130_ban_hanh_quy_dinh_cong_nhan_tin_chi_cap_thpt.signed.pdf,manifested,True,,
https://daa.uit.edu.vn/quy-che-quy-dinh-dao-tao-dai-hoc-cua-dhqg-hcm,https://daa.uit.edu.vn/sites/daa/files/202510/qd2104_251025_pl_bang_mo_ta_dcct_toan_dstt.signed.pdf,manifested,True,,
https://daa.uit.edu.vn/quy-che-quy-dinh-dao-tao-dai-hoc-cua-dhqg-hcm,https://daa.uit.edu.vn/sites/daa/files/202510/qd2105_251025_pl_bang_mo_ta_dcct_toan_giai_tich.signed.pdf,manifested,True,,
https://daa.uit.edu.vn/quy-che-quy-dinh-dao-tao-dai-hoc-cua-dhqg-hcm,https://daa.uit.edu.vn/sites/daa/files/202510/qd2106_251025_pl_bang_mo_ta_dcct.toan_xstk.signed.pdf,manifested,True,,
https://daa.uit.edu.vn/quy-che-quy-dinh-dao-tao-dai-hoc-cua-dhqg-hcm,https://daa.uit.edu.vn/sites/daa/files/202510/qd2107_251025_pl_bang_mo_ta_dcct_toan_roi_rac.signed.pdf,manifested,True,,
https://daa.uit.edu.vn/quy-che-quy-dinh-dao-tao-dai-hoc-cua-dhqg-hcm,https://daa.uit.edu.vn/sites/daa/files/202510/qd2108_251025_pl_bang_mo_ta_dcct_vat_ly.signed.pdf,manifested,True,,
https://daa.uit.edu.vn/quy-che-quy-dinh-dao-tao-dai-hoc-cua-dhqg-hcm,https://daa.uit.edu.vn/sites/daa/files/202510/qd2109_251025_pl_bang_mo_ta_dcct_hoa_hoc.signed.pdf,manifested,True,,
https://daa.uit.edu.vn/quy-che-quy-dinh-dao-tao-dai-hoc-cua-dhqg-hcm,https://daa.uit.edu.vn/sites/daa/files/202510/qd2110_251025_pl_bang_mo_ta_dcct_sinh_hoc.signed.pdf,manifested,True,,
https://daa.uit.edu.vn/quy-che-quy-dinh-dao-tao-dai-hoc-cua-dhqg-hcm,https://daa.uit.edu.vn/sites/daa/files/202510/qd2062_221025_quy_dinh_khoi_hp_cong_nhanchuyen_doi_tin_chi.signed.pdf,manifested,True,,
https://daa.uit.edu.vn/quy-che-quy-dinh-dao-tao-dai-hoc-cua-dhqg-hcm,https://daa.uit.edu.vn/sites/daa/files/202510/qd2003_251017_quy_dinh_thi_diem_dao_tao_lien_truong_cap_nhat.signed.pdf,manifested,True,,
https://daa.uit.edu.vn/quy-che-quy-dinh-dao-tao-dai-hoc-cua-dhqg-hcm,https://daa.uit.edu.vn/sites/daa/files/202601/200_bb_dhqg_29_01_2026_hop_ve_cong_tac_dao_tao_trinh_do_dai_hoc_tai_dhqg.pdf,manifested,True,,
https://daa.uit.edu.vn/quy-che-quy-dinh-dao-tao-dai-hoc-cua-dhqg-hcm,https://daa.uit.edu.vn/sites/daa/files/202604/357_336_qd_dhqg30_3_2026_ioc_ve_viec_phan_cap_phan_quyen_trong_cong_tac_dao_tao.pdf,manifested,True,,
https://daa.uit.edu.vn/quy-che-quy-dinh-dao-tao-dai-hoc-cua-dhqg-hcm,https://daa.uit.edu.vn/sites/daa/files/202604/tb1119_dhqg_dieu_chinh_ma_nganh_dao_tao_thi_diem.signed_thiet_ke_vi_mach.pdf,manifested,True,,
https://daa.uit.edu.vn/mot-so-quy-trinh-danh-cho-sinh-vien,https://daa.uit.edu.vn/sites/daa/files/202312/mau_16_don_xin_thi_lai.doc,manifested,True,,
https://daa.uit.edu.vn/mot-so-quy-trinh-danh-cho-sinh-vien,https://daa.uit.edu.vn/sites/daa/files/201410/mau_11_don_dieu_chinh_dkhp.doc,manifested,True,,
https://daa.uit.edu.vn/mot-so-quy-trinh-danh-cho-sinh-vien,https://daa.uit.edu.vn/sites/daa/files/201509/mau_01_don_xin_chuyen_nganh.doc,manifested,True,,
https://daa.uit.edu.vn/mot-so-quy-trinh-danh-cho-sinh-vien,https://daa.uit.edu.vn/sites/daa/files/201410/mau_02_don_xin_chuyen_truong.doc,manifested,True,,
https://daa.uit.edu.vn/mot-so-quy-trinh-danh-cho-sinh-vien,https://daa.uit.edu.vn/sites/daa/files/201410/mau_03_don_xin_tam_ngung_va_bao_luu_ket_qua_hoc_tap.doc,manifested,True,,
https://daa.uit.edu.vn/mot-so-quy-trinh-danh-cho-sinh-vien,https://daa.uit.edu.vn/sites/daa/files/201410/mau_08_don_xin_bao_luu_ket_qua_tuyen_sinh.doc,manifested,True,,
https://daa.uit.edu.vn/mot-so-quy-trinh-danh-cho-sinh-vien,https://daa.uit.edu.vn/sites/daa/files/201410/mau_07_don_xin_hoc_lai.doc,manifested,True,,
https://daa.uit.edu.vn/mot-so-quy-trinh-danh-cho-sinh-vien,https://daa.uit.edu.vn/sites/daa/files/201410/mau_09_don_xin_nhap_hoc_lai.doc,manifested,True,,
https://daa.uit.edu.vn/mot-so-quy-trinh-danh-cho-sinh-vien,https://daa.uit.edu.vn/sites/daa/files/201410/mau_04_don_xin_hoan_thi.doc,manifested,True,,
https://daa.uit.edu.vn/mot-so-quy-trinh-danh-cho-sinh-vien,https://daa.uit.edu.vn/sites/daa/files/201410/mau_05_don_xin_thoi_hoc.doc,manifested,True,,
https://daa.uit.edu.vn/mot-so-quy-trinh-danh-cho-sinh-vien,https://daa.uit.edu.vn/sites/daa/files/uploads/mau_don_xin_hoc_song_nganh.doc,manifested,True,,
https://daa.uit.edu.vn/mot-so-quy-trinh-danh-cho-sinh-vien,https://daa.uit.edu.vn/sites/daa/files/201410/mau_06_giay_de_nghi.doc,manifested,True,,
https://daa.uit.edu.vn/mot-so-quy-trinh-danh-cho-sinh-vien,https://daa.uit.edu.vn/sites/daa/files/202605/mau_17_don_de_chi_chuyen_cq-tx.docx,manifested,True,,
https://daa.uit.edu.vn/mot-so-quy-trinh-danh-cho-sinh-vien,https://daa.uit.edu.vn/sites/daa/files/202503/412-qd-dhcntt_27-03-2025_quy_trinh_cong_nhan_tin_chi_trong_dao_tao_dai_hoc.pdf,manifested,True,,
https://daa.uit.edu.vn/mot-so-quy-trinh-danh-cho-sinh-vien,https://daa.uit.edu.vn/sites/daa/files/201410/mau_10_don_phuc_khao.doc,manifested,True,,
https://daa.uit.edu.vn/mot-so-quy-trinh-danh-cho-sinh-vien,https://daa.uit.edu.vn/sites/daa/files/202407/mau_12-giay_gioi_thieu.doc,manifested,True,,
https://daa.uit.edu.vn/mot-so-quy-trinh-danh-cho-sinh-vien,https://daa.uit.edu.vn/sites/daa/files/201610/mau_13_don_xin_mien_hoc_anh_van.doc,manifested,True,,
https://daa.uit.edu.vn/mot-so-quy-trinh-danh-cho-sinh-vien,https://daa.uit.edu.vn/sites/daa/files/201703/mau_14_don_de_nghi_xet_tot_nghiep_.doc,failed_terminal,True,,404 Client Error: Not Found for url: https://daa.uit.edu.vn/sites/daa/files/201703/mau_14_don_de_nghi_xet_tot_nghiep_.doc
https://daa.uit.edu.vn/mot-so-quy-trinh-danh-cho-sinh-vien,https://daa.uit.edu.vn/sites/daa/files/201802/mau_10_don_phuc_khao.doc,manifested,True,,
https://daa.uit.edu.vn/mot-so-quy-trinh-danh-cho-sinh-vien,https://daa.uit.edu.vn/sites/daa/files/202107/mau_01b_don_xin_chuyen_ct.docx,manifested,True,,
https://daa.uit.edu.vn/15-qui-dinh-ve-giang-vien-giang-vien-va-tro-giang-mon-hoc,https://daa.uit.edu.vn/sites/daa/files/202508/975-qd-dhcntt_20-8-2025.pdf,manifested,True,,
https://daa.uit.edu.vn/30-huong-dan-chuyen-doi-he-thong-tin-chi-sang-he-thong-tich-luy-va-chuyen-doi-tin-chi-cua-chau-au,https://daa.uit.edu.vn/sites/daa/files/202406/01-hd-dhcntt_huong_dan_ects.pdf,manifested,True,,
https://daa.uit.edu.vn/04-quyet-dinh-ve-viec-ban-hanh-quy-dinh-ve-he-tai-nang,https://daa.uit.edu.vn/sites/daa/files/202512/131_qd-dhcntt_08-03-2022_quy_dinh_dao_tao_chuong_trinh_tai_nang.pdf,manifested,True,,
https://daa.uit.edu.vn/04-quyet-dinh-ve-viec-ban-hanh-quy-dinh-ve-he-tai-nang,https://daa.uit.edu.vn/sites/daa/files/202512/1032-qd-dhcntt_3-9-2025_quy_dinh_dao_tao_chuong_trinh_tai_nang.pdf,manifested,True,,
https://daa.uit.edu.vn/05-quy-dinh-dao-tao-ngoai-ngu-doi-voi-he-dai-hoc-chinh-quy-cua-truong-dhcntt,https://daa.uit.edu.vn/sites/daa/files/202310/147-qd-dhcntt-dtdh_31-07-2013_quyet_dinh_ve_viec_ban_hanh_chuan_dau_ra_tieng_anh_cho_sv_he_cq_2006-2014_0_0.pdf,manifested,True,,
https://daa.uit.edu.vn/05-quy-dinh-dao-tao-ngoai-ngu-doi-voi-he-dai-hoc-chinh-quy-cua-truong-dhcntt,https://daa.uit.edu.vn/sites/daa/files/202310/125-qd-dhcntt-dtdh_18-09-2015_quyet_dinh_ban_hanh_qui_dinh_tam_thoi_day_va_hoc_tieng_anh_khoa_2015_0.pdf,manifested,True,,
https://daa.uit.edu.vn/05-quy-dinh-dao-tao-ngoai-ngu-doi-voi-he-dai-hoc-chinh-quy-cua-truong-dhcntt,https://daa.uit.edu.vn/sites/daa/files/202310/128-qd-dhcntt-dtdh_30-8-2016_ban_hanh_qd_day_va_hoc_nn_doi_voi_he_dai_hoc_cq_cua_truong_dhcntt_khoa_2016.pdf,manifested,True,,
https://daa.uit.edu.vn/05-quy-dinh-dao-tao-ngoai-ngu-doi-voi-he-dai-hoc-chinh-quy-cua-truong-dhcntt,https://daa.uit.edu.vn/sites/daa/files/202310/141-qd-dhcntt16-3-2018quy_dinh_dao_tao_ngoai_ngu_doi_voi_he_dh_chinh_quy_cua_truong_dhcntt_ap_dung_tu_khoa_2017_0.pdf,manifested,True,,
https://daa.uit.edu.vn/05-quy-dinh-dao-tao-ngoai-ngu-doi-voi-he-dai-hoc-chinh-quy-cua-truong-dhcntt,https://daa.uit.edu.vn/sites/daa/files/202310/108-qd-dhcntt15-3-2019_sua_doi_bo_sung_quy_dinh_dao_tao_ngoai_ngu_doi_voi_he_dh_chinh_quy_qui_dinh_141_0.pdf,manifested,True,,
https://daa.uit.edu.vn/05-quy-dinh-dao-tao-ngoai-ngu-doi-voi-he-dai-hoc-chinh-quy-cua-truong-dhcntt,https://daa.uit.edu.vn/sites/daa/files/202310/35-tb-dhcntt_21-5-2019_cong_nhan_chung_chi_tieng_nhat_nat-test_cho_chuan_qua_trinh_0_0.pdf,manifested,True,,
https://daa.uit.edu.vn/05-quy-dinh-dao-tao-ngoai-ngu-doi-voi-he-dai-hoc-chinh-quy-cua-truong-dhcntt,https://daa.uit.edu.vn/sites/daa/files/202310/547-qd-dhcntt_30-8-2019_qui_dinh_dao_tao_ngoai_ngu_doi_voi_he_chinh_qui_khoa_2019_0_0.pdf,manifested,True,,
https://daa.uit.edu.vn/05-quy-dinh-dao-tao-ngoai-ngu-doi-voi-he-dai-hoc-chinh-quy-cua-truong-dhcntt,https://daa.uit.edu.vn/sites/daa/files/202310/101-tb-dhcntt_29-12-2021_thong_bao_su_dung_ket_qua_thi_vpet_0_0.pdf,manifested,True,,
https://daa.uit.edu.vn/05-quy-dinh-dao-tao-ngoai-ngu-doi-voi-he-dai-hoc-chinh-quy-cua-truong-dhcntt,https://daa.uit.edu.vn/sites/daa/files/202310/119-tb-dhcntt_19-9-2022_thong_bao_ngung_su_dung_chung_chi_vpet_toeic_bach_khoa_va_phoi_van_bang_moi_0_0.pdf,manifested,True,,
https://daa.uit.edu.vn/05-quy-dinh-dao-tao-ngoai-ngu-doi-voi-he-dai-hoc-chinh-quy-cua-truong-dhcntt,https://daa.uit.edu.vn/sites/daa/files/202310/828_qd-dhcntt_04-10-2022_quy_dinh_dao_tao_ngoai_ngu_doi_voi_he_chinh_qui_khoa_2022_0_0.pdf,manifested,True,,
https://daa.uit.edu.vn/05-quy-dinh-dao-tao-ngoai-ngu-doi-voi-he-dai-hoc-chinh-quy-cua-truong-dhcntt,https://daa.uit.edu.vn/sites/daa/files/202310/153-tb-dhcntt13-12-2022_ngung_su_dung_ket_qua_bai_thi_nn_qt_ielts_indicator_va_toefl_ibt_home_edition_0.pdf,manifested,True,,
https://daa.uit.edu.vn/05-quy-dinh-dao-tao-ngoai-ngu-doi-voi-he-dai-hoc-chinh-quy-cua-truong-dhcntt,https://daa.uit.edu.vn/sites/daa/files/202404/364-qd-dhcntt_22-04-2024_sua_doi_quy_dinh_dao_tao_ngoai_ngu.pdf,manifested,True,,
https://daa.uit.edu.vn/05-quy-dinh-dao-tao-ngoai-ngu-doi-voi-he-dai-hoc-chinh-quy-cua-truong-dhcntt,https://daa.uit.edu.vn/sites/daa/files/202406/560-qd-dhcntt_5-6-2024_sua_doi_quy_dinh_dao_tao_ngoai_ngu_doi_voi_he_dai_hoc_chinh_quy.pdf,manifested,True,,
https://daa.uit.edu.vn/06-quyet-dinh-ve-viec-ban-hanh-quy-dinh-ve-khoa-luan-tot-nghiep-cho-sv-he-cq,https://daa.uit.edu.vn/sites/daa/files/202410/159-qd-dhcntt_05-03-2024_ban_hanh_quy_dinh_kltn.pdf,manifested,True,,
https://daa.uit.edu.vn/07-quyet-dinh-ve-viec-ban-hanh-quy-dinh-chuc-thi-tap-trung-cac-mon-hoc-he-dhcq,https://daa.uit.edu.vn/sites/daa/files/202309/1139_qd-dhcntt_20-12-2022_to_chuc_thi_cac_mon_hoc_he_dai_hoc_chinh_quy.pdf,manifested,True,,
https://daa.uit.edu.vn/07-quyet-dinh-ve-viec-ban-hanh-quy-dinh-chuc-thi-tap-trung-cac-mon-hoc-he-dhcq,https://daa.uit.edu.vn/sites/daa/files/202312/1376_qd-dhcntt_28-12-2023_cap_nhat_quy_dinh_to_chuc_thi.pdf,manifested,True,,
https://daa.uit.edu.vn/37-ban-hanh-quy-dinh-chuc-quan-ly-chuong-trinh-lien-ket-dao-tao-voi-nuoc-ngoai-trinh-do-dai-hoc-tai,https://daa.uit.edu.vn/sites/daa/files/202504/451-qd-dhcntt_10-04-2025.pdf,manifested,True,,
https://daa.uit.edu.vn/39quy-dinh-ve-liem-chinh-hoc-thuat-tai-truong-dai-hoc-cong-nghe-thong-tin,https://daa.uit.edu.vn/sites/daa/files/202510/851-qd-dhcntt-14-08-2024-scan.pdf,manifested,True,,
https://daa.uit.edu.vn/32-quy-trinh-canh-bao-sinh-vien-he-dai-hoc-chinh-quy-ve-ket-qua-dang-ky-hoc-phan-va-ket-qua-hoc-tap,https://daa.uit.edu.vn/sites/daa/files/202409/832_qd-dhcntt12-8-2024.pdf,manifested,True,,
https://daa.uit.edu.vn/35-quy-trinh-cong-nhan-tin-chi-trong-dao-tao-dai-hoc-cua-truong-dai-hoc-cong-nghe-thong-tin,https://daa.uit.edu.vn/sites/daa/files/202503/412-qd-dhcntt_27-03-2025_quy_trinh_cong_nhan_tin_chi_trong_dao_tao_dai_hoc.pdf,manifested,True,,
https://daa.uit.edu.vn/35-quy-trinh-cong-nhan-tin-chi-trong-dao-tao-dai-hoc-cua-truong-dai-hoc-cong-nghe-thong-tin,https://daa.uit.edu.vn/sites/daa/files/202605/513-qd-dhcntt_08-05-2026_sua_doi_bo_sung_quy_dinh_cong_nhan_tin_chi_trong_dao_tao.pdf,manifested,True,,
https://daa.uit.edu.vn/35-quy-trinh-cong-nhan-tin-chi-trong-dao-tao-dai-hoc-cua-truong-dai-hoc-cong-nghe-thong-tin,https://daa.uit.edu.vn/sites/daa/files/202606/1._don_de_nghi_cong_nhan_tin_chi_tu_cac_co_so_dao_tao_trong_nuoc_0.docx,manifested,True,,
https://daa.uit.edu.vn/35-quy-trinh-cong-nhan-tin-chi-trong-dao-tao-dai-hoc-cua-truong-dai-hoc-cong-nghe-thong-tin,https://daa.uit.edu.vn/sites/daa/files/202606/2._don_dang_ky_cong_nhan_tin_chi_0.docx,manifested,True,,
https://daa.uit.edu.vn/35-quy-trinh-cong-nhan-tin-chi-trong-dao-tao-dai-hoc-cua-truong-dai-hoc-cong-nghe-thong-tin,https://daa.uit.edu.vn/sites/daa/files/202606/3._don_de_nghi_bao_luu_hoc_phi_0.docx,manifested,True,,
https://daa.uit.edu.vn/35-quy-trinh-cong-nhan-tin-chi-trong-dao-tao-dai-hoc-cua-truong-dai-hoc-cong-nghe-thong-tin,https://daa.uit.edu.vn/sites/daa/files/202606/4._bao_cao_sau_hoc_tap-dao_tao_voi_co_so_dao_tao_nuoc_ngoai_0.docx,manifested,True,,
https://daa.uit.edu.vn/thongbao/02-quyet-dinh-ve-viec-ban-hanh-qui-dinh-ve-cong-tac-giao-trinh,https://daa.uit.edu.vn/sites/daa/files/202310/53_qd_dhcntt_19_2_2019_quy_che_cong_tac_giao_trinh.pdf,manifested,True,,
https://daa.uit.edu.vn/thongbao/10-quyet-dinh-ve-viec-ban-hanh-quy-trinh-danh-gia-cap-nhat-ctdt-trinh-do-dhsdh,https://daa.uit.edu.vn/sites/daa/files/202309/185-qd-dhcntt_30-3-2018_quyet_dinh_ve_viec_ban_hanh_quy_trinh_danh_gia_cap_nhat_ctdt_trinh_do_dhsdh.pdf,manifested,True,,
https://daa.uit.edu.vn/thongbao/18-quy-trinh-phan-cong-can-bo-coi-thi-cho-cac-dot-thi-tap-trung-he-dai-hoc-chinh-quy,https://daa.uit.edu.vn/sites/daa/files/202309/672-qd-dhcntt_15-10-2020_quy_trinh_phan_cong_cbct.pdf,manifested,True,,
https://daa.uit.edu.vn/thongbao/18-quy-trinh-phan-cong-can-bo-coi-thi-cho-cac-dot-thi-tap-trung-he-dai-hoc-chinh-quy,https://daa.uit.edu.vn/sites/daa/files/202309/936_qd-dhcntt_13-9-2023_sua_doi_quy_trinh_phan_cong_can_bo_coi_thi.pdf,manifested,True,,
https://daa.uit.edu.vn/thongbao/19-quy-trinh-nop-khoa-luan-tot-nghiep-sau-khi-bao-ve-truoc-hoi-dong-bao-ve-khoa-luan-tot,https://daa.uit.edu.vn/sites/daa/files/202309/583-qd-dhcntt_12-6-2023_ban_hanh_quy_trinh_nop_kltn_sau_khi_bao_ve_truoc_hoi_dong_bao_ve_kltn.pdf,manifested,True,,
https://daa.uit.edu.vn/thongbao/21-huong-dan-thang-phan-loai-nhan-thuc-ky-nang-thai-do-su-dung-tai-truong-dai-hoc-cong-nghe,https://daa.uit.edu.vn/sites/daa/files/202309/123-qd-dhcntt_ban_hanh_huong_dan_thang_phan_loai_nhan_thuc_ky_nang_thai_do.pdf,manifested,True,,
