sort_index,file_path,relative_file_path,title,document_date,effective_date,source_page_date,source_page_url,source_page_title,crawl_date,file_mtime,date_source,date_confidence,legal_sort_bucket,legal_sort_date,legal_sort_confidence,legal_sort_group,legal_sort_sequence,sort_policy_source,sort_policy_reason,relationship_hint,original_file_url,url_status,url_ok,url_source,notes
1,C:\Users\hoang\Downloads\project\uit_firecrawl_new\firecrawl\data\daa\chuongtrinh_daotao\he-chinhquy\khac\chuongtrinhdaotaocu\pdf\CTDT_KHMT_khoa%201.pdf,daa/chuongtrinh_daotao/he-chinhquy/khac/chuongtrinhdaotaocu/pdf/CTDT_KHMT_khoa%201.pdf,CTDT_KHMT_khoa%201.pdf,,,,,Chương trình đào tạo cũ,,2025-11-09T19:20:42.650817,missing,low,manual_override,2011-01-01,manual,legacy_curriculum_source_page_order,001,manual_override,manual legacy curriculum order from official source-page table,base_or_unknown,https://daa.uit.edu.vn/sites/daa/files/files/CTDT_KHMT_khoa%201.pdf,206,true,cached_exact_name,discovered_from_filesystem;manual_override:manual legacy curriculum order from official source-page table
2,C:\Users\hoang\Downloads\project\uit_firecrawl_new\firecrawl\data\daa\chuongtrinh_daotao\he-chinhquy\khac\chuongtrinhdaotaocu\pdf\CTDT_KHMT_khoa-1-ba6fe0ba.pdf,daa/chuongtrinh_daotao/he-chinhquy/khac/chuongtrinhdaotaocu/pdf/CTDT_KHMT_khoa-1-ba6fe0ba.pdf,CTDT_KHMT_khoa-1-ba6fe0ba.pdf,,,,,Chương trình đào tạo cũ,2026-04-16,2026-04-16T19:52:16.235383,missing,low,manual_override,2011-01-01,manual,legacy_curriculum_source_page_order,002,manual_override,manual legacy curriculum order from official source-page table,base_or_unknown,https://daa.uit.edu.vn/sites/daa/files/files/CTDT_KHMT_khoa%201.pdf,206,true,metadata_file_path,from_metadata;manual_override:manual legacy curriculum order from official source-page table
3,C:\Users\hoang\Downloads\project\uit_firecrawl_new\firecrawl\data\daa\chuongtrinh_daotao\he-chinhquy\khac\chuongtrinhdaotaocu\pdf\CTDT_KHMT_khoa%202.pdf,daa/chuongtrinh_daotao/he-chinhquy/khac/chuongtrinhdaotaocu/pdf/CTDT_KHMT_khoa%202.pdf,CTDT_KHMT_khoa%202.pdf,,,,,Chương trình đào tạo cũ,,2025-11-09T19:20:42.966851,missing,low,manual_override,2011-01-01,manual,legacy_curriculum_source_page_order,003,manual_override,manual legacy curriculum order from official source-page table,base_or_unknown,https://daa.uit.edu.vn/sites/daa/files/files/CTDT_KHMT_khoa%202.pdf,206,true,cached_exact_name,discovered_from_filesystem;manual_override:manual legacy curriculum order from official source-page table
4,C:\Users\hoang\Downloads\project\uit_firecrawl_new\firecrawl\data\daa\chuongtrinh_daotao\he-chinhquy\khac\chuongtrinhdaotaocu\pdf\CTDT_KHMT_khoa-2-73e698aa.pdf,daa/chuongtrinh_daotao/he-chinhquy/khac/chuongtrinhdaotaocu/pdf/CTDT_KHMT_khoa-2-73e698aa.pdf,CTDT_KHMT_khoa-2-73e698aa.pdf,,,,,Chương trình đào tạo cũ,2026-04-16,2026-04-16T19:52:16.350479,missing,low,manual_override,2011-01-01,manual,legacy_curriculum_source_page_order,004,manual_override,manual legacy curriculum order from official source-page table,base_or_unknown,https://daa.uit.edu.vn/sites/daa/files/files/CTDT_KHMT_khoa%202.pdf,206,true,metadata_file_path,from_metadata;manual_override:manual legacy curriculum order from official source-page table
5,C:\Users\hoang\Downloads\project\uit_firecrawl_new\firecrawl\data\daa\chuongtrinh_daotao\he-chinhquy\khac\chuongtrinhdaotaocu\pdf\CTDT_KHMT_khoa%203.pdf,daa/chuongtrinh_daotao/he-chinhquy/khac/chuongtrinhdaotaocu/pdf/CTDT_KHMT_khoa%203.pdf,CTDT_KHMT_khoa%203.pdf,,,,,Chương trình đào tạo cũ,,2025-11-09T19:20:43.274742,missing,low,manual_override,2011-01-01,manual,legacy_curriculum_source_page_order,005,manual_override,manual legacy curriculum order from official source-page table,base_or_unknown,https://daa.uit.edu.vn/sites/daa/files/files/CTDT_KHMT_khoa%203.pdf,206,true,cached_exact_name,discovered_from_filesystem;manual_override:manual legacy curriculum order from official source-page table
6,C:\Users\hoang\Downloads\project\uit_firecrawl_new\firecrawl\data\daa\chuongtrinh_daotao\he-chinhquy\khac\chuongtrinhdaotaocu\pdf\CTDT_KHMT_khoa-3-7dc30753.pdf,daa/chuongtrinh_daotao/he-chinhquy/khac/chuongtrinhdaotaocu/pdf/CTDT_KHMT_khoa-3-7dc30753.pdf,CTDT_KHMT_khoa-3-7dc30753.pdf,,,,,Chương trình đào tạo cũ,2026-04-16,2026-04-16T19:52:16.439386,missing,low,manual_override,2011-01-01,manual,legacy_curriculum_source_page_order,006,manual_override,manual legacy curriculum order from official source-page table,base_or_unknown,https://daa.uit.edu.vn/sites/daa/files/files/CTDT_KHMT_khoa%203.pdf,206,true,metadata_file_path,from_metadata;manual_override:manual legacy curriculum order from official source-page table
7,C:\Users\hoang\Downloads\project\uit_firecrawl_new\firecrawl\data\daa\chuongtrinh_daotao\he-chinhquy\khac\chuongtrinhdaotaocu\pdf\CTDT_KHMT_khoa%204.pdf,daa/chuongtrinh_daotao/he-chinhquy/khac/chuongtrinhdaotaocu/pdf/CTDT_KHMT_khoa%204.pdf,CTDT_KHMT_khoa%204.pdf,,,,,Chương trình đào tạo cũ,,2025-11-09T19:20:43.572818,missing,low,manual_override,2011-01-01,manual,legacy_curriculum_source_page_order,007,manual_override,manual legacy curriculum order from official source-page table,base_or_unknown,https://daa.uit.edu.vn/sites/daa/files/files/CTDT_KHMT_khoa%204.pdf,206,true,cached_exact_name,discovered_from_filesystem;manual_override:manual legacy curriculum order from official source-page table
8,C:\Users\hoang\Downloads\project\uit_firecrawl_new\firecrawl\data\daa\chuongtrinh_daotao\he-chinhquy\khac\chuongtrinhdaotaocu\pdf\CTDT_KHMT_khoa-4-81afba3c.pdf,daa/chuongtrinh_daotao/he-chinhquy/khac/chuongtrinhdaotaocu/pdf/CTDT_KHMT_khoa-4-81afba3c.pdf,CTDT_KHMT_khoa-4-81afba3c.pdf,,,,,Chương trình đào tạo cũ,2026-04-16,2026-04-16T19:52:16.540160,missing,low,manual_override,2011-01-01,manual,legacy_curriculum_source_page_order,008,manual_override,manual legacy curriculum order from official source-page table,base_or_unknown,https://daa.uit.edu.vn/sites/daa/files/files/CTDT_KHMT_khoa%204.pdf,206,true,metadata_file_path,from_metadata;manual_override:manual legacy curriculum order from official source-page table
9,C:\Users\hoang\Downloads\project\uit_firecrawl_new\firecrawl\data\daa\chuongtrinh_daotao\he-chinhquy\khac\chuongtrinhdaotaocu\pdf\CTDT_CNPM_khoa1.pdf,daa/chuongtrinh_daotao/he-chinhquy/khac/chuongtrinhdaotaocu/pdf/CTDT_CNPM_khoa1.pdf,CTDT_CNPM_khoa1.pdf,,,,,Chương trình đào tạo cũ,,2025-11-09T19:20:43.876219,missing,low,manual_override,2011-01-01,manual,legacy_curriculum_source_page_order,009,manual_override,manual legacy curriculum order from official source-page table,base_or_unknown,https://daa.uit.edu.vn/sites/daa/files/files/CTDT_CNPM_khoa1.pdf,206,true,cached_exact_name,discovered_from_filesystem;manual_override:manual legacy curriculum order from official source-page table
10,C:\Users\hoang\Downloads\project\uit_firecrawl_new\firecrawl\data\daa\chuongtrinh_daotao\he-chinhquy\khac\chuongtrinhdaotaocu\pdf\CTDT_CNPM_khoa1-d379fbb0.pdf,daa/chuongtrinh_daotao/he-chinhquy/khac/chuongtrinhdaotaocu/pdf/CTDT_CNPM_khoa1-d379fbb0.pdf,CTDT_CNPM_khoa1-d379fbb0.pdf,,,,,Chương trình đào tạo cũ,2026-04-16,2026-04-16T19:52:16.638457,missing,low,manual_override,2011-01-01,manual,legacy_curriculum_source_page_order,010,manual_override,manual legacy curriculum order from official source-page table,base_or_unknown,https://daa.uit.edu.vn/sites/daa/files/files/CTDT_CNPM_khoa1.pdf,206,true,metadata_file_path,from_metadata;manual_override:manual legacy curriculum order from official source-page table
11,C:\Users\hoang\Downloads\project\uit_firecrawl_new\firecrawl\data\daa\chuongtrinh_daotao\he-chinhquy\khac\chuongtrinhdaotaocu\pdf\CTDT_CNPM_khoa2.pdf,daa/chuongtrinh_daotao/he-chinhquy/khac/chuongtrinhdaotaocu/pdf/CTDT_CNPM_khoa2.pdf,CTDT_CNPM_khoa2.pdf,,,,,Chương trình đào tạo cũ,,2025-11-09T19:20:44.176954,missing,low,manual_override,2011-01-01,manual,legacy_curriculum_source_page_order,011,manual_override,manual legacy curriculum order from official source-page table,base_or_unknown,https://daa.uit.edu.vn/sites/daa/files/files/CTDT_CNPM_khoa2.pdf,206,true,cached_exact_name,discovered_from_filesystem;manual_override:manual legacy curriculum order from official source-page table
12,C:\Users\hoang\Downloads\project\uit_firecrawl_new\firecrawl\data\daa\chuongtrinh_daotao\he-chinhquy\khac\chuongtrinhdaotaocu\pdf\CTDT_CNPM_khoa2-9227bf0b.pdf,daa/chuongtrinh_daotao/he-chinhquy/khac/chuongtrinhdaotaocu/pdf/CTDT_CNPM_khoa2-9227bf0b.pdf,CTDT_CNPM_khoa2-9227bf0b.pdf,,,,,Chương trình đào tạo cũ,2026-04-16,2026-04-16T19:52:16.744819,missing,low,manual_override,2011-01-01,manual,legacy_curriculum_source_page_order,012,manual_override,manual legacy curriculum order from official source-page table,base_or_unknown,https://daa.uit.edu.vn/sites/daa/files/files/CTDT_CNPM_khoa2.pdf,206,true,metadata_file_path,from_metadata;manual_override:manual legacy curriculum order from official source-page table
13,C:\Users\hoang\Downloads\project\uit_firecrawl_new\firecrawl\data\daa\chuongtrinh_daotao\he-chinhquy\khac\chuongtrinhdaotaocu\pdf\CTDT_HTTT_khoa%201.pdf,daa/chuongtrinh_daotao/he-chinhquy/khac/chuongtrinhdaotaocu/pdf/CTDT_HTTT_khoa%201.pdf,CTDT_HTTT_khoa%201.pdf,,,,,Chương trình đào tạo cũ,,2025-11-09T19:20:44.475661,missing,low,manual_override,2011-01-01,manual,legacy_curriculum_source_page_order,013,manual_override,manual legacy curriculum order from official source-page table,base_or_unknown,https://daa.uit.edu.vn/sites/daa/files/files/CTDT_HTTT_khoa%201.pdf,206,true,cached_exact_name,discovered_from_filesystem;manual_override:manual legacy curriculum order from official source-page table
14,C:\Users\hoang\Downloads\project\uit_firecrawl_new\firecrawl\data\daa\chuongtrinh_daotao\he-chinhquy\khac\chuongtrinhdaotaocu\pdf\CTDT_HTTT_khoa-1-da9def41.pdf,daa/chuongtrinh_daotao/he-chinhquy/khac/chuongtrinhdaotaocu/pdf/CTDT_HTTT_khoa-1-da9def41.pdf,CTDT_HTTT_khoa-1-da9def41.pdf,,,,,Chương trình đào tạo cũ,2026-04-16,2026-04-16T19:52:16.844182,missing,low,manual_override,2011-01-01,manual,legacy_curriculum_source_page_order,014,manual_override,manual legacy curriculum order from official source-page table,base_or_unknown,https://daa.uit.edu.vn/sites/daa/files/files/CTDT_HTTT_khoa%201.pdf,206,true,metadata_file_path,from_metadata;manual_override:manual legacy curriculum order from official source-page table
15,C:\Users\hoang\Downloads\project\uit_firecrawl_new\firecrawl\data\daa\chuongtrinh_daotao\he-chinhquy\khac\chuongtrinhdaotaocu\pdf\CTDT_HTTT_khoa%202.pdf,daa/chuongtrinh_daotao/he-chinhquy/khac/chuongtrinhdaotaocu/pdf/CTDT_HTTT_khoa%202.pdf,CTDT_HTTT_khoa%202.pdf,,,,,Chương trình đào tạo cũ,,2025-11-09T19:20:44.784449,missing,low,manual_override,2011-01-01,manual,legacy_curriculum_source_page_order,015,manual_override,manual legacy curriculum order from official source-page table,base_or_unknown,https://daa.uit.edu.vn/sites/daa/files/files/CTDT_HTTT_khoa%202.pdf,206,true,cached_exact_name,discovered_from_filesystem;manual_override:manual legacy curriculum order from official source-page table
16,C:\Users\hoang\Downloads\project\uit_firecrawl_new\firecrawl\data\daa\chuongtrinh_daotao\he-chinhquy\khac\chuongtrinhdaotaocu\pdf\CTDT_HTTT_khoa-2-4c5a8026.pdf,daa/chuongtrinh_daotao/he-chinhquy/khac/chuongtrinhdaotaocu/pdf/CTDT_HTTT_khoa-2-4c5a8026.pdf,CTDT_HTTT_khoa-2-4c5a8026.pdf,,,,,Chương trình đào tạo cũ,2026-04-16,2026-04-16T19:52:16.941722,missing,low,manual_override,2011-01-01,manual,legacy_curriculum_source_page_order,016,manual_override,manual legacy curriculum order from official source-page table,base_or_unknown,https://daa.uit.edu.vn/sites/daa/files/files/CTDT_HTTT_khoa%202.pdf,206,true,metadata_file_path,from_metadata;manual_override:manual legacy curriculum order from official source-page table
17,C:\Users\hoang\Downloads\project\uit_firecrawl_new\firecrawl\data\daa\chuongtrinh_daotao\he-chinhquy\khac\chuongtrinhdaotaocu\pdf\CTDT_HTTT_khoa%203.pdf,daa/chuongtrinh_daotao/he-chinhquy/khac/chuongtrinhdaotaocu/pdf/CTDT_HTTT_khoa%203.pdf,CTDT_HTTT_khoa%203.pdf,,,,,Chương trình đào tạo cũ,,2025-11-09T19:20:45.089670,missing,low,manual_override,2011-01-01,manual,legacy_curriculum_source_page_order,017,manual_override,manual legacy curriculum order from official source-page table,base_or_unknown,https://daa.uit.edu.vn/sites/daa/files/files/CTDT_HTTT_khoa%203.pdf,206,true,cached_exact_name,discovered_from_filesystem;manual_override:manual legacy curriculum order from official source-page table
18,C:\Users\hoang\Downloads\project\uit_firecrawl_new\firecrawl\data\daa\chuongtrinh_daotao\he-chinhquy\khac\chuongtrinhdaotaocu\pdf\CTDT_HTTT_khoa-3-8eb6d471.pdf,daa/chuongtrinh_daotao/he-chinhquy/khac/chuongtrinhdaotaocu/pdf/CTDT_HTTT_khoa-3-8eb6d471.pdf,CTDT_HTTT_khoa-3-8eb6d471.pdf,,,,,Chương trình đào tạo cũ,2026-04-16,2026-04-16T19:52:17.046700,missing,low,manual_override,2011-01-01,manual,legacy_curriculum_source_page_order,018,manual_override,manual legacy curriculum order from official source-page table,base_or_unknown,https://daa.uit.edu.vn/sites/daa/files/files/CTDT_HTTT_khoa%203.pdf,206,true,metadata_file_path,from_metadata;manual_override:manual legacy curriculum order from official source-page table
19,C:\Users\hoang\Downloads\project\uit_firecrawl_new\firecrawl\data\daa\chuongtrinh_daotao\he-chinhquy\khac\chuongtrinhdaotaocu\pdf\CTDT_HTTT_khoa%204.pdf,daa/chuongtrinh_daotao/he-chinhquy/khac/chuongtrinhdaotaocu/pdf/CTDT_HTTT_khoa%204.pdf,CTDT_HTTT_khoa%204.pdf,,,,,Chương trình đào tạo cũ,,2025-11-09T19:20:45.406942,missing,low,manual_override,2011-01-01,manual,legacy_curriculum_source_page_order,019,manual_override,manual legacy curriculum order from official source-page table,base_or_unknown,https://daa.uit.edu.vn/sites/daa/files/files/CTDT_HTTT_khoa%204.pdf,206,true,cached_exact_name,discovered_from_filesystem;manual_override:manual legacy curriculum order from official source-page table
20,C:\Users\hoang\Downloads\project\uit_firecrawl_new\firecrawl\data\daa\chuongtrinh_daotao\he-chinhquy\khac\chuongtrinhdaotaocu\pdf\CTDT_HTTT_khoa-4-7b63002a.pdf,daa/chuongtrinh_daotao/he-chinhquy/khac/chuongtrinhdaotaocu/pdf/CTDT_HTTT_khoa-4-7b63002a.pdf,CTDT_HTTT_khoa-4-7b63002a.pdf,,,,,Chương trình đào tạo cũ,2026-04-16,2026-04-16T19:52:17.181320,missing,low,manual_override,2011-01-01,manual,legacy_curriculum_source_page_order,020,manual_override,manual legacy curriculum order from official source-page table,base_or_unknown,https://daa.uit.edu.vn/sites/daa/files/files/CTDT_HTTT_khoa%204.pdf,206,true,metadata_file_path,from_metadata;manual_override:manual legacy curriculum order from official source-page table
21,C:\Users\hoang\Downloads\project\uit_firecrawl_new\firecrawl\data\daa\chuongtrinh_daotao\he-chinhquy\khac\chuongtrinhdaotaocu\pdf\CTDT_HTTT_khoa%205.pdf,daa/chuongtrinh_daotao/he-chinhquy/khac/chuongtrinhdaotaocu/pdf/CTDT_HTTT_khoa%205.pdf,CTDT_HTTT_khoa%205.pdf,,,,,Chương trình đào tạo cũ,,2025-11-09T19:20:45.729318,missing,low,manual_override,2011-01-01,manual,legacy_curriculum_source_page_order,021,manual_override,manual legacy curriculum order from official source-page table,base_or_unknown,https://daa.uit.edu.vn/sites/daa/files/files/CTDT_HTTT_khoa%205.pdf,206,true,cached_exact_name,discovered_from_filesystem;manual_override:manual legacy curriculum order from official source-page table
22,C:\Users\hoang\Downloads\project\uit_firecrawl_new\firecrawl\data\daa\chuongtrinh_daotao\he-chinhquy\khac\chuongtrinhdaotaocu\pdf\CTDT_HTTT_khoa-5-c8d617b4.pdf,daa/chuongtrinh_daotao/he-chinhquy/khac/chuongtrinhdaotaocu/pdf/CTDT_HTTT_khoa-5-c8d617b4.pdf,CTDT_HTTT_khoa-5-c8d617b4.pdf,,,,,Chương trình đào tạo cũ,2026-04-16,2026-04-16T19:52:17.294589,missing,low,manual_override,2011-01-01,manual,legacy_curriculum_source_page_order,022,manual_override,manual legacy curriculum order from official source-page table,base_or_unknown,https://daa.uit.edu.vn/sites/daa/files/files/CTDT_HTTT_khoa%205.pdf,206,true,metadata_file_path,from_metadata;manual_override:manual legacy curriculum order from official source-page table
23,C:\Users\hoang\Downloads\project\uit_firecrawl_new\firecrawl\data\daa\chuongtrinh_daotao\he-chinhquy\khac\chuongtrinhdaotaocu\pdf\CTDT_KTMT_khoa%201.pdf,daa/chuongtrinh_daotao/he-chinhquy/khac/chuongtrinhdaotaocu/pdf/CTDT_KTMT_khoa%201.pdf,CTDT_KTMT_khoa%201.pdf,,,,,Chương trình đào tạo cũ,,2025-11-09T19:20:46.031801,missing,low,manual_override,2011-01-01,manual,legacy_curriculum_source_page_order,023,manual_override,manual legacy curriculum order from official source-page table,base_or_unknown,https://daa.uit.edu.vn/sites/daa/files/files/CTDT_KTMT_khoa%201.pdf,206,true,cached_exact_name,discovered_from_filesystem;manual_override:manual legacy curriculum order from official source-page table
24,C:\Users\hoang\Downloads\project\uit_firecrawl_new\firecrawl\data\daa\chuongtrinh_daotao\he-chinhquy\khac\chuongtrinhdaotaocu\pdf\CTDT_KTMT_khoa-1-f0101eaa.pdf,daa/chuongtrinh_daotao/he-chinhquy/khac/chuongtrinhdaotaocu/pdf/CTDT_KTMT_khoa-1-f0101eaa.pdf,CTDT_KTMT_khoa-1-f0101eaa.pdf,,,,,Chương trình đào tạo cũ,2026-04-16,2026-04-16T19:52:17.384315,missing,low,manual_override,2011-01-01,manual,legacy_curriculum_source_page_order,024,manual_override,manual legacy curriculum order from official source-page table,base_or_unknown,https://daa.uit.edu.vn/sites/daa/files/files/CTDT_KTMT_khoa%201.pdf,206,true,metadata_file_path,from_metadata;manual_override:manual legacy curriculum order from official source-page table
25,C:\Users\hoang\Downloads\project\uit_firecrawl_new\firecrawl\data\daa\chuongtrinh_daotao\he-chinhquy\khac\chuongtrinhdaotaocu\pdf\CTDT_KTMT_khoa%202.pdf,daa/chuongtrinh_daotao/he-chinhquy/khac/chuongtrinhdaotaocu/pdf/CTDT_KTMT_khoa%202.pdf,CTDT_KTMT_khoa%202.pdf,,,,,Chương trình đào tạo cũ,,2025-11-09T19:20:46.364700,missing,low,manual_override,2011-01-01,manual,legacy_curriculum_source_page_order,025,manual_override,manual legacy curriculum order from official source-page table,base_or_unknown,https://daa.uit.edu.vn/sites/daa/files/files/CTDT_KTMT_khoa%202.pdf,206,true,cached_exact_name,discovered_from_filesystem;manual_override:manual legacy curriculum order from official source-page table
26,C:\Users\hoang\Downloads\project\uit_firecrawl_new\firecrawl\data\daa\chuongtrinh_daotao\he-chinhquy\khac\chuongtrinhdaotaocu\pdf\CTDT_KTMT_khoa-2-a8b25a4b.pdf,daa/chuongtrinh_daotao/he-chinhquy/khac/chuongtrinhdaotaocu/pdf/CTDT_KTMT_khoa-2-a8b25a4b.pdf,CTDT_KTMT_khoa-2-a8b25a4b.pdf,,,,,Chương trình đào tạo cũ,2026-04-16,2026-04-16T19:52:17.478244,missing,low,manual_override,2011-01-01,manual,legacy_curriculum_source_page_order,026,manual_override,manual legacy curriculum order from official source-page table,base_or_unknown,https://daa.uit.edu.vn/sites/daa/files/files/CTDT_KTMT_khoa%202.pdf,206,true,metadata_file_path,from_metadata;manual_override:manual legacy curriculum order from official source-page table
27,C:\Users\hoang\Downloads\project\uit_firecrawl_new\firecrawl\data\daa\chuongtrinh_daotao\he-chinhquy\khac\chuongtrinhdaotaocu\pdf\CTDT_KTMT_khoa%203.pdf,daa/chuongtrinh_daotao/he-chinhquy/khac/chuongtrinhdaotaocu/pdf/CTDT_KTMT_khoa%203.pdf,CTDT_KTMT_khoa%203.pdf,,,,,Chương trình đào tạo cũ,,2025-11-09T19:20:46.678638,missing,low,manual_override,2011-01-01,manual,legacy_curriculum_source_page_order,027,manual_override,manual legacy curriculum order from official source-page table,base_or_unknown,https://daa.uit.edu.vn/sites/daa/files/files/CTDT_KTMT_khoa%203.pdf,206,true,cached_exact_name,discovered_from_filesystem;manual_override:manual legacy curriculum order from official source-page table
28,C:\Users\hoang\Downloads\project\uit_firecrawl_new\firecrawl\data\daa\chuongtrinh_daotao\he-chinhquy\khac\chuongtrinhdaotaocu\pdf\CTDT_KTMT_khoa-3-f283a935.pdf,daa/chuongtrinh_daotao/he-chinhquy/khac/chuongtrinhdaotaocu/pdf/CTDT_KTMT_khoa-3-f283a935.pdf,CTDT_KTMT_khoa-3-f283a935.pdf,,,,,Chương trình đào tạo cũ,2026-04-16,2026-04-16T19:52:17.566093,missing,low,manual_override,2011-01-01,manual,legacy_curriculum_source_page_order,028,manual_override,manual legacy curriculum order from official source-page table,base_or_unknown,https://daa.uit.edu.vn/sites/daa/files/files/CTDT_KTMT_khoa%203.pdf,206,true,metadata_file_path,from_metadata;manual_override:manual legacy curriculum order from official source-page table
29,C:\Users\hoang\Downloads\project\uit_firecrawl_new\firecrawl\data\daa\chuongtrinh_daotao\he-chinhquy\khac\chuongtrinhdaotaocu\pdf\CTDT_KTMT_khoa%204.pdf,daa/chuongtrinh_daotao/he-chinhquy/khac/chuongtrinhdaotaocu/pdf/CTDT_KTMT_khoa%204.pdf,CTDT_KTMT_khoa%204.pdf,,,,,Chương trình đào tạo cũ,,2025-11-09T19:20:46.982590,missing,low,manual_override,2011-01-01,manual,legacy_curriculum_source_page_order,029,manual_override,manual legacy curriculum order from official source-page table,base_or_unknown,https://daa.uit.edu.vn/sites/daa/files/files/CTDT_KTMT_khoa%204.pdf,206,true,cached_exact_name,discovered_from_filesystem;manual_override:manual legacy curriculum order from official source-page table
30,C:\Users\hoang\Downloads\project\uit_firecrawl_new\firecrawl\data\daa\chuongtrinh_daotao\he-chinhquy\khac\chuongtrinhdaotaocu\pdf\CTDT_KTMT_khoa-4-9d98aff9.pdf,daa/chuongtrinh_daotao/he-chinhquy/khac/chuongtrinhdaotaocu/pdf/CTDT_KTMT_khoa-4-9d98aff9.pdf,CTDT_KTMT_khoa-4-9d98aff9.pdf,,,,,Chương trình đào tạo cũ,2026-04-16,2026-04-16T19:52:17.656312,missing,low,manual_override,2011-01-01,manual,legacy_curriculum_source_page_order,030,manual_override,manual legacy curriculum order from official source-page table,base_or_unknown,https://daa.uit.edu.vn/sites/daa/files/files/CTDT_KTMT_khoa%204.pdf,206,true,metadata_file_path,from_metadata;manual_override:manual legacy curriculum order from official source-page table
31,C:\Users\hoang\Downloads\project\uit_firecrawl_new\firecrawl\data\daa\chuongtrinh_daotao\he-chinhquy\khac\chuongtrinhdaotaocu\pdf\CTDT_KTMT_khoa%205.pdf,daa/chuongtrinh_daotao/he-chinhquy/khac/chuongtrinhdaotaocu/pdf/CTDT_KTMT_khoa%205.pdf,CTDT_KTMT_khoa%205.pdf,,,,,Chương trình đào tạo cũ,,2025-11-09T19:20:47.297497,missing,low,manual_override,2011-01-01,manual,legacy_curriculum_source_page_order,031,manual_override,manual legacy curriculum order from official source-page table,base_or_unknown,https://daa.uit.edu.vn/sites/daa/files/files/CTDT_KTMT_khoa%205.pdf,206,true,cached_exact_name,discovered_from_filesystem;manual_override:manual legacy curriculum order from official source-page table
32,C:\Users\hoang\Downloads\project\uit_firecrawl_new\firecrawl\data\daa\chuongtrinh_daotao\he-chinhquy\khac\chuongtrinhdaotaocu\pdf\CTDT_KTMT_khoa-5-703230b6.pdf,daa/chuongtrinh_daotao/he-chinhquy/khac/chuongtrinhdaotaocu/pdf/CTDT_KTMT_khoa-5-703230b6.pdf,CTDT_KTMT_khoa-5-703230b6.pdf,,,,,Chương trình đào tạo cũ,2026-04-16,2026-04-16T19:52:17.754436,missing,low,manual_override,2011-01-01,manual,legacy_curriculum_source_page_order,032,manual_override,manual legacy curriculum order from official source-page table,base_or_unknown,https://daa.uit.edu.vn/sites/daa/files/files/CTDT_KTMT_khoa%205.pdf,206,true,metadata_file_path,from_metadata;manual_override:manual legacy curriculum order from official source-page table
33,C:\Users\hoang\Downloads\project\uit_firecrawl_new\firecrawl\data\daa\chuongtrinh_daotao\he-chinhquy\khac\chuongtrinhdaotaocu\pdf\CTDT_MMT_khoa%201.pdf,daa/chuongtrinh_daotao/he-chinhquy/khac/chuongtrinhdaotaocu/pdf/CTDT_MMT_khoa%201.pdf,CTDT_MMT_khoa%201.pdf,,,,,Chương trình đào tạo cũ,,2025-11-09T19:20:47.603974,missing,low,manual_override,2011-01-01,manual,legacy_curriculum_source_page_order,033,manual_override,manual legacy curriculum order from official source-page table,base_or_unknown,https://daa.uit.edu.vn/sites/daa/files/files/CTDT_MMT_khoa%201.pdf,206,true,cached_exact_name,discovered_from_filesystem;manual_override:manual legacy curriculum order from official source-page table
34,C:\Users\hoang\Downloads\project\uit_firecrawl_new\firecrawl\data\daa\chuongtrinh_daotao\he-chinhquy\khac\chuongtrinhdaotaocu\pdf\CTDT_MMT_khoa-1-09fe0bb1.pdf,daa/chuongtrinh_daotao/he-chinhquy/khac/chuongtrinhdaotaocu/pdf/CTDT_MMT_khoa-1-09fe0bb1.pdf,CTDT_MMT_khoa-1-09fe0bb1.pdf,,,,,Chương trình đào tạo cũ,2026-04-16,2026-04-16T19:52:17.847406,missing,low,manual_override,2011-01-01,manual,legacy_curriculum_source_page_order,034,manual_override,manual legacy curriculum order from official source-page table,base_or_unknown,https://daa.uit.edu.vn/sites/daa/files/files/CTDT_MMT_khoa%201.pdf,206,true,metadata_file_path,from_metadata;manual_override:manual legacy curriculum order from official source-page table
35,C:\Users\hoang\Downloads\project\uit_firecrawl_new\firecrawl\data\daa\chuongtrinh_daotao\he-chinhquy\khac\chuongtrinhdaotaocu\pdf\CTDT_MMT_khoa%202.pdf,daa/chuongtrinh_daotao/he-chinhquy/khac/chuongtrinhdaotaocu/pdf/CTDT_MMT_khoa%202.pdf,CTDT_MMT_khoa%202.pdf,,,,,Chương trình đào tạo cũ,,2025-11-09T19:20:47.909503,missing,low,manual_override,2011-01-01,manual,legacy_curriculum_source_page_order,035,manual_override,manual legacy curriculum order from official source-page table,base_or_unknown,https://daa.uit.edu.vn/sites/daa/files/files/CTDT_MMT_khoa%202.pdf,206,true,cached_exact_name,discovered_from_filesystem;manual_override:manual legacy curriculum order from official source-page table
36,C:\Users\hoang\Downloads\project\uit_firecrawl_new\firecrawl\data\daa\chuongtrinh_daotao\he-chinhquy\khac\chuongtrinhdaotaocu\pdf\CTDT_MMT_khoa-2-e285d7dd.pdf,daa/chuongtrinh_daotao/he-chinhquy/khac/chuongtrinhdaotaocu/pdf/CTDT_MMT_khoa-2-e285d7dd.pdf,CTDT_MMT_khoa-2-e285d7dd.pdf,,,,,Chương trình đào tạo cũ,2026-04-16,2026-04-16T19:52:17.958096,missing,low,manual_override,2011-01-01,manual,legacy_curriculum_source_page_order,036,manual_override,manual legacy curriculum order from official source-page table,base_or_unknown,https://daa.uit.edu.vn/sites/daa/files/files/CTDT_MMT_khoa%202.pdf,206,true,metadata_file_path,from_metadata;manual_override:manual legacy curriculum order from official source-page table
37,C:\Users\hoang\Downloads\project\uit_firecrawl_new\firecrawl\data\daa\chuongtrinh_daotao\he-chinhquy\khac\chuongtrinhdaotaocu\pdf\CTDT_CUNHANTAINANG_khoa%201.pdf,daa/chuongtrinh_daotao/he-chinhquy/khac/chuongtrinhdaotaocu/pdf/CTDT_CUNHANTAINANG_khoa%201.pdf,CTDT_CUNHANTAINANG_khoa%201.pdf,,,,,Chương trình đào tạo cũ,,2025-11-09T19:20:48.215724,missing,low,manual_override,2011-01-01,manual,legacy_curriculum_source_page_order,037,manual_override,manual legacy curriculum order from official source-page table,base_or_unknown,https://daa.uit.edu.vn/sites/daa/files/files/CTDT_CUNHANTAINANG_khoa%201.pdf,206,true,cached_exact_name,discovered_from_filesystem;manual_override:manual legacy curriculum order from official source-page table
38,C:\Users\hoang\Downloads\project\uit_firecrawl_new\firecrawl\data\daa\chuongtrinh_daotao\he-chinhquy\khac\chuongtrinhdaotaocu\pdf\CTDT_CUNHANTAINANG_khoa-1-400d66c6.pdf,daa/chuongtrinh_daotao/he-chinhquy/khac/chuongtrinhdaotaocu/pdf/CTDT_CUNHANTAINANG_khoa-1-400d66c6.pdf,CTDT_CUNHANTAINANG_khoa-1-400d66c6.pdf,,,,,Chương trình đào tạo cũ,2026-04-16,2026-04-16T19:52:18.088186,missing,low,manual_override,2011-01-01,manual,legacy_curriculum_source_page_order,038,manual_override,manual legacy curriculum order from official source-page table,base_or_unknown,https://daa.uit.edu.vn/sites/daa/files/files/CTDT_CUNHANTAINANG_khoa%201.pdf,206,true,metadata_file_path,from_metadata;manual_override:manual legacy curriculum order from official source-page table
39,C:\Users\hoang\Downloads\project\uit_firecrawl_new\firecrawl\data\daa\chuongtrinh_daotao\he-chinhquy\khac\chuongtrinhdaotaocu\pdf\CTDT_CUNHANTAINANG_khoa%202.pdf,daa/chuongtrinh_daotao/he-chinhquy/khac/chuongtrinhdaotaocu/pdf/CTDT_CUNHANTAINANG_khoa%202.pdf,CTDT_CUNHANTAINANG_khoa%202.pdf,,,,,Chương trình đào tạo cũ,,2025-11-09T19:20:48.516398,missing,low,manual_override,2011-01-01,manual,legacy_curriculum_source_page_order,039,manual_override,manual legacy curriculum order from official source-page table,base_or_unknown,https://daa.uit.edu.vn/sites/daa/files/files/CTDT_CUNHANTAINANG_khoa%202.pdf,206,true,cached_exact_name,discovered_from_filesystem;manual_override:manual legacy curriculum order from official source-page table
40,C:\Users\hoang\Downloads\project\uit_firecrawl_new\firecrawl\data\daa\chuongtrinh_daotao\he-chinhquy\khac\chuongtrinhdaotaocu\pdf\CTDT_CUNHANTAINANG_khoa-2-2e3f57bc.pdf,daa/chuongtrinh_daotao/he-chinhquy/khac/chuongtrinhdaotaocu/pdf/CTDT_CUNHANTAINANG_khoa-2-2e3f57bc.pdf,CTDT_CUNHANTAINANG_khoa-2-2e3f57bc.pdf,,,,,Chương trình đào tạo cũ,2026-04-16,2026-04-16T19:52:18.174989,missing,low,manual_override,2011-01-01,manual,legacy_curriculum_source_page_order,040,manual_override,manual legacy curriculum order from official source-page table,base_or_unknown,https://daa.uit.edu.vn/sites/daa/files/files/CTDT_CUNHANTAINANG_khoa%202.pdf,206,true,metadata_file_path,from_metadata;manual_override:manual legacy curriculum order from official source-page table
41,C:\Users\hoang\Downloads\project\uit_firecrawl_new\firecrawl\data\daa\chuongtrinh_daotao\he-chinhquy\khac\chuongtrinhdaotaocu\pdf\CTDT_CUNHANTAINANG_khoa%203.pdf,daa/chuongtrinh_daotao/he-chinhquy/khac/chuongtrinhdaotaocu/pdf/CTDT_CUNHANTAINANG_khoa%203.pdf,CTDT_CUNHANTAINANG_khoa%203.pdf,,,,,Chương trình đào tạo cũ,,2025-11-09T19:20:48.873816,missing,low,manual_override,2011-01-01,manual,legacy_curriculum_source_page_order,041,manual_override,manual legacy curriculum order from official source-page table,base_or_unknown,https://daa.uit.edu.vn/sites/daa/files/files/CTDT_CUNHANTAINANG_khoa%203.pdf,206,true,cached_exact_name,discovered_from_filesystem;manual_override:manual legacy curriculum order from official source-page table
42,C:\Users\hoang\Downloads\project\uit_firecrawl_new\firecrawl\data\daa\chuongtrinh_daotao\he-chinhquy\khac\chuongtrinhdaotaocu\pdf\CTDT_CUNHANTAINANG_khoa-3-403d6b20.pdf,daa/chuongtrinh_daotao/he-chinhquy/khac/chuongtrinhdaotaocu/pdf/CTDT_CUNHANTAINANG_khoa-3-403d6b20.pdf,CTDT_CUNHANTAINANG_khoa-3-403d6b20.pdf,,,,,Chương trình đào tạo cũ,2026-04-16,2026-04-16T19:52:18.274473,missing,low,manual_override,2011-01-01,manual,legacy_curriculum_source_page_order,042,manual_override,manual legacy curriculum order from official source-page table,base_or_unknown,https://daa.uit.edu.vn/sites/daa/files/files/CTDT_CUNHANTAINANG_khoa%203.pdf,206,true,metadata_file_path,from_metadata;manual_override:manual legacy curriculum order from official source-page table
43,C:\Users\hoang\Downloads\project\uit_firecrawl_new\firecrawl\data\daa\chuongtrinh_daotao\he-chinhquy\khac\chuongtrinhdaotaocu\pdf\CTDT_CUNHANTAINANG_khoa%204.pdf,daa/chuongtrinh_daotao/he-chinhquy/khac/chuongtrinhdaotaocu/pdf/CTDT_CUNHANTAINANG_khoa%204.pdf,CTDT_CUNHANTAINANG_khoa%204.pdf,,,,,Chương trình đào tạo cũ,,2025-11-09T19:20:49.170299,missing,low,manual_override,2011-01-01,manual,legacy_curriculum_source_page_order,043,manual_override,manual legacy curriculum order from official source-page table,base_or_unknown,https://daa.uit.edu.vn/sites/daa/files/files/CTDT_CUNHANTAINANG_khoa%204.pdf,206,true,cached_exact_name,discovered_from_filesystem;manual_override:manual legacy curriculum order from official source-page table
44,C:\Users\hoang\Downloads\project\uit_firecrawl_new\firecrawl\data\daa\chuongtrinh_daotao\he-chinhquy\khac\chuongtrinhdaotaocu\pdf\CTDT_CUNHANTAINANG_khoa-4-cf6d4c8c.pdf,daa/chuongtrinh_daotao/he-chinhquy/khac/chuongtrinhdaotaocu/pdf/CTDT_CUNHANTAINANG_khoa-4-cf6d4c8c.pdf,CTDT_CUNHANTAINANG_khoa-4-cf6d4c8c.pdf,,,,,Chương trình đào tạo cũ,2026-04-16,2026-04-16T19:52:18.380517,missing,low,manual_override,2011-01-01,manual,legacy_curriculum_source_page_order,044,manual_override,manual legacy curriculum order from official source-page table,base_or_unknown,https://daa.uit.edu.vn/sites/daa/files/files/CTDT_CUNHANTAINANG_khoa%204.pdf,206,true,metadata_file_path,from_metadata;manual_override:manual legacy curriculum order from official source-page table
45,C:\Users\hoang\Downloads\project\uit_firecrawl_new\firecrawl\data\daa\thongbao\thongbao-chinhquy\pdf\Luu%20y%20sinh%20vien%20tham%20gia%20le.pdf,daa/thongbao/thongbao-chinhquy/pdf/Luu%20y%20sinh%20vien%20tham%20gia%20le.pdf,Luu%20y%20sinh%20vien%20tham%20gia%20le.pdf,,,2012-06-03,,Đại Học Chính Quy,,2025-11-09T16:38:12.851473,missing,low,source_page_date,2012-06-03,medium,,,derived,,base_or_unknown,https://daa.uit.edu.vn/sites/daa/files/files/Luu%20y%20sinh%20vien%20tham%20gia%20le.pdf,206,true,cached_exact_name,discovered_from_filesystem
46,C:\Users\hoang\Downloads\project\uit_firecrawl_new\firecrawl\data\daa\thongbao\thongbao-chinhquy\pdf\Thong%20Bao%20Le%20Tot%20Nghiep%20Dot%201%20-%202012.pdf,daa/thongbao/thongbao-chinhquy/pdf/Thong%20Bao%20Le%20Tot%20Nghiep%20Dot%201%20-%202012.pdf,Thong%20Bao%20Le%20Tot%20Nghiep%20Dot%201%20-%202012.pdf,2012-06-08,2012-06-08,2012-05-29,,Đại Học Chính Quy,,2025-11-09T16:38:12.926970,pdf_text,medium,document_date,2012-06-08,high,,,derived,,base_or_unknown,https://daa.uit.edu.vn/sites/daa/files/files/Thong%20Bao%20Le%20Tot%20Nghiep%20Dot%201%20-%202012.pdf,206,true,cached_exact_name,discovered_from_filesystem
47,C:\Users\hoang\Downloads\project\uit_firecrawl_new\firecrawl\data\daa\thongbao\thongbao-chinhquy\pdf\DANH_SACH_SV_NOP_TIEN_BHYT-BHTN_DOT_2.pdf,daa/thongbao/thongbao-chinhquy/pdf/DANH_SACH_SV_NOP_TIEN_BHYT-BHTN_DOT_2.pdf,DANH_SACH_SV_NOP_TIEN_BHYT-BHTN_DOT_2.pdf,2012-10-12,2012-10-12,2012-10-18,,Đại Học Chính Quy,,2025-11-09T16:38:14.463687,pdf_text,medium,document_date,2012-10-12,high,,,derived,,base_or_unknown,https://daa.uit.edu.vn/sites/daa/files/files/DANH_SACH_SV_NOP_TIEN_BHYT-BHTN_DOT_2.pdf,206,true,local_sidecar_page,discovered_from_filesystem
48,C:\Users\hoang\Downloads\project\uit_firecrawl_new\firecrawl\data\daa\quydinh_huongdan\qui-che-qui-dinh-qui-trinh\14-qui-dinh-cach-dat-ma-mon-hoc\37-dtdh_19-11-2012_qui_dinh_cach_dat_ma_mon_hoc-e8724ea9.pdf,daa/quydinh_huongdan/qui-che-qui-dinh-qui-trinh/14-qui-dinh-cach-dat-ma-mon-hoc/37-dtdh_19-11-2012_qui_dinh_cach_dat_ma_mon_hoc-e8724ea9.pdf,37-dtdh_19-11-2012_qui_dinh_cach_dat_ma_mon_hoc-e8724ea9.pdf,2012-11-19,2012-11-19,2012-11-19,,14\. Qui định cách đặt mã môn học,,2026-04-16T18:12:42.958497,title,high,document_date,2012-11-19,high,,,derived,,base_or_unknown,https://daa.uit.edu.vn/sites/daa/files/202309/37-dtdh_19-11-2012_qui_dinh_cach_dat_ma_mon_hoc.pdf,206,true,local_sidecar_page,discovered_from_filesystem
49,C:\Users\hoang\Downloads\project\uit_firecrawl_new\firecrawl\data\daa\quydinh_huongdan\qui-che-qui-dinh-qui-trinh\14-qui-dinh-cach-dat-ma-mon-hoc\37-dtdh_19-11-2012_qui_dinh_cach_dat_ma_mon_hoc.pdf,daa/quydinh_huongdan/qui-che-qui-dinh-qui-trinh/14-qui-dinh-cach-dat-ma-mon-hoc/37-dtdh_19-11-2012_qui_dinh_cach_dat_ma_mon_hoc.pdf,37-dtdh_19-11-2012_qui_dinh_cach_dat_ma_mon_hoc.pdf,2012-11-19,2012-11-19,2012-11-19,,14\. Qui định cách đặt mã môn học,,2025-11-09T16:50:12.499888,title,high,document_date,2012-11-19,high,,,derived,,base_or_unknown,https://daa.uit.edu.vn/sites/daa/files/202309/37-dtdh_19-11-2012_qui_dinh_cach_dat_ma_mon_hoc.pdf,206,true,cached_exact_name,discovered_from_filesystem
50,C:\Users\hoang\Downloads\project\uit_firecrawl_new\firecrawl\data\daa\quydinh_huongdan\qui-che-qui-dinh-qui-trinh\08-quyet-dinh-ve-viec-ban-hanh-quy-trinh-bao-nghi-day-day-bu\35-qd-dhcntt-dtdh_28-02-2013_quyet_dinh_ve_viec_ban_hanh_quy_trinh_bao_nghi_day_day_bu.pdf,daa/quydinh_huongdan/qui-che-qui-dinh-qui-trinh/08-quyet-dinh-ve-viec-ban-hanh-quy-trinh-bao-nghi-day-day-bu/35-qd-dhcntt-dtdh_28-02-2013_quyet_dinh_ve_viec_ban_hanh_quy_trinh_bao_nghi_day_day_bu.pdf,35-qd-dhcntt-dtdh_28-02-2013_quyet_dinh_ve_viec_ban_hanh_quy_trinh_bao_nghi_day_day_bu.pdf,2013-02-28,2013-02-28,2013-02-28,,"08\. Quyết định về việc ban hành Quy trình báo nghỉ dạy, dạy bù",,2025-11-09T16:46:28.124331,title,high,document_date,2013-02-28,high,,,derived,,base_or_unknown,https://daa.uit.edu.vn/sites/daa/files/202309/35-qd-dhcntt-dtdh_28-02-2013_quyet_dinh_ve_viec_ban_hanh_quy_trinh_bao_nghi_day_day_bu.pdf,206,true,local_sidecar_page,discovered_from_filesystem
51,C:\Users\hoang\Downloads\project\uit_firecrawl_new\firecrawl\data\daa\quydinh_huongdan\huong-dan-chuan-qua-trinh\pdf\147-qd-dhcntt-dtdh_31-07-2013_quyet_dinh_ve_viec_ban_hanh_chuan_dau_ra_tieng_anh_ch-9216880f.pdf,daa/quydinh_huongdan/huong-dan-chuan-qua-trinh/pdf/147-qd-dhcntt-dtdh_31-07-2013_quyet_dinh_ve_viec_ban_hanh_chuan_dau_ra_tieng_anh_ch-9216880f.pdf,147-qd-dhcntt-dtdh_31-07-2013_quyet_dinh_ve_viec_ban_hanh_chuan_dau_ra_tieng_anh_ch-9216880f.pdf,2013-07-31,2013-07-31,2013-07-31,,Hướng dẫn sinh viên đại học hệ chính quy thực hiện các quy định về chuẩn quá trình và chuẩn đầu ra ngoại ngữ,,2026-04-16T18:13:21.030616,title,high,document_date,2013-07-31,high,,,derived,,base_or_unknown,https://daa.uit.edu.vn/sites/daa/files/202310/147-qd-dhcntt-dtdh_31-07-2013_quyet_dinh_ve_viec_ban_hanh_chuan_dau_ra_tieng_anh_cho_sv_he_cq_2006-2014_0_0.pdf,206,true,cached_fuzzy_name,discovered_from_filesystem
52,C:\Users\hoang\Downloads\project\uit_firecrawl_new\firecrawl\data\daa\quydinh_huongdan\huong-dan-chuan-qua-trinh\pdf\147-qd-dhcntt-dtdh_31-07-2013_quyet_dinh_ve_viec_ban_hanh_chuan_dau_ra_tieng_anh_cho_sv_he_cq_2006-2014_0_0.pdf,daa/quydinh_huongdan/huong-dan-chuan-qua-trinh/pdf/147-qd-dhcntt-dtdh_31-07-2013_quyet_dinh_ve_viec_ban_hanh_chuan_dau_ra_tieng_anh_cho_sv_he_cq_2006-2014_0_0.pdf,147-qd-dhcntt-dtdh_31-07-2013_quyet_dinh_ve_viec_ban_hanh_chuan_dau_ra_tieng_anh_cho_sv_he_cq_2006-2014_0_0.pdf,2013-07-31,2013-07-31,2013-07-31,,Hướng dẫn sinh viên đại học hệ chính quy thực hiện các quy định về chuẩn quá trình và chuẩn đầu ra ngoại ngữ,,2025-11-09T17:14:30.331451,title,high,document_date,2013-07-31,high,,,derived,,base_or_unknown,https://daa.uit.edu.vn/sites/daa/files/202310/147-qd-dhcntt-dtdh_31-07-2013_quyet_dinh_ve_viec_ban_hanh_chuan_dau_ra_tieng_anh_cho_sv_he_cq_2006-2014_0_0.pdf,206,true,cached_exact_name,discovered_from_filesystem
53,C:\Users\hoang\Downloads\project\uit_firecrawl_new\firecrawl\data\daa\quydinh_huongdan\qui-che-qui-dinh-qui-trinh\05-quy-dinh-dao-tao-ngoai-ngu-doi-voi-he-d-7673d143\147-qd-dhcntt-dtdh_31-07-2013_quyet_dinh_ve_viec_ban_hanh_chuan_dau_ra_tieng_anh_ch-9216880f.pdf,daa/quydinh_huongdan/qui-che-qui-dinh-qui-trinh/05-quy-dinh-dao-tao-ngoai-ngu-doi-voi-he-d-7673d143/147-qd-dhcntt-dtdh_31-07-2013_quyet_dinh_ve_viec_ban_hanh_chuan_dau_ra_tieng_anh_ch-9216880f.pdf,147-qd-dhcntt-dtdh_31-07-2013_quyet_dinh_ve_viec_ban_hanh_chuan_dau_ra_tieng_anh_ch-9216880f.pdf,2013-07-31,2013-07-31,2013-07-31,,Hướng dẫn sinh viên đại học hệ chính quy thực hiện các quy định về chuẩn quá trình và chuẩn đầu ra ngoại ngữ,2026-04-16,2026-04-16T18:30:32.285109,title,high,document_date,2013-07-31,high,,,derived,,base_or_unknown,https://daa.uit.edu.vn/sites/daa/files/202310/147-qd-dhcntt-dtdh_31-07-2013_quyet_dinh_ve_viec_ban_hanh_chuan_dau_ra_tieng_anh_cho_sv_he_cq_2006-2014_0_0.pdf,206,true,metadata_file_path,from_metadata
54,C:\Users\hoang\Downloads\project\uit_firecrawl_new\firecrawl\data\daa\quydinh_huongdan\qui-che-qui-dinh-qui-trinh\05-quy-dinh-dao-tao-ngoai-ngu-doi-voi-he-dai-hoc-chinh-quy-cua-truong-dhcntt\147-qd-dhcntt-dtdh_31-07-2013_quyet_dinh_ve_viec_ban_hanh_chuan_dau_ra_tieng_anh_cho_sv_he_cq_2006-2014_0_0.pdf,daa/quydinh_huongdan/qui-che-qui-dinh-qui-trinh/05-quy-dinh-dao-tao-ngoai-ngu-doi-voi-he-dai-hoc-chinh-quy-cua-truong-dhcntt/147-qd-dhcntt-dtdh_31-07-2013_quyet_dinh_ve_viec_ban_hanh_chuan_dau_ra_tieng_anh_cho_sv_he_cq_2006-2014_0_0.pdf,147-qd-dhcntt-dtdh_31-07-2013_quyet_dinh_ve_viec_ban_hanh_chuan_dau_ra_tieng_anh_cho_sv_he_cq_2006-2014_0_0.pdf,2013-07-31,2013-07-31,2013-07-31,,Hướng dẫn sinh viên đại học hệ chính quy thực hiện các quy định về chuẩn quá trình và chuẩn đầu ra ngoại ngữ,,2025-11-09T16:44:12.661560,title,high,document_date,2013-07-31,high,,,derived,,base_or_unknown,https://daa.uit.edu.vn/sites/daa/files/202310/147-qd-dhcntt-dtdh_31-07-2013_quyet_dinh_ve_viec_ban_hanh_chuan_dau_ra_tieng_anh_cho_sv_he_cq_2006-2014_0_0.pdf,206,true,cached_exact_name,discovered_from_filesystem
55,C:\Users\hoang\Downloads\project\uit_firecrawl_new\firecrawl\data\daa\chuongtrinh_daotao\he-chinhquy\dean\4-thi-iem-lien-truong-nganh-cong-nghe-nong-nghiep-so-trinh-o-ai-hoc-cong-thong-tin-ao-tao\pdf\qd777_250623_phe_duyet_nganh_cnnns.signed.pdf,daa/chuongtrinh_daotao/he-chinhquy/dean/4-thi-iem-lien-truong-nganh-cong-nghe-nong-nghiep-so-trinh-o-ai-hoc-cong-thong-tin-ao-tao/pdf/qd777_250623_phe_duyet_nganh_cnnns.signed.pdf,qd777_250623_phe_duyet_nganh_cnnns.signed.pdf,2013-11-17,2013-11-17,,,Đề án mở ngành thí điểm liên trường ngành Công nghệ nông nghiệp số trình độ đại học,,2025-11-09T19:58:41.190089,pdf_text,medium,document_date,2013-11-17,high,,,derived,,base_or_unknown,https://daa.uit.edu.vn/sites/daa/files/202506/qd777_250623_phe_duyet_nganh_cnnns.signed.pdf,206,true,local_sidecar_page,discovered_from_filesystem
56,C:\Users\hoang\Downloads\project\uit_firecrawl_new\firecrawl\data\daa\khac\chua-phan-loai\pdf\qd1681_231130_phe_duyet_song_nganh_tmdt_dh_cntt.pdf,daa/khac/chua-phan-loai/pdf/qd1681_231130_phe_duyet_song_nganh_tmdt_dh_cntt.pdf,qd1681_231130_phe_duyet_song_nganh_tmdt_dh_cntt.pdf,2013-11-17,2013-11-17,,,Đề án song ngành Thương mại điện tử,,2025-11-09T20:03:12.925985,pdf_text,medium,document_date,2013-11-17,high,,,derived,,base_or_unknown,https://daa.uit.edu.vn/sites/daa/files/202412/qd1681_231130_phe_duyet_song_nganh_tmdt_dh_cntt.pdf,206,true,cached_exact_name,discovered_from_filesystem
57,C:\Users\hoang\Downloads\project\uit_firecrawl_new\firecrawl\data\daa\chuongtrinh_daotao\he-chinhquy\dean\9-thiet-ke-vi-mach-cong-thong-tin-ao-tao\pdf\qd399_240426_quyet_dinh_mo_nganh_thiet_ke_vi_mach.pdf,daa/chuongtrinh_daotao/he-chinhquy/dean/9-thiet-ke-vi-mach-cong-thong-tin-ao-tao/pdf/qd399_240426_quyet_dinh_mo_nganh_thiet_ke_vi_mach.pdf,qd399_240426_quyet_dinh_mo_nganh_thiet_ke_vi_mach.pdf,2014-03-26,2014-03-26,,,Đề án mở ngành Thiết kế vi mạch,,2025-11-09T20:03:56.543528,pdf_text,medium,document_date,2014-03-26,high,,,derived,,base_or_unknown,https://daa.uit.edu.vn/sites/daa/files/202412/qd399_240426_quyet_dinh_mo_nganh_thiet_ke_vi_mach.pdf,206,true,local_sidecar_page,discovered_from_filesystem
58,C:\Users\hoang\Downloads\project\uit_firecrawl_new\firecrawl\data\daa\quydinh_huongdan\quyche-dhqg-hcm\pdf\qd1537_241029_quy_dinh_dao_tao_va_cong_nhan_tin_chi_khoa_hoc_mooc-signed-b3ae2e2b.pdf,daa/quydinh_huongdan/quyche-dhqg-hcm/pdf/qd1537_241029_quy_dinh_dao_tao_va_cong_nhan_tin_chi_khoa_hoc_mooc-signed-b3ae2e2b.pdf,qd1537_241029_quy_dinh_dao_tao_va_cong_nhan_tin_chi_khoa_hoc_mooc-signed-b3ae2e2b.pdf,2014-03-26,2014-03-26,2023-11-30,,"Quy chế, Quy định đào tạo đại học của ĐHQG-HCM",2026-04-16,2026-04-16T18:30:52.277222,pdf_text,medium,document_date,2014-03-26,high,,,derived,,base_or_unknown,https://daa.uit.edu.vn/sites/daa/files/202410/qd1537_241029_quy_dinh_dao_tao_va_cong_nhan_tin_chi_khoa_hoc_mooc.signed.pdf,206,true,metadata_file_path,from_metadata
59,C:\Users\hoang\Downloads\project\uit_firecrawl_new\firecrawl\data\daa\quydinh_huongdan\quyche-dhqg-hcm\pdf\qd1537_241029_quy_dinh_dao_tao_va_cong_nhan_tin_chi_khoa_hoc_mooc.signed.pdf,daa/quydinh_huongdan/quyche-dhqg-hcm/pdf/qd1537_241029_quy_dinh_dao_tao_va_cong_nhan_tin_chi_khoa_hoc_mooc.signed.pdf,qd1537_241029_quy_dinh_dao_tao_va_cong_nhan_tin_chi_khoa_hoc_mooc.signed.pdf,2014-03-26,2014-03-26,2023-11-30,,"Quy chế, Quy định đào tạo đại học của ĐHQG-HCM",,2025-11-09T17:09:28.052643,pdf_text,medium,document_date,2014-03-26,high,,,derived,,base_or_unknown,https://daa.uit.edu.vn/sites/daa/files/202410/qd1537_241029_quy_dinh_dao_tao_va_cong_nhan_tin_chi_khoa_hoc_mooc.signed.pdf,206,true,cached_exact_name,discovered_from_filesystem
60,C:\Users\hoang\Downloads\project\uit_firecrawl_new\firecrawl\data\daa\quydinh_huongdan\quyche-dhqg-hcm\pdf\qd2003_251017_quy_dinh_thi_diem_dao_tao_lien_truong_cap_nhat-signed-99057e61.pdf,daa/quydinh_huongdan/quyche-dhqg-hcm/pdf/qd2003_251017_quy_dinh_thi_diem_dao_tao_lien_truong_cap_nhat-signed-99057e61.pdf,qd2003_251017_quy_dinh_thi_diem_dao_tao_lien_truong_cap_nhat-signed-99057e61.pdf,2014-03-26,2014-03-26,2026-01-29,,"Quy chế, Quy định đào tạo đại học của ĐHQG-HCM",,2026-04-16T18:12:36.259687,pdf_text,medium,document_date,2014-03-26,high,,,derived,,amendment_or_update,https://daa.uit.edu.vn/sites/daa/files/202510/qd2003_251017_quy_dinh_thi_diem_dao_tao_lien_truong_cap_nhat.signed.pdf,206,true,cached_compact_name,discovered_from_filesystem
61,C:\Users\hoang\Downloads\project\uit_firecrawl_new\firecrawl\data\daa\quydinh_huongdan\quyche-dhqg-hcm\pdf\qd2003_251017_quy_dinh_thi_diem_dao_tao_lien_truong_cap_nhat.signed.pdf,daa/quydinh_huongdan/quyche-dhqg-hcm/pdf/qd2003_251017_quy_dinh_thi_diem_dao_tao_lien_truong_cap_nhat.signed.pdf,qd2003_251017_quy_dinh_thi_diem_dao_tao_lien_truong_cap_nhat.signed.pdf,2014-03-26,2014-03-26,2026-01-29,,"Quy chế, Quy định đào tạo đại học của ĐHQG-HCM",,2025-11-09T17:09:31.766100,pdf_text,medium,document_date,2014-03-26,high,,,derived,,amendment_or_update,https://daa.uit.edu.vn/sites/daa/files/202510/qd2003_251017_quy_dinh_thi_diem_dao_tao_lien_truong_cap_nhat.signed.pdf,206,true,cached_exact_name,discovered_from_filesystem
62,C:\Users\hoang\Downloads\project\uit_firecrawl_new\firecrawl\data\daa\quydinh_huongdan\huong-dan-chuan-qua-trinh\pdf\125-qd-dhcntt-dtdh_18-09-2015_quyet_dinh_ban_hanh_qui_dinh_tam_thoi_day_va_hoc_tien-54269968.pdf,daa/quydinh_huongdan/huong-dan-chuan-qua-trinh/pdf/125-qd-dhcntt-dtdh_18-09-2015_quyet_dinh_ban_hanh_qui_dinh_tam_thoi_day_va_hoc_tien-54269968.pdf,125-qd-dhcntt-dtdh_18-09-2015_quyet_dinh_ban_hanh_qui_dinh_tam_thoi_day_va_hoc_tien-54269968.pdf,2015-09-18,2015-09-18,2013-07-31,,"<!DOCTYPE html><html lang=""vi"" dir=""ltr""><!-- <![endif]-->",,2026-04-16T18:13:23.600667,title,high,document_date,2015-09-18,high,,,derived,,base_or_unknown,https://daa.uit.edu.vn/sites/daa/files/202310/125-qd-dhcntt-dtdh_18-09-2015_quyet_dinh_ban_hanh_qui_dinh_tam_thoi_day_va_hoc_tieng_anh_khoa_2015_0.pdf,206,true,cached_fuzzy_name,discovered_from_filesystem
63,C:\Users\hoang\Downloads\project\uit_firecrawl_new\firecrawl\data\daa\quydinh_huongdan\huong-dan-chuan-qua-trinh\pdf\125-qd-dhcntt-dtdh_18-09-2015_quyet_dinh_ban_hanh_qui_dinh_tam_thoi_day_va_hoc_tieng_anh_khoa_2015_0.pdf,daa/quydinh_huongdan/huong-dan-chuan-qua-trinh/pdf/125-qd-dhcntt-dtdh_18-09-2015_quyet_dinh_ban_hanh_qui_dinh_tam_thoi_day_va_hoc_tieng_anh_khoa_2015_0.pdf,125-qd-dhcntt-dtdh_18-09-2015_quyet_dinh_ban_hanh_qui_dinh_tam_thoi_day_va_hoc_tieng_anh_khoa_2015_0.pdf,2015-09-18,2015-09-18,2013-07-31,,"<!DOCTYPE html><html lang=""vi"" dir=""ltr""><!-- <![endif]-->",,2025-11-09T17:14:31.370188,title,high,document_date,2015-09-18,high,,,derived,,base_or_unknown,https://daa.uit.edu.vn/sites/daa/files/202310/125-qd-dhcntt-dtdh_18-09-2015_quyet_dinh_ban_hanh_qui_dinh_tam_thoi_day_va_hoc_tieng_anh_khoa_2015_0.pdf,206,true,cached_exact_name,discovered_from_filesystem
64,C:\Users\hoang\Downloads\project\uit_firecrawl_new\firecrawl\data\daa\quydinh_huongdan\qui-che-qui-dinh-qui-trinh\05-quy-dinh-dao-tao-ngoai-ngu-doi-voi-he-d-7673d143\125-qd-dhcntt-dtdh_18-09-2015_quyet_dinh_ban_hanh_qui_dinh_tam_thoi_day_va_hoc_tien-54269968.pdf,daa/quydinh_huongdan/qui-che-qui-dinh-qui-trinh/05-quy-dinh-dao-tao-ngoai-ngu-doi-voi-he-d-7673d143/125-qd-dhcntt-dtdh_18-09-2015_quyet_dinh_ban_hanh_qui_dinh_tam_thoi_day_va_hoc_tien-54269968.pdf,125-qd-dhcntt-dtdh_18-09-2015_quyet_dinh_ban_hanh_qui_dinh_tam_thoi_day_va_hoc_tien-54269968.pdf,2015-09-18,2015-09-18,2013-07-31,,"<!DOCTYPE html><html lang=""vi"" dir=""ltr""><!-- <![endif]-->",2026-04-16,2026-04-16T18:30:32.410588,title,high,document_date,2015-09-18,high,,,derived,,base_or_unknown,https://daa.uit.edu.vn/sites/daa/files/202310/125-qd-dhcntt-dtdh_18-09-2015_quyet_dinh_ban_hanh_qui_dinh_tam_thoi_day_va_hoc_tieng_anh_khoa_2015_0.pdf,206,true,metadata_file_path,from_metadata
65,C:\Users\hoang\Downloads\project\uit_firecrawl_new\firecrawl\data\daa\quydinh_huongdan\qui-che-qui-dinh-qui-trinh\05-quy-dinh-dao-tao-ngoai-ngu-doi-voi-he-dai-hoc-chinh-quy-cua-truong-dhcntt\125-qd-dhcntt-dtdh_18-09-2015_quyet_dinh_ban_hanh_qui_dinh_tam_thoi_day_va_hoc_tieng_anh_khoa_2015_0.pdf,daa/quydinh_huongdan/qui-che-qui-dinh-qui-trinh/05-quy-dinh-dao-tao-ngoai-ngu-doi-voi-he-dai-hoc-chinh-quy-cua-truong-dhcntt/125-qd-dhcntt-dtdh_18-09-2015_quyet_dinh_ban_hanh_qui_dinh_tam_thoi_day_va_hoc_tieng_anh_khoa_2015_0.pdf,125-qd-dhcntt-dtdh_18-09-2015_quyet_dinh_ban_hanh_qui_dinh_tam_thoi_day_va_hoc_tieng_anh_khoa_2015_0.pdf,2015-09-18,2015-09-18,2013-07-31,,"<!DOCTYPE html><html lang=""vi"" dir=""ltr""><!-- <![endif]-->",,2025-11-09T16:44:13.154440,title,high,document_date,2015-09-18,high,,,derived,,base_or_unknown,https://daa.uit.edu.vn/sites/daa/files/202310/125-qd-dhcntt-dtdh_18-09-2015_quyet_dinh_ban_hanh_qui_dinh_tam_thoi_day_va_hoc_tieng_anh_khoa_2015_0.pdf,206,true,cached_exact_name,discovered_from_filesystem
66,C:\Users\hoang\Downloads\project\uit_firecrawl_new\firecrawl\data\daa\quydinh_huongdan\quyche-dhqg-hcm\pdf\1476_qd_dhqg_27-1-120_phe_duyet_ctmh_giao_duc_the_chat-23c89902.pdf,daa/quydinh_huongdan/quyche-dhqg-hcm/pdf/1476_qd_dhqg_27-1-120_phe_duyet_ctmh_giao_duc_the_chat-23c89902.pdf,1476_qd_dhqg_27-1-120_phe_duyet_ctmh_giao_duc_the_chat-23c89902.pdf,2015-10-14,2015-10-14,2023-05-27,,"Quy chế, Quy định đào tạo đại học của ĐHQG-HCM",2026-04-16,2026-04-16T18:30:51.859897,pdf_text,medium,document_date,2015-10-14,high,,,derived,,base_or_unknown,https://daa.uit.edu.vn/sites/daa/files/202310/1476_qd_dhqg_27-1-120_phe_duyet_ctmh_giao_duc_the_chat.pdf,206,true,metadata_file_path,from_metadata
67,C:\Users\hoang\Downloads\project\uit_firecrawl_new\firecrawl\data\daa\quydinh_huongdan\quyche-dhqg-hcm\pdf\1476_qd_dhqg_27-1-120_phe_duyet_ctmh_giao_duc_the_chat.pdf,daa/quydinh_huongdan/quyche-dhqg-hcm/pdf/1476_qd_dhqg_27-1-120_phe_duyet_ctmh_giao_duc_the_chat.pdf,1476_qd_dhqg_27-1-120_phe_duyet_ctmh_giao_duc_the_chat.pdf,2015-10-14,2015-10-14,2023-05-27,,"Quy chế, Quy định đào tạo đại học của ĐHQG-HCM",,2025-11-09T17:09:27.845182,pdf_text,medium,document_date,2015-10-14,high,,,derived,,base_or_unknown,https://daa.uit.edu.vn/sites/daa/files/202310/1476_qd_dhqg_27-1-120_phe_duyet_ctmh_giao_duc_the_chat.pdf,206,true,cached_exact_name,discovered_from_filesystem
68,C:\Users\hoang\Downloads\project\uit_firecrawl_new\firecrawl\data\daa\quydinh_huongdan\huong-dan-chuan-qua-trinh\pdf\128-qd-dhcntt-dtdh_30-8-2016_ban_hanh_qd_day_va_hoc_nn_doi_voi_he_dai_hoc_cq_cua_tr-b7925fae.pdf,daa/quydinh_huongdan/huong-dan-chuan-qua-trinh/pdf/128-qd-dhcntt-dtdh_30-8-2016_ban_hanh_qd_day_va_hoc_nn_doi_voi_he_dai_hoc_cq_cua_tr-b7925fae.pdf,128-qd-dhcntt-dtdh_30-8-2016_ban_hanh_qd_day_va_hoc_nn_doi_voi_he_dai_hoc_cq_cua_tr-b7925fae.pdf,2016-08-30,2016-08-30,2015-09-18,,"<!DOCTYPE html><html lang=""vi"" dir=""ltr""><!-- <![endif]-->",,2026-04-16T18:13:24.344728,title,high,document_date,2016-08-30,high,,,derived,,base_or_unknown,https://daa.uit.edu.vn/sites/daa/files/202310/128-qd-dhcntt-dtdh_30-8-2016_ban_hanh_qd_day_va_hoc_nn_doi_voi_he_dai_hoc_cq_cua_truong_dhcntt_khoa_2016.pdf,206,true,cached_fuzzy_name,discovered_from_filesystem
69,C:\Users\hoang\Downloads\project\uit_firecrawl_new\firecrawl\data\daa\quydinh_huongdan\huong-dan-chuan-qua-trinh\pdf\128-qd-dhcntt-dtdh_30-8-2016_ban_hanh_qd_day_va_hoc_nn_doi_voi_he_dai_hoc_cq_cua_truong_dhcntt_khoa_2016.pdf,daa/quydinh_huongdan/huong-dan-chuan-qua-trinh/pdf/128-qd-dhcntt-dtdh_30-8-2016_ban_hanh_qd_day_va_hoc_nn_doi_voi_he_dai_hoc_cq_cua_truong_dhcntt_khoa_2016.pdf,128-qd-dhcntt-dtdh_30-8-2016_ban_hanh_qd_day_va_hoc_nn_doi_voi_he_dai_hoc_cq_cua_truong_dhcntt_khoa_2016.pdf,2016-08-30,2016-08-30,2015-09-18,,"<!DOCTYPE html><html lang=""vi"" dir=""ltr""><!-- <![endif]-->",,2025-11-09T17:14:31.602447,title,high,document_date,2016-08-30,high,,,derived,,base_or_unknown,https://daa.uit.edu.vn/sites/daa/files/202310/128-qd-dhcntt-dtdh_30-8-2016_ban_hanh_qd_day_va_hoc_nn_doi_voi_he_dai_hoc_cq_cua_truong_dhcntt_khoa_2016.pdf,206,true,cached_exact_name,discovered_from_filesystem
70,C:\Users\hoang\Downloads\project\uit_firecrawl_new\firecrawl\data\daa\quydinh_huongdan\qui-che-qui-dinh-qui-trinh\05-quy-dinh-dao-tao-ngoai-ngu-doi-voi-he-d-7673d143\128-qd-dhcntt-dtdh_30-8-2016_ban_hanh_qd_day_va_hoc_nn_doi_voi_he_dai_hoc_cq_cua_tr-b7925fae.pdf,daa/quydinh_huongdan/qui-che-qui-dinh-qui-trinh/05-quy-dinh-dao-tao-ngoai-ngu-doi-voi-he-d-7673d143/128-qd-dhcntt-dtdh_30-8-2016_ban_hanh_qd_day_va_hoc_nn_doi_voi_he_dai_hoc_cq_cua_tr-b7925fae.pdf,128-qd-dhcntt-dtdh_30-8-2016_ban_hanh_qd_day_va_hoc_nn_doi_voi_he_dai_hoc_cq_cua_tr-b7925fae.pdf,2016-08-30,2016-08-30,2015-09-18,,"<!DOCTYPE html><html lang=""vi"" dir=""ltr""><!-- <![endif]-->",2026-04-16,2026-04-16T18:30:32.565831,title,high,document_date,2016-08-30,high,,,derived,,base_or_unknown,https://daa.uit.edu.vn/sites/daa/files/202310/128-qd-dhcntt-dtdh_30-8-2016_ban_hanh_qd_day_va_hoc_nn_doi_voi_he_dai_hoc_cq_cua_truong_dhcntt_khoa_2016.pdf,206,true,metadata_file_path,from_metadata
71,C:\Users\hoang\Downloads\project\uit_firecrawl_new\firecrawl\data\daa\quydinh_huongdan\qui-che-qui-dinh-qui-trinh\05-quy-dinh-dao-tao-ngoai-ngu-doi-voi-he-dai-hoc-chinh-quy-cua-truong-dhcntt\128-qd-dhcntt-dtdh_30-8-2016_ban_hanh_qd_day_va_hoc_nn_doi_voi_he_dai_hoc_cq_cua_truong_dhcntt_khoa_2016.pdf,daa/quydinh_huongdan/qui-che-qui-dinh-qui-trinh/05-quy-dinh-dao-tao-ngoai-ngu-doi-voi-he-dai-hoc-chinh-quy-cua-truong-dhcntt/128-qd-dhcntt-dtdh_30-8-2016_ban_hanh_qd_day_va_hoc_nn_doi_voi_he_dai_hoc_cq_cua_truong_dhcntt_khoa_2016.pdf,128-qd-dhcntt-dtdh_30-8-2016_ban_hanh_qd_day_va_hoc_nn_doi_voi_he_dai_hoc_cq_cua_truong_dhcntt_khoa_2016.pdf,2016-08-30,2016-08-30,2015-09-18,,"<!DOCTYPE html><html lang=""vi"" dir=""ltr""><!-- <![endif]-->",,2025-11-09T16:44:13.658521,title,high,document_date,2016-08-30,high,,,derived,,base_or_unknown,https://daa.uit.edu.vn/sites/daa/files/202310/128-qd-dhcntt-dtdh_30-8-2016_ban_hanh_qd_day_va_hoc_nn_doi_voi_he_dai_hoc_cq_cua_truong_dhcntt_khoa_2016.pdf,206,true,cached_exact_name,discovered_from_filesystem
72,C:\Users\hoang\Downloads\project\uit_firecrawl_new\firecrawl\data\daa\quydinh_huongdan\huong-dan-chuan-qua-trinh\pdf\03-tb-dhcntt_17-1-2017-f52894f9.pdf,daa/quydinh_huongdan/huong-dan-chuan-qua-trinh/pdf/03-tb-dhcntt_17-1-2017-f52894f9.pdf,03-tb-dhcntt_17-1-2017-f52894f9.pdf,2017-01-17,2017-01-17,2015-09-18,,"<!DOCTYPE html><html lang=""vi"" dir=""ltr"" class=""js""><!-- <![endif]-->",,2026-04-16T18:13:23.825047,title,high,document_date,2017-01-17,high,,,derived,,base_or_unknown,https://daa.uit.edu.vn/sites/daa/files/201701/03-tb-dhcntt_17-1-2017.pdf,206,true,cached_normalized_name,discovered_from_filesystem
73,C:\Users\hoang\Downloads\project\uit_firecrawl_new\firecrawl\data\daa\quydinh_huongdan\huong-dan-chuan-qua-trinh\pdf\03-tb-dhcntt_17-1-2017.pdf,daa/quydinh_huongdan/huong-dan-chuan-qua-trinh/pdf/03-tb-dhcntt_17-1-2017.pdf,03-tb-dhcntt_17-1-2017.pdf,2017-01-17,2017-01-17,2015-09-18,,"<!DOCTYPE html><html lang=""vi"" dir=""ltr"" class=""js""><!-- <![endif]-->",,2025-11-09T17:14:31.445659,title,high,document_date,2017-01-17,high,,,derived,,base_or_unknown,https://daa.uit.edu.vn/sites/daa/files/201701/03-tb-dhcntt_17-1-2017.pdf,206,true,cached_exact_name,discovered_from_filesystem
74,C:\Users\hoang\Downloads\project\uit_firecrawl_new\firecrawl\data\daa\chuongtrinh_daotao\he-chinhquy\dean\7-thuong-mai-ien-tu-cong-thong-tin-ao-tao\pdf\15-qd-dhqg08-01-2018_scan.pdf,daa/chuongtrinh_daotao/he-chinhquy/dean/7-thuong-mai-ien-tu-cong-thong-tin-ao-tao/pdf/15-qd-dhqg08-01-2018_scan.pdf,15-qd-dhqg08-01-2018_scan.pdf,2018-01-08,2018-01-08,2018-01-08,,Đề án mở ngành Thương mại điện tử,,2025-11-09T20:02:27.290507,title,high,document_date,2018-01-08,high,,,derived,,base_or_unknown,https://daa.uit.edu.vn/sites/daa/files/202412/15-qd-dhqg08-01-2018_scan.pdf,206,true,cached_exact_name,discovered_from_filesystem
75,C:\Users\hoang\Downloads\project\uit_firecrawl_new\firecrawl\data\daa\chuongtrinh_daotao\he-chinhquy\dean\7-thuong-mai-ien-tu-cong-thong-tin-ao-tao\pdf\de_an_mo_nganh_thuong_mai_dien_tu.pdf,daa/chuongtrinh_daotao/he-chinhquy/dean/7-thuong-mai-ien-tu-cong-thong-tin-ao-tao/pdf/de_an_mo_nganh_thuong_mai_dien_tu.pdf,de_an_mo_nganh_thuong_mai_dien_tu.pdf,,,2018-01-08,,Đề án mở ngành Thương mại điện tử,,2025-11-09T20:02:27.938062,missing,low,source_page_date,2018-01-08,medium,,,derived,,base_or_unknown,https://daa.uit.edu.vn/sites/daa/files/202412/de_an_mo_nganh_thuong_mai_dien_tu.pdf,206,true,cached_exact_name,discovered_from_filesystem
76,C:\Users\hoang\Downloads\project\uit_firecrawl_new\firecrawl\data\daa\quydinh_huongdan\quyche-dhqg-hcm\pdf\170_qd_dhqg_27_02_2018_cong_nhan_chung_chi_ngoai_ngu-623c2715.pdf,daa/quydinh_huongdan/quyche-dhqg-hcm/pdf/170_qd_dhqg_27_02_2018_cong_nhan_chung_chi_ngoai_ngu-623c2715.pdf,170_qd_dhqg_27_02_2018_cong_nhan_chung_chi_ngoai_ngu-623c2715.pdf,2018-02-27,2018-02-27,2023-07-03,,"Quy chế, Quy định đào tạo đại học của ĐHQG-HCM",2026-04-16,2026-04-16T18:30:41.114448,title,high,document_date,2018-02-27,high,,,derived,,base_or_unknown,https://daa.uit.edu.vn/sites/daa/files/202310/170_qd_dhqg_27_02_2018_cong_nhan_chung_chi_ngoai_ngu.pdf,206,true,metadata_file_path,from_metadata
77,C:\Users\hoang\Downloads\project\uit_firecrawl_new\firecrawl\data\daa\quydinh_huongdan\quyche-dhqg-hcm\pdf\170_qd_dhqg_27_02_2018_cong_nhan_chung_chi_ngoai_ngu.pdf,daa/quydinh_huongdan/quyche-dhqg-hcm/pdf/170_qd_dhqg_27_02_2018_cong_nhan_chung_chi_ngoai_ngu.pdf,170_qd_dhqg_27_02_2018_cong_nhan_chung_chi_ngoai_ngu.pdf,2018-02-27,2018-02-27,2023-07-03,,"Quy chế, Quy định đào tạo đại học của ĐHQG-HCM",,2025-11-09T17:09:21.477288,title,high,document_date,2018-02-27,high,,,derived,,base_or_unknown,https://daa.uit.edu.vn/sites/daa/files/202310/170_qd_dhqg_27_02_2018_cong_nhan_chung_chi_ngoai_ngu.pdf,206,true,cached_exact_name,discovered_from_filesystem
78,C:\Users\hoang\Downloads\project\uit_firecrawl_new\firecrawl\data\daa\quydinh_huongdan\huong-dan-chuan-qua-trinh\pdf\141-qd-dhcntt16-3-2018quy_dinh_dao_tao_ngoai_ngu_doi_voi_he_dh_chinh_quy_cua_truong-ed160e55.pdf,daa/quydinh_huongdan/huong-dan-chuan-qua-trinh/pdf/141-qd-dhcntt16-3-2018quy_dinh_dao_tao_ngoai_ngu_doi_voi_he_dh_chinh_quy_cua_truong-ed160e55.pdf,141-qd-dhcntt16-3-2018quy_dinh_dao_tao_ngoai_ngu_doi_voi_he_dh_chinh_quy_cua_truong-ed160e55.pdf,2018-03-16,2018-03-16,2016-08-30,,"<!DOCTYPE html><html lang=""vi"" dir=""ltr"" class=""js""><!-- <![endif]-->",,2026-04-16T18:13:21.627142,title,high,document_date,2018-03-16,high,,,derived,,base_or_unknown,https://daa.uit.edu.vn/sites/daa/files/202310/141-qd-dhcntt16-3-2018quy_dinh_dao_tao_ngoai_ngu_doi_voi_he_dh_chinh_quy_cua_truong_dhcntt_ap_dung_tu_khoa_2017_0.pdf,206,true,cached_fuzzy_name,discovered_from_filesystem
79,C:\Users\hoang\Downloads\project\uit_firecrawl_new\firecrawl\data\daa\quydinh_huongdan\huong-dan-chuan-qua-trinh\pdf\141-qd-dhcntt16-3-2018quy_dinh_dao_tao_ngoai_ngu_doi_voi_he_dh_chinh_quy_cua_truong_dhcntt_ap_dung_tu_khoa_2017_0.pdf,daa/quydinh_huongdan/huong-dan-chuan-qua-trinh/pdf/141-qd-dhcntt16-3-2018quy_dinh_dao_tao_ngoai_ngu_doi_voi_he_dh_chinh_quy_cua_truong_dhcntt_ap_dung_tu_khoa_2017_0.pdf,141-qd-dhcntt16-3-2018quy_dinh_dao_tao_ngoai_ngu_doi_voi_he_dh_chinh_quy_cua_truong_dhcntt_ap_dung_tu_khoa_2017_0.pdf,2018-03-16,2018-03-16,2016-08-30,,"<!DOCTYPE html><html lang=""vi"" dir=""ltr"" class=""js""><!-- <![endif]-->",,2025-11-09T17:14:30.638557,title,high,document_date,2018-03-16,high,,,derived,,base_or_unknown,https://daa.uit.edu.vn/sites/daa/files/202310/141-qd-dhcntt16-3-2018quy_dinh_dao_tao_ngoai_ngu_doi_voi_he_dh_chinh_quy_cua_truong_dhcntt_ap_dung_tu_khoa_2017_0.pdf,206,true,cached_exact_name,discovered_from_filesystem
80,C:\Users\hoang\Downloads\project\uit_firecrawl_new\firecrawl\data\daa\quydinh_huongdan\qui-che-qui-dinh-qui-trinh\05-quy-dinh-dao-tao-ngoai-ngu-doi-voi-he-d-7673d143\141-qd-dhcntt16-3-2018quy_dinh_dao_tao_ngoai_ngu_doi_voi_he_dh_chinh_quy_cua_truong-ed160e55.pdf,daa/quydinh_huongdan/qui-che-qui-dinh-qui-trinh/05-quy-dinh-dao-tao-ngoai-ngu-doi-voi-he-d-7673d143/141-qd-dhcntt16-3-2018quy_dinh_dao_tao_ngoai_ngu_doi_voi_he_dh_chinh_quy_cua_truong-ed160e55.pdf,141-qd-dhcntt16-3-2018quy_dinh_dao_tao_ngoai_ngu_doi_voi_he_dh_chinh_quy_cua_truong-ed160e55.pdf,2018-03-16,2018-03-16,2016-08-30,,"<!DOCTYPE html><html lang=""vi"" dir=""ltr"" class=""js""><!-- <![endif]-->",2026-04-16,2026-04-16T18:30:32.670441,title,high,document_date,2018-03-16,high,,,derived,,base_or_unknown,https://daa.uit.edu.vn/sites/daa/files/202310/141-qd-dhcntt16-3-2018quy_dinh_dao_tao_ngoai_ngu_doi_voi_he_dh_chinh_quy_cua_truong_dhcntt_ap_dung_tu_khoa_2017_0.pdf,206,true,metadata_file_path,from_metadata
81,C:\Users\hoang\Downloads\project\uit_firecrawl_new\firecrawl\data\daa\quydinh_huongdan\qui-che-qui-dinh-qui-trinh\05-quy-dinh-dao-tao-ngoai-ngu-doi-voi-he-dai-hoc-chinh-quy-cua-truong-dhcntt\141-qd-dhcntt16-3-2018quy_dinh_dao_tao_ngoai_ngu_doi_voi_he_dh_chinh_quy_cua_truong_dhcntt_ap_dung_tu_khoa_2017_0.pdf,daa/quydinh_huongdan/qui-che-qui-dinh-qui-trinh/05-quy-dinh-dao-tao-ngoai-ngu-doi-voi-he-dai-hoc-chinh-quy-cua-truong-dhcntt/141-qd-dhcntt16-3-2018quy_dinh_dao_tao_ngoai_ngu_doi_voi_he_dh_chinh_quy_cua_truong_dhcntt_ap_dung_tu_khoa_2017_0.pdf,141-qd-dhcntt16-3-2018quy_dinh_dao_tao_ngoai_ngu_doi_voi_he_dh_chinh_quy_cua_truong_dhcntt_ap_dung_tu_khoa_2017_0.pdf,2018-03-16,2018-03-16,2016-08-30,,"<!DOCTYPE html><html lang=""vi"" dir=""ltr"" class=""js""><!-- <![endif]-->",,2025-11-09T16:44:14.003908,title,high,document_date,2018-03-16,high,,,derived,,base_or_unknown,https://daa.uit.edu.vn/sites/daa/files/202310/141-qd-dhcntt16-3-2018quy_dinh_dao_tao_ngoai_ngu_doi_voi_he_dh_chinh_quy_cua_truong_dhcntt_ap_dung_tu_khoa_2017_0.pdf,206,true,cached_exact_name,discovered_from_filesystem
82,C:\Users\hoang\Downloads\project\uit_firecrawl_new\firecrawl\data\daa\quydinh_huongdan\qui-che-qui-dinh-qui-trinh\10-quyet-dinh-ve-viec-ban-hanh-quy-trinh-d-a07fd02e\185-qd-dhcntt_30-3-2018_quyet_dinh_ve_viec_ban_hanh_quy_trinh_danh_gia_cap_nhat_ctd-270fa22e.pdf,daa/quydinh_huongdan/qui-che-qui-dinh-qui-trinh/10-quyet-dinh-ve-viec-ban-hanh-quy-trinh-d-a07fd02e/185-qd-dhcntt_30-3-2018_quyet_dinh_ve_viec_ban_hanh_quy_trinh_danh_gia_cap_nhat_ctd-270fa22e.pdf,185-qd-dhcntt_30-3-2018_quyet_dinh_ve_viec_ban_hanh_quy_trinh_danh_gia_cap_nhat_ctd-270fa22e.pdf,2018-03-30,2018-03-30,2018-03-30,,"10\. Quyết định về việc ban hành Quy trình đánh giá, cập nhật CTĐT trình độ ĐHSĐH",2026-04-16,2026-04-16T18:30:37.063789,title,high,document_date,2018-03-30,high,,,derived,,amendment_or_update,https://daa.uit.edu.vn/sites/daa/files/202309/185-qd-dhcntt_30-3-2018_quyet_dinh_ve_viec_ban_hanh_quy_trinh_danh_gia_cap_nhat_ctdt_trinh_do_dhsdh.pdf,206,true,metadata_file_path,from_metadata
83,C:\Users\hoang\Downloads\project\uit_firecrawl_new\firecrawl\data\daa\quydinh_huongdan\qui-che-qui-dinh-qui-trinh\10-quyet-dinh-ve-viec-ban-hanh-quy-trinh-danh-gia-cap-nhat-ctdt-trinh-do-dhsdh\185-qd-dhcntt_30-3-2018_quyet_dinh_ve_viec_ban_hanh_quy_trinh_danh_gia_cap_nhat_ctdt_trinh_do_dhsdh.pdf,daa/quydinh_huongdan/qui-che-qui-dinh-qui-trinh/10-quyet-dinh-ve-viec-ban-hanh-quy-trinh-danh-gia-cap-nhat-ctdt-trinh-do-dhsdh/185-qd-dhcntt_30-3-2018_quyet_dinh_ve_viec_ban_hanh_quy_trinh_danh_gia_cap_nhat_ctdt_trinh_do_dhsdh.pdf,185-qd-dhcntt_30-3-2018_quyet_dinh_ve_viec_ban_hanh_quy_trinh_danh_gia_cap_nhat_ctdt_trinh_do_dhsdh.pdf,2018-03-30,2018-03-30,2018-03-30,,"10\. Quyết định về việc ban hành Quy trình đánh giá, cập nhật CTĐT trình độ ĐHSĐH",,2025-11-09T16:47:57.724169,title,high,document_date,2018-03-30,high,,,derived,,amendment_or_update,https://daa.uit.edu.vn/sites/daa/files/202309/185-qd-dhcntt_30-3-2018_quyet_dinh_ve_viec_ban_hanh_quy_trinh_danh_gia_cap_nhat_ctdt_trinh_do_dhsdh.pdf,206,true,cached_exact_name,discovered_from_filesystem
84,C:\Users\hoang\Downloads\project\uit_firecrawl_new\firecrawl\data\daa\chuongtrinh_daotao\dean\6-khoa-hoc-du-lieu-cong-thong-tin-dao-tao\pdf\540-qd-dhcntt_5-9-2018_scan-6d8b546f.pdf,daa/chuongtrinh_daotao/dean/6-khoa-hoc-du-lieu-cong-thong-tin-dao-tao/pdf/540-qd-dhcntt_5-9-2018_scan-6d8b546f.pdf,540-qd-dhcntt_5-9-2018_scan-6d8b546f.pdf,2018-09-05,2018-09-05,2018-09-05,,Đề án mở ngành Khoa học dữ liệu,2026-04-16,2026-04-16T20:04:01.323003,title,high,document_date,2018-09-05,high,,,derived,,base_or_unknown,https://daa.uit.edu.vn/sites/daa/files/202412/540-qd-dhcntt_5-9-2018_scan.pdf,206,true,metadata_file_path,from_metadata
85,C:\Users\hoang\Downloads\project\uit_firecrawl_new\firecrawl\data\daa\chuongtrinh_daotao\he-chinhquy\dean\6-khoa-hoc-du-lieu-cong-thong-tin-ao-tao\pdf\540-qd-dhcntt_5-9-2018_scan.pdf,daa/chuongtrinh_daotao/he-chinhquy/dean/6-khoa-hoc-du-lieu-cong-thong-tin-ao-tao/pdf/540-qd-dhcntt_5-9-2018_scan.pdf,540-qd-dhcntt_5-9-2018_scan.pdf,2018-09-05,2018-09-05,2018-09-05,,Đề án mở ngành Khoa học dữ liệu,,2025-11-09T20:01:41.759212,title,high,document_date,2018-09-05,high,,,derived,,base_or_unknown,https://daa.uit.edu.vn/sites/daa/files/202412/540-qd-dhcntt_5-9-2018_scan.pdf,206,true,cached_exact_name,discovered_from_filesystem
86,C:\Users\hoang\Downloads\project\uit_firecrawl_new\firecrawl\data\daa\chuongtrinh_daotao\dean\6-khoa-hoc-du-lieu-cong-thong-tin-dao-tao\pdf\de_an_mo_nganh_khoa_hoc_du_lieu-aa90e343.pdf,daa/chuongtrinh_daotao/dean/6-khoa-hoc-du-lieu-cong-thong-tin-dao-tao/pdf/de_an_mo_nganh_khoa_hoc_du_lieu-aa90e343.pdf,de_an_mo_nganh_khoa_hoc_du_lieu-aa90e343.pdf,,,2018-09-05,,Đề án mở ngành Khoa học dữ liệu,2026-04-16,2026-04-16T20:04:01.555299,missing,low,source_page_date,2018-09-05,medium,,,derived,,base_or_unknown,https://daa.uit.edu.vn/sites/daa/files/202412/de_an_mo_nganh_khoa_hoc_du_lieu.pdf,206,true,metadata_file_path,from_metadata
87,C:\Users\hoang\Downloads\project\uit_firecrawl_new\firecrawl\data\daa\chuongtrinh_daotao\he-chinhquy\dean\6-khoa-hoc-du-lieu-cong-thong-tin-ao-tao\pdf\de_an_mo_nganh_khoa_hoc_du_lieu.pdf,daa/chuongtrinh_daotao/he-chinhquy/dean/6-khoa-hoc-du-lieu-cong-thong-tin-ao-tao/pdf/de_an_mo_nganh_khoa_hoc_du_lieu.pdf,de_an_mo_nganh_khoa_hoc_du_lieu.pdf,,,2018-09-05,,Đề án mở ngành Khoa học dữ liệu,,2025-11-09T20:01:42.378237,missing,low,source_page_date,2018-09-05,medium,,,derived,,base_or_unknown,https://daa.uit.edu.vn/sites/daa/files/202412/de_an_mo_nganh_khoa_hoc_du_lieu.pdf,206,true,cached_exact_name,discovered_from_filesystem
88,C:\Users\hoang\Downloads\project\uit_firecrawl_new\firecrawl\data\daa\chuongtrinh_daotao\he-chinhquy\danh-muc-mon-hoc\pdf\53_qd_dhcntt_19_2_2019scan-8b45fc45.pdf,daa/chuongtrinh_daotao/he-chinhquy/danh-muc-mon-hoc/pdf/53_qd_dhcntt_19_2_2019scan-8b45fc45.pdf,53_qd_dhcntt_19_2_2019scan-8b45fc45.pdf,2019-02-19,2019-02-19,2019-02-19,,<!DOCTYPE html>,2026-04-17,2026-04-17T11:23:35.372830,title,high,document_date,2019-02-19,high,,,derived,,base_or_unknown,https://daa.uit.edu.vn/sites/daa/files/uploads/53_qd_dhcntt_19_2_2019scan.pdf,206,true,metadata_file_path,from_metadata
89,C:\Users\hoang\Downloads\project\uit_firecrawl_new\firecrawl\data\daa\quydinh_huongdan\qui-che-qui-dinh-qui-trinh\02-quyet-dinh-ve-viec-ban-hanh-qui-dinh-ve-8c8ae222\53_qd_dhcntt_19_2_2019_quy_che_cong_tac_giao_trinh-b5954a88.pdf,daa/quydinh_huongdan/qui-che-qui-dinh-qui-trinh/02-quyet-dinh-ve-viec-ban-hanh-qui-dinh-ve-8c8ae222/53_qd_dhcntt_19_2_2019_quy_che_cong_tac_giao_trinh-b5954a88.pdf,53_qd_dhcntt_19_2_2019_quy_che_cong_tac_giao_trinh-b5954a88.pdf,2019-02-19,2019-02-19,2019-02-19,,02\. Quyết định về việc ban hành Qui định về công tác giáo trình,2026-04-16,2026-04-16T18:30:28.059936,title,high,document_date,2019-02-19,high,,,derived,,base_or_unknown,https://daa.uit.edu.vn/sites/daa/files/202310/53_qd_dhcntt_19_2_2019_quy_che_cong_tac_giao_trinh.pdf,206,true,metadata_file_path,from_metadata
90,C:\Users\hoang\Downloads\project\uit_firecrawl_new\firecrawl\data\daa\quydinh_huongdan\qui-che-qui-dinh-qui-trinh\02-quyet-dinh-ve-viec-ban-hanh-qui-dinh-ve-cong-tac-giao-trinh\53_qd_dhcntt_19_2_2019_quy_che_cong_tac_giao_trinh.pdf,daa/quydinh_huongdan/qui-che-qui-dinh-qui-trinh/02-quyet-dinh-ve-viec-ban-hanh-qui-dinh-ve-cong-tac-giao-trinh/53_qd_dhcntt_19_2_2019_quy_che_cong_tac_giao_trinh.pdf,53_qd_dhcntt_19_2_2019_quy_che_cong_tac_giao_trinh.pdf,2019-02-19,2019-02-19,2019-02-19,,02\. Quyết định về việc ban hành Qui định về công tác giáo trình,,2025-11-09T16:41:57.822522,title,high,document_date,2019-02-19,high,,,derived,,base_or_unknown,https://daa.uit.edu.vn/sites/daa/files/202310/53_qd_dhcntt_19_2_2019_quy_che_cong_tac_giao_trinh.pdf,206,true,cached_exact_name,discovered_from_filesystem
91,C:\Users\hoang\Downloads\project\uit_firecrawl_new\firecrawl\data\daa\quydinh_huongdan\quy-dinh-giao-trinh\pdf\53_qd_dhcntt_19_2_2019scan-8b45fc45.pdf,daa/quydinh_huongdan/quy-dinh-giao-trinh/pdf/53_qd_dhcntt_19_2_2019scan-8b45fc45.pdf,53_qd_dhcntt_19_2_2019scan-8b45fc45.pdf,2019-02-19,2019-02-19,2019-02-19,,<!DOCTYPE html>,,2026-04-16T18:12:55.022589,title,high,document_date,2019-02-19,high,,,derived,,base_or_unknown,https://daa.uit.edu.vn/sites/daa/files/uploads/53_qd_dhcntt_19_2_2019scan.pdf,206,true,cached_normalized_name,discovered_from_filesystem
92,C:\Users\hoang\Downloads\project\uit_firecrawl_new\firecrawl\data\daa\quydinh_huongdan\huong-dan-chuan-qua-trinh\pdf\108-qd-dhcntt15-3-2019_sua_doi_bo_sung_quy_dinh_dao_tao_ngoai_ngu_doi_voi_he_dh_chi-47ef8e96.pdf,daa/quydinh_huongdan/huong-dan-chuan-qua-trinh/pdf/108-qd-dhcntt15-3-2019_sua_doi_bo_sung_quy_dinh_dao_tao_ngoai_ngu_doi_voi_he_dh_chi-47ef8e96.pdf,108-qd-dhcntt15-3-2019_sua_doi_bo_sung_quy_dinh_dao_tao_ngoai_ngu_doi_voi_he_dh_chi-47ef8e96.pdf,2019-03-15,2019-03-15,2018-03-16,,"<!DOCTYPE html><html lang=""vi"" dir=""ltr"" class=""js""><!-- <![endif]-->",,2026-04-16T18:13:21.903402,title,high,document_date,2019-03-15,high,,,derived,,amendment_or_update,https://daa.uit.edu.vn/sites/daa/files/202310/108-qd-dhcntt15-3-2019_sua_doi_bo_sung_quy_dinh_dao_tao_ngoai_ngu_doi_voi_he_dh_chinh_quy_qui_dinh_141_0.pdf,206,true,cached_fuzzy_name,discovered_from_filesystem
93,C:\Users\hoang\Downloads\project\uit_firecrawl_new\firecrawl\data\daa\quydinh_huongdan\huong-dan-chuan-qua-trinh\pdf\108-qd-dhcntt15-3-2019_sua_doi_bo_sung_quy_dinh_dao_tao_ngoai_ngu_doi_voi_he_dh_chinh_quy_qui_dinh_141_0.pdf,daa/quydinh_huongdan/huong-dan-chuan-qua-trinh/pdf/108-qd-dhcntt15-3-2019_sua_doi_bo_sung_quy_dinh_dao_tao_ngoai_ngu_doi_voi_he_dh_chinh_quy_qui_dinh_141_0.pdf,108-qd-dhcntt15-3-2019_sua_doi_bo_sung_quy_dinh_dao_tao_ngoai_ngu_doi_voi_he_dh_chinh_quy_qui_dinh_141_0.pdf,2019-03-15,2019-03-15,2018-03-16,,"<!DOCTYPE html><html lang=""vi"" dir=""ltr"" class=""js""><!-- <![endif]-->",,2025-11-09T17:14:30.741866,title,high,document_date,2019-03-15,high,,,derived,,amendment_or_update,https://daa.uit.edu.vn/sites/daa/files/202310/108-qd-dhcntt15-3-2019_sua_doi_bo_sung_quy_dinh_dao_tao_ngoai_ngu_doi_voi_he_dh_chinh_quy_qui_dinh_141_0.pdf,206,true,cached_exact_name,discovered_from_filesystem
94,C:\Users\hoang\Downloads\project\uit_firecrawl_new\firecrawl\data\daa\quydinh_huongdan\qui-che-qui-dinh-qui-trinh\05-quy-dinh-dao-tao-ngoai-ngu-doi-voi-he-d-7673d143\108-qd-dhcntt15-3-2019_sua_doi_bo_sung_quy_dinh_dao_tao_ngoai_ngu_doi_voi_he_dh_chi-47ef8e96.pdf,daa/quydinh_huongdan/qui-che-qui-dinh-qui-trinh/05-quy-dinh-dao-tao-ngoai-ngu-doi-voi-he-d-7673d143/108-qd-dhcntt15-3-2019_sua_doi_bo_sung_quy_dinh_dao_tao_ngoai_ngu_doi_voi_he_dh_chi-47ef8e96.pdf,108-qd-dhcntt15-3-2019_sua_doi_bo_sung_quy_dinh_dao_tao_ngoai_ngu_doi_voi_he_dh_chi-47ef8e96.pdf,2019-03-15,2019-03-15,2018-03-16,,"<!DOCTYPE html><html lang=""vi"" dir=""ltr"" class=""js""><!-- <![endif]-->",2026-04-16,2026-04-16T18:30:32.773795,title,high,document_date,2019-03-15,high,,,derived,,amendment_or_update,https://daa.uit.edu.vn/sites/daa/files/202310/108-qd-dhcntt15-3-2019_sua_doi_bo_sung_quy_dinh_dao_tao_ngoai_ngu_doi_voi_he_dh_chinh_quy_qui_dinh_141_0.pdf,206,true,metadata_file_path,from_metadata
95,C:\Users\hoang\Downloads\project\uit_firecrawl_new\firecrawl\data\daa\quydinh_huongdan\qui-che-qui-dinh-qui-trinh\05-quy-dinh-dao-tao-ngoai-ngu-doi-voi-he-dai-hoc-chinh-quy-cua-truong-dhcntt\108-qd-dhcntt15-3-2019_sua_doi_bo_sung_quy_dinh_dao_tao_ngoai_ngu_doi_voi_he_dh_chinh_quy_qui_dinh_141_0.pdf,daa/quydinh_huongdan/qui-che-qui-dinh-qui-trinh/05-quy-dinh-dao-tao-ngoai-ngu-doi-voi-he-dai-hoc-chinh-quy-cua-truong-dhcntt/108-qd-dhcntt15-3-2019_sua_doi_bo_sung_quy_dinh_dao_tao_ngoai_ngu_doi_voi_he_dh_chinh_quy_qui_dinh_141_0.pdf,108-qd-dhcntt15-3-2019_sua_doi_bo_sung_quy_dinh_dao_tao_ngoai_ngu_doi_voi_he_dh_chinh_quy_qui_dinh_141_0.pdf,2019-03-15,2019-03-15,2018-03-16,,"<!DOCTYPE html><html lang=""vi"" dir=""ltr"" class=""js""><!-- <![endif]-->",,2025-11-09T16:44:14.408185,title,high,document_date,2019-03-15,high,,,derived,,amendment_or_update,https://daa.uit.edu.vn/sites/daa/files/202310/108-qd-dhcntt15-3-2019_sua_doi_bo_sung_quy_dinh_dao_tao_ngoai_ngu_doi_voi_he_dh_chinh_quy_qui_dinh_141_0.pdf,206,true,cached_exact_name,discovered_from_filesystem
96,C:\Users\hoang\Downloads\project\uit_firecrawl_new\firecrawl\data\daa\quydinh_huongdan\qui-che-qui-dinh-qui-trinh\05-quy-dinh-dao-tao-ngoai-ngu-doi-voi-he-d-7673d143\35-tb-dhcntt_21-5-2019_cong_nhan_chung_chi_tieng_nhat_nat-test_cho_chuan_qua_trinh_-cb613cd1.pdf,daa/quydinh_huongdan/qui-che-qui-dinh-qui-trinh/05-quy-dinh-dao-tao-ngoai-ngu-doi-voi-he-d-7673d143/35-tb-dhcntt_21-5-2019_cong_nhan_chung_chi_tieng_nhat_nat-test_cho_chuan_qua_trinh_-cb613cd1.pdf,35-tb-dhcntt_21-5-2019_cong_nhan_chung_chi_tieng_nhat_nat-test_cho_chuan_qua_trinh_-cb613cd1.pdf,2019-05-21,2019-05-21,2019-03-15,,"<!DOCTYPE html><html lang=""vi"" dir=""ltr""><!-- <![endif]-->",2026-04-16,2026-04-16T18:30:32.963141,title,high,document_date,2019-05-21,high,,,derived,,base_or_unknown,https://daa.uit.edu.vn/sites/daa/files/202310/35-tb-dhcntt_21-5-2019_cong_nhan_chung_chi_tieng_nhat_nat-test_cho_chuan_qua_trinh_0_0.pdf,206,true,metadata_file_path,from_metadata
97,C:\Users\hoang\Downloads\project\uit_firecrawl_new\firecrawl\data\daa\quydinh_huongdan\qui-che-qui-dinh-qui-trinh\05-quy-dinh-dao-tao-ngoai-ngu-doi-voi-he-dai-hoc-chinh-quy-cua-truong-dhcntt\35-tb-dhcntt_21-5-2019_cong_nhan_chung_chi_tieng_nhat_nat-test_cho_chuan_qua_trinh_0_0.pdf,daa/quydinh_huongdan/qui-che-qui-dinh-qui-trinh/05-quy-dinh-dao-tao-ngoai-ngu-doi-voi-he-dai-hoc-chinh-quy-cua-truong-dhcntt/35-tb-dhcntt_21-5-2019_cong_nhan_chung_chi_tieng_nhat_nat-test_cho_chuan_qua_trinh_0_0.pdf,35-tb-dhcntt_21-5-2019_cong_nhan_chung_chi_tieng_nhat_nat-test_cho_chuan_qua_trinh_0_0.pdf,2019-05-21,2019-05-21,2019-03-15,,"<!DOCTYPE html><html lang=""vi"" dir=""ltr""><!-- <![endif]-->",,2025-11-09T16:44:14.976027,title,high,document_date,2019-05-21,high,,,derived,,base_or_unknown,https://daa.uit.edu.vn/sites/daa/files/202310/35-tb-dhcntt_21-5-2019_cong_nhan_chung_chi_tieng_nhat_nat-test_cho_chuan_qua_trinh_0_0.pdf,206,true,cached_exact_name,discovered_from_filesystem
98,C:\Users\hoang\Downloads\project\uit_firecrawl_new\firecrawl\data\daa\quydinh_huongdan\quyche-dhqg-hcm\pdf\650-qd-dhqg_3-6-2019-quy_dinh_dao_tao_lien_thong_tu_trinh_do_dai_hoc_len_trinh_do_t-d10899f9.pdf,daa/quydinh_huongdan/quyche-dhqg-hcm/pdf/650-qd-dhqg_3-6-2019-quy_dinh_dao_tao_lien_thong_tu_trinh_do_dai_hoc_len_trinh_do_t-d10899f9.pdf,650-qd-dhqg_3-6-2019-quy_dinh_dao_tao_lien_thong_tu_trinh_do_dai_hoc_len_trinh_do_t-d10899f9.pdf,2019-06-03,2019-06-03,2018-02-27,,"<!DOCTYPE html><html lang=""vi"" dir=""ltr"" class=""js""><!-- <![endif]-->",2026-04-16,2026-04-16T18:30:41.914566,title,high,document_date,2019-06-03,high,,,derived,,base_or_unknown,https://daa.uit.edu.vn/sites/daa/files/202310/650-qd-dhqg_3-6-2019-quy_dinh_dao_tao_lien_thong_tu_trinh_do_dai_hoc_len_trinh_do_thac_si.pdf,206,true,metadata_file_path,from_metadata
99,C:\Users\hoang\Downloads\project\uit_firecrawl_new\firecrawl\data\daa\quydinh_huongdan\quyche-dhqg-hcm\pdf\650-qd-dhqg_3-6-2019-quy_dinh_dao_tao_lien_thong_tu_trinh_do_dai_hoc_len_trinh_do_thac_si.pdf,daa/quydinh_huongdan/quyche-dhqg-hcm/pdf/650-qd-dhqg_3-6-2019-quy_dinh_dao_tao_lien_thong_tu_trinh_do_dai_hoc_len_trinh_do_thac_si.pdf,650-qd-dhqg_3-6-2019-quy_dinh_dao_tao_lien_thong_tu_trinh_do_dai_hoc_len_trinh_do_thac_si.pdf,2019-06-03,2019-06-03,2018-02-27,,"<!DOCTYPE html><html lang=""vi"" dir=""ltr"" class=""js""><!-- <![endif]-->",,2025-11-09T17:09:22.034837,title,high,document_date,2019-06-03,high,,,derived,,base_or_unknown,https://daa.uit.edu.vn/sites/daa/files/202310/650-qd-dhqg_3-6-2019-quy_dinh_dao_tao_lien_thong_tu_trinh_do_dai_hoc_len_trinh_do_thac_si.pdf,206,true,cached_exact_name,discovered_from_filesystem
100,C:\Users\hoang\Downloads\project\uit_firecrawl_new\firecrawl\data\daa\quydinh_huongdan\huong-dan-chuan-qua-trinh\pdf\547-qd-dhcntt_30-8-2019_qui_dinh_dao_tao_ngoai_ngu_doi_voi_he_chinh_qui_khoa_2019_0-9e00a683.pdf,daa/quydinh_huongdan/huong-dan-chuan-qua-trinh/pdf/547-qd-dhcntt_30-8-2019_qui_dinh_dao_tao_ngoai_ngu_doi_voi_he_chinh_qui_khoa_2019_0-9e00a683.pdf,547-qd-dhcntt_30-8-2019_qui_dinh_dao_tao_ngoai_ngu_doi_voi_he_chinh_qui_khoa_2019_0-9e00a683.pdf,2019-08-30,2019-08-30,2018-03-16,,"<!DOCTYPE html><html lang=""vi"" dir=""ltr"" class=""js""><!-- <![endif]-->",,2026-04-16T18:13:24.027315,title,high,document_date,2019-08-30,high,,,derived,,base_or_unknown,https://daa.uit.edu.vn/sites/daa/files/202310/547-qd-dhcntt_30-8-2019_qui_dinh_dao_tao_ngoai_ngu_doi_voi_he_chinh_qui_khoa_2019_0_0.pdf,206,true,cached_fuzzy_name,discovered_from_filesystem
101,C:\Users\hoang\Downloads\project\uit_firecrawl_new\firecrawl\data\daa\quydinh_huongdan\huong-dan-chuan-qua-trinh\pdf\547-qd-dhcntt_30-8-2019_qui_dinh_dao_tao_ngoai_ngu_doi_voi_he_chinh_qui_khoa_2019_0_0.pdf,daa/quydinh_huongdan/huong-dan-chuan-qua-trinh/pdf/547-qd-dhcntt_30-8-2019_qui_dinh_dao_tao_ngoai_ngu_doi_voi_he_chinh_qui_khoa_2019_0_0.pdf,547-qd-dhcntt_30-8-2019_qui_dinh_dao_tao_ngoai_ngu_doi_voi_he_chinh_qui_khoa_2019_0_0.pdf,2019-08-30,2019-08-30,2018-03-16,,"<!DOCTYPE html><html lang=""vi"" dir=""ltr"" class=""js""><!-- <![endif]-->",,2025-11-09T17:14:31.515974,title,high,document_date,2019-08-30,high,,,derived,,base_or_unknown,https://daa.uit.edu.vn/sites/daa/files/202310/547-qd-dhcntt_30-8-2019_qui_dinh_dao_tao_ngoai_ngu_doi_voi_he_chinh_qui_khoa_2019_0_0.pdf,206,true,cached_exact_name,discovered_from_filesystem
102,C:\Users\hoang\Downloads\project\uit_firecrawl_new\firecrawl\data\daa\quydinh_huongdan\qui-che-qui-dinh-qui-trinh\05-quy-dinh-dao-tao-ngoai-ngu-doi-voi-he-d-7673d143\547-qd-dhcntt_30-8-2019_qui_dinh_dao_tao_ngoai_ngu_doi_voi_he_chinh_qui_khoa_2019_0-9e00a683.pdf,daa/quydinh_huongdan/qui-che-qui-dinh-qui-trinh/05-quy-dinh-dao-tao-ngoai-ngu-doi-voi-he-d-7673d143/547-qd-dhcntt_30-8-2019_qui_dinh_dao_tao_ngoai_ngu_doi_voi_he_chinh_qui_khoa_2019_0-9e00a683.pdf,547-qd-dhcntt_30-8-2019_qui_dinh_dao_tao_ngoai_ngu_doi_voi_he_chinh_qui_khoa_2019_0-9e00a683.pdf,2019-08-30,2019-08-30,2018-03-16,,"<!DOCTYPE html><html lang=""vi"" dir=""ltr"" class=""js""><!-- <![endif]-->",2026-04-16,2026-04-16T18:30:33.071720,title,high,document_date,2019-08-30,high,,,derived,,base_or_unknown,https://daa.uit.edu.vn/sites/daa/files/202310/547-qd-dhcntt_30-8-2019_qui_dinh_dao_tao_ngoai_ngu_doi_voi_he_chinh_qui_khoa_2019_0_0.pdf,206,true,metadata_file_path,from_metadata
103,C:\Users\hoang\Downloads\project\uit_firecrawl_new\firecrawl\data\daa\quydinh_huongdan\qui-che-qui-dinh-qui-trinh\05-quy-dinh-dao-tao-ngoai-ngu-doi-voi-he-dai-hoc-chinh-quy-cua-truong-dhcntt\547-qd-dhcntt_30-8-2019_qui_dinh_dao_tao_ngoai_ngu_doi_voi_he_chinh_qui_khoa_2019_0_0.pdf,daa/quydinh_huongdan/qui-che-qui-dinh-qui-trinh/05-quy-dinh-dao-tao-ngoai-ngu-doi-voi-he-dai-hoc-chinh-quy-cua-truong-dhcntt/547-qd-dhcntt_30-8-2019_qui_dinh_dao_tao_ngoai_ngu_doi_voi_he_chinh_qui_khoa_2019_0_0.pdf,547-qd-dhcntt_30-8-2019_qui_dinh_dao_tao_ngoai_ngu_doi_voi_he_chinh_qui_khoa_2019_0_0.pdf,2019-08-30,2019-08-30,2018-03-16,,"<!DOCTYPE html><html lang=""vi"" dir=""ltr"" class=""js""><!-- <![endif]-->",,2025-11-09T16:44:15.335594,title,high,document_date,2019-08-30,high,,,derived,,base_or_unknown,https://daa.uit.edu.vn/sites/daa/files/202310/547-qd-dhcntt_30-8-2019_qui_dinh_dao_tao_ngoai_ngu_doi_voi_he_chinh_qui_khoa_2019_0_0.pdf,206,true,cached_exact_name,discovered_from_filesystem
104,C:\Users\hoang\Downloads\project\uit_firecrawl_new\firecrawl\data\daa\quydinh_huongdan\qui-che-qui-dinh-qui-trinh\17-quy-dinh-ve-chinh-sach-ho-tro-cong-bo-khoa-hoc\547-qd-dhcntt_1-6-23_ban_hanh_chinh_sach_ho_tro_cong_bo_khoa_hoc_danh_cho_sv_cao_hoc_ncs.pdf,daa/quydinh_huongdan/qui-che-qui-dinh-qui-trinh/17-quy-dinh-ve-chinh-sach-ho-tro-cong-bo-khoa-hoc/547-qd-dhcntt_1-6-23_ban_hanh_chinh_sach_ho_tro_cong_bo_khoa_hoc_danh_cho_sv_cao_hoc_ncs.pdf,547-qd-dhcntt_1-6-23_ban_hanh_chinh_sach_ho_tro_cong_bo_khoa_hoc_danh_cho_sv_cao_hoc_ncs.pdf,2019-08-30,2019-08-30,2018-03-16,,"<!DOCTYPE html><html lang=""vi"" dir=""ltr"" class=""js""><!-- <![endif]-->",,2025-11-09T16:52:28.145960,original_file_url,medium,document_date,2019-08-30,high,,,derived,,base_or_unknown,https://daa.uit.edu.vn/sites/daa/files/202310/547-qd-dhcntt_30-8-2019_qui_dinh_dao_tao_ngoai_ngu_doi_voi_he_chinh_qui_khoa_2019_0_0.pdf,206,true,cached_fuzzy_name,discovered_from_filesystem
105,C:\Users\hoang\Downloads\project\uit_firecrawl_new\firecrawl\data\daa\quydinh_huongdan\quyche-dhqg-hcm\pdf\1195-qd-dhqg_27-9-2019_quy_dinh_dao_tao_song_nganh_dhqg-4d69dffa.pdf,daa/quydinh_huongdan/quyche-dhqg-hcm/pdf/1195-qd-dhqg_27-9-2019_quy_dinh_dao_tao_song_nganh_dhqg-4d69dffa.pdf,1195-qd-dhqg_27-9-2019_quy_dinh_dao_tao_song_nganh_dhqg-4d69dffa.pdf,2019-09-27,2019-09-27,2019-09-27,,"Quy chế, Quy định đào tạo đại học của ĐHQG-HCM",2026-04-16,2026-04-16T18:30:35.683901,title,high,document_date,2019-09-27,high,,,derived,,base_or_unknown,https://daa.uit.edu.vn/sites/daa/files/202310/1195-qd-dhqg_27-9-2019_quy_dinh_dao_tao_song_nganh_dhqg.pdf,206,true,metadata_file_path,from_metadata
106,C:\Users\hoang\Downloads\project\uit_firecrawl_new\firecrawl\data\daa\quydinh_huongdan\quyche-dhqg-hcm\pdf\1195-qd-dhqg_27-9-2019_quy_dinh_dao_tao_song_nganh_dhqg.pdf,daa/quydinh_huongdan/quyche-dhqg-hcm/pdf/1195-qd-dhqg_27-9-2019_quy_dinh_dao_tao_song_nganh_dhqg.pdf,1195-qd-dhqg_27-9-2019_quy_dinh_dao_tao_song_nganh_dhqg.pdf,2019-09-27,2019-09-27,2019-09-27,,"Quy chế, Quy định đào tạo đại học của ĐHQG-HCM",,2025-11-09T17:09:18.053088,title,high,document_date,2019-09-27,high,,,derived,,base_or_unknown,https://daa.uit.edu.vn/sites/daa/files/202310/1195-qd-dhqg_27-9-2019_quy_dinh_dao_tao_song_nganh_dhqg.pdf,206,true,cached_exact_name,discovered_from_filesystem
107,C:\Users\hoang\Downloads\project\uit_firecrawl_new\firecrawl\data\daa\quydinh_huongdan\quy-trinh-can-bo-giang-day\pdf\hdsd_giangdaytructuyentrenmicrosoftteams.pdf,daa/quydinh_huongdan/quy-trinh-can-bo-giang-day/pdf/hdsd_giangdaytructuyentrenmicrosoftteams.pdf,hdsd_giangdaytructuyentrenmicrosoftteams.pdf,,,,,"<!DOCTYPE html><html lang=""vi"" dir=""ltr"" class=""js""><!-- <![endif]-->",,2025-11-09T17:12:59.470032,missing,low,manual_override,2020-01-01,manual,teaching_guides_online_source_order,001,manual_override,manual teaching-guide order from attachment list on source page,base_or_unknown,https://daa.uit.edu.vn/sites/daa/files/uploads/hdsd_giangdaytructuyentrenmicrosoftteams.pdf,206,true,cached_exact_name,discovered_from_filesystem;manual_override:manual teaching-guide order from attachment list on source page
108,C:\Users\hoang\Downloads\project\uit_firecrawl_new\firecrawl\data\daa\quydinh_huongdan\quy-trinh-can-bo-giang-day\pdf\hdsd_giangdaytructuyentrenmicrosoftteams-f7ef7f3b.pdf,daa/quydinh_huongdan/quy-trinh-can-bo-giang-day/pdf/hdsd_giangdaytructuyentrenmicrosoftteams-f7ef7f3b.pdf,hdsd_giangdaytructuyentrenmicrosoftteams-f7ef7f3b.pdf,,,,,"<!DOCTYPE html><html lang=""vi"" dir=""ltr"" class=""js""><!-- <![endif]-->",,2026-04-16T18:13:06.303835,missing,low,manual_override,2020-01-01,manual,teaching_guides_online_source_order,002,manual_override,manual teaching-guide order from attachment list on source page,base_or_unknown,https://daa.uit.edu.vn/sites/daa/files/uploads/hdsd_giangdaytructuyentrenmicrosoftteams.pdf,206,true,local_sidecar_page,discovered_from_filesystem;manual_override:manual teaching-guide order from attachment list on source page
109,C:\Users\hoang\Downloads\project\uit_firecrawl_new\firecrawl\data\daa\quydinh_huongdan\quy-trinh-can-bo-giang-day\pdf\huong_dan_phan_quyen_sv_tham_gia_0.pdf,daa/quydinh_huongdan/quy-trinh-can-bo-giang-day/pdf/huong_dan_phan_quyen_sv_tham_gia_0.pdf,huong_dan_phan_quyen_sv_tham_gia_0.pdf,,,,,"<!DOCTYPE html><html lang=""vi"" dir=""ltr"" class=""js""><!-- <![endif]-->",,2025-11-09T17:12:59.564683,missing,low,manual_override,2020-01-01,manual,teaching_guides_online_source_order,003,manual_override,manual teaching-guide order from attachment list on source page,base_or_unknown,https://daa.uit.edu.vn/sites/daa/files/uploads/huong_dan_phan_quyen_sv_tham_gia_0.pdf,206,true,cached_exact_name,discovered_from_filesystem;manual_override:manual teaching-guide order from attachment list on source page
110,C:\Users\hoang\Downloads\project\uit_firecrawl_new\firecrawl\data\daa\quydinh_huongdan\quy-trinh-can-bo-giang-day\pdf\huong_dan_phan_quyen_sv_tham_gia_0-efc2adbc.pdf,daa/quydinh_huongdan/quy-trinh-can-bo-giang-day/pdf/huong_dan_phan_quyen_sv_tham_gia_0-efc2adbc.pdf,huong_dan_phan_quyen_sv_tham_gia_0-efc2adbc.pdf,,,,,"<!DOCTYPE html><html lang=""vi"" dir=""ltr"" class=""js""><!-- <![endif]-->",,2026-04-16T18:13:06.593801,missing,low,manual_override,2020-01-01,manual,teaching_guides_online_source_order,004,manual_override,manual teaching-guide order from attachment list on source page,base_or_unknown,https://daa.uit.edu.vn/sites/daa/files/uploads/huong_dan_phan_quyen_sv_tham_gia_0.pdf,206,true,cached_normalized_name,discovered_from_filesystem;manual_override:manual teaching-guide order from attachment list on source page
111,C:\Users\hoang\Downloads\project\uit_firecrawl_new\firecrawl\data\daa\quydinh_huongdan\quy-trinh-can-bo-giang-day\pdf\huongdansudungvideobaigiang.pdf,daa/quydinh_huongdan/quy-trinh-can-bo-giang-day/pdf/huongdansudungvideobaigiang.pdf,huongdansudungvideobaigiang.pdf,,,,,"<!DOCTYPE html><html lang=""vi"" dir=""ltr"" class=""js""><!-- <![endif]-->",,2025-11-09T17:12:59.811946,missing,low,manual_override,2020-01-01,manual,teaching_guides_online_source_order,005,manual_override,manual teaching-guide order from attachment list on source page,base_or_unknown,https://daa.uit.edu.vn/sites/daa/files/uploads/huongdansudungvideobaigiang.pdf,206,true,cached_exact_name,discovered_from_filesystem;manual_override:manual teaching-guide order from attachment list on source page
112,C:\Users\hoang\Downloads\project\uit_firecrawl_new\firecrawl\data\daa\quydinh_huongdan\quy-trinh-can-bo-giang-day\pdf\huongdansudungvideobaigiang-2a9c6fd4.pdf,daa/quydinh_huongdan/quy-trinh-can-bo-giang-day/pdf/huongdansudungvideobaigiang-2a9c6fd4.pdf,huongdansudungvideobaigiang-2a9c6fd4.pdf,,,,,"<!DOCTYPE html><html lang=""vi"" dir=""ltr"" class=""js""><!-- <![endif]-->",,2026-04-16T18:13:07.393011,missing,low,manual_override,2020-01-01,manual,teaching_guides_online_source_order,006,manual_override,manual teaching-guide order from attachment list on source page,base_or_unknown,https://daa.uit.edu.vn/sites/daa/files/uploads/huongdansudungvideobaigiang.pdf,206,true,cached_normalized_name,discovered_from_filesystem;manual_override:manual teaching-guide order from attachment list on source page
113,C:\Users\hoang\Downloads\project\uit_firecrawl_new\firecrawl\data\daa\quydinh_huongdan\quyche-bogddt\pdf\05_2020_tt-bgddt_18-03-2020_ban_hanh_chuong_trinh_giao_duc_quoc_phong_an_ninh-4714750e.pdf,daa/quydinh_huongdan/quyche-bogddt/pdf/05_2020_tt-bgddt_18-03-2020_ban_hanh_chuong_trinh_giao_duc_quoc_phong_an_ninh-4714750e.pdf,05_2020_tt-bgddt_18-03-2020_ban_hanh_chuong_trinh_giao_duc_quoc_phong_an_ninh-4714750e.pdf,2020-03-18,2020-03-18,2020-03-18,,"Quy chế, Quy định đào tạo đại học của Bộ GDĐT",,2026-04-16T18:12:57.665141,title,high,document_date,2020-03-18,high,,,derived,,base_or_unknown,https://daa.uit.edu.vn/sites/daa/files/202311/05_2020_tt-bgddt_18-03-2020_ban_hanh_chuong_trinh_giao_duc_quoc_phong_an_ninh.pdf,206,true,cached_normalized_name,discovered_from_filesystem
114,C:\Users\hoang\Downloads\project\uit_firecrawl_new\firecrawl\data\daa\quydinh_huongdan\quyche-bogddt\pdf\05_2020_tt-bgddt_18-03-2020_ban_hanh_chuong_trinh_giao_duc_quoc_phong_an_ninh.pdf,daa/quydinh_huongdan/quyche-bogddt/pdf/05_2020_tt-bgddt_18-03-2020_ban_hanh_chuong_trinh_giao_duc_quoc_phong_an_ninh.pdf,05_2020_tt-bgddt_18-03-2020_ban_hanh_chuong_trinh_giao_duc_quoc_phong_an_ninh.pdf,2020-03-18,2020-03-18,2020-03-18,,"Quy chế, Quy định đào tạo đại học của Bộ GDĐT",,2025-11-09T17:10:21.941466,title,high,document_date,2020-03-18,high,,,derived,,base_or_unknown,https://daa.uit.edu.vn/sites/daa/files/202311/05_2020_tt-bgddt_18-03-2020_ban_hanh_chuong_trinh_giao_duc_quoc_phong_an_ninh.pdf,206,true,cached_exact_name,discovered_from_filesystem
115,C:\Users\hoang\Downloads\project\uit_firecrawl_new\firecrawl\data\daa\quydinh_huongdan\qui-che-qui-dinh-qui-trinh\16-thoi-diem-va-muc-thu-hoc-phi-gia-han-doi-voi-sinh-vien-he-dai-hoc-chinh-quy\43-tb-dhcntt-23-06-2020_thoi_diem_va_muc_thu_hoc_phi_gia_han_doi_voi_sv_he_dai_hoc_chinh_quy.pdf,daa/quydinh_huongdan/qui-che-qui-dinh-qui-trinh/16-thoi-diem-va-muc-thu-hoc-phi-gia-han-doi-voi-sinh-vien-he-dai-hoc-chinh-quy/43-tb-dhcntt-23-06-2020_thoi_diem_va_muc_thu_hoc_phi_gia_han_doi_voi_sv_he_dai_hoc_chinh_quy.pdf,43-tb-dhcntt-23-06-2020_thoi_diem_va_muc_thu_hoc_phi_gia_han_doi_voi_sv_he_dai_hoc_chinh_quy.pdf,2020-06-23,2020-06-23,2020-06-23,,16\. Thời điểm và mức thu học phí gia hạn đối với sinh viên hệ đại học chính quy,,2025-11-09T16:51:43.470836,title,high,document_date,2020-06-23,high,,,derived,,base_or_unknown,https://daa.uit.edu.vn/sites/daa/files/202309/43-tb-dhcntt-23-06-2020_thoi_diem_va_muc_thu_hoc_phi_gia_han_doi_voi_sv_he_dai_hoc_chinh_quy.pdf,206,true,local_sidecar_page,discovered_from_filesystem
116,C:\Users\hoang\Downloads\project\uit_firecrawl_new\firecrawl\data\daa\quydinh_huongdan\quyche-bogddt\pdf\20_2020_tt_bgddt_27-7-2020_thong_tu_quy_dinh_che_do_lam_viec_cua_gv_co_so_gddh-cb908b7c.pdf,daa/quydinh_huongdan/quyche-bogddt/pdf/20_2020_tt_bgddt_27-7-2020_thong_tu_quy_dinh_che_do_lam_viec_cua_gv_co_so_gddh-cb908b7c.pdf,20_2020_tt_bgddt_27-7-2020_thong_tu_quy_dinh_che_do_lam_viec_cua_gv_co_so_gddh-cb908b7c.pdf,2020-07-27,2020-07-27,2020-03-18,,"<!DOCTYPE html><html lang=""vi"" dir=""ltr"" class=""js""><!-- <![endif]-->",,2026-04-16T18:12:58.100896,title,high,document_date,2020-07-27,high,,,derived,,base_or_unknown,https://daa.uit.edu.vn/sites/daa/files/202311/20_2020_tt_bgddt_27-7-2020_thong_tu_quy_dinh_che_do_lam_viec_cua_gv_co_so_gddh.pdf,206,true,cached_normalized_name,discovered_from_filesystem
117,C:\Users\hoang\Downloads\project\uit_firecrawl_new\firecrawl\data\daa\quydinh_huongdan\quyche-bogddt\pdf\20_2020_tt_bgddt_27-7-2020_thong_tu_quy_dinh_che_do_lam_viec_cua_gv_co_so_gddh.pdf,daa/quydinh_huongdan/quyche-bogddt/pdf/20_2020_tt_bgddt_27-7-2020_thong_tu_quy_dinh_che_do_lam_viec_cua_gv_co_so_gddh.pdf,20_2020_tt_bgddt_27-7-2020_thong_tu_quy_dinh_che_do_lam_viec_cua_gv_co_so_gddh.pdf,2020-07-27,2020-07-27,2020-03-18,,"<!DOCTYPE html><html lang=""vi"" dir=""ltr"" class=""js""><!-- <![endif]-->",,2025-11-09T17:10:22.076704,title,high,document_date,2020-07-27,high,,,derived,,base_or_unknown,https://daa.uit.edu.vn/sites/daa/files/202311/20_2020_tt_bgddt_27-7-2020_thong_tu_quy_dinh_che_do_lam_viec_cua_gv_co_so_gddh.pdf,206,true,cached_exact_name,discovered_from_filesystem
118,C:\Users\hoang\Downloads\project\uit_firecrawl_new\firecrawl\data\daa\quydinh_huongdan\quyche-bogddt\pdf\21_2019_tt_bgddt_quy_che_quan_ly_bang_tot_nghiep_thcs_thpt_tcsp_cdsp_gddh_cc-2624b29b.pdf,daa/quydinh_huongdan/quyche-bogddt/pdf/21_2019_tt_bgddt_quy_che_quan_ly_bang_tot_nghiep_thcs_thpt_tcsp_cdsp_gddh_cc-2624b29b.pdf,21_2019_tt_bgddt_quy_che_quan_ly_bang_tot_nghiep_thcs_thpt_tcsp_cdsp_gddh_cc-2624b29b.pdf,,,2020-07-27,,"Quy chế, Quy định đào tạo đại học của Bộ GDĐT",,2026-04-16T18:12:58.436244,missing,low,source_page_date,2020-07-27,medium,,,derived,,base_or_unknown,https://daa.uit.edu.vn/sites/daa/files/202311/21_2019_tt_bgddt_quy_che_quan_ly_bang_tot_nghiep_thcs_thpt_tcsp_cdsp_gddh_cc.pdf,206,true,cached_normalized_name,discovered_from_filesystem
119,C:\Users\hoang\Downloads\project\uit_firecrawl_new\firecrawl\data\daa\quydinh_huongdan\quyche-bogddt\pdf\21_2019_tt_bgddt_quy_che_quan_ly_bang_tot_nghiep_thcs_thpt_tcsp_cdsp_gddh_cc.pdf,daa/quydinh_huongdan/quyche-bogddt/pdf/21_2019_tt_bgddt_quy_che_quan_ly_bang_tot_nghiep_thcs_thpt_tcsp_cdsp_gddh_cc.pdf,21_2019_tt_bgddt_quy_che_quan_ly_bang_tot_nghiep_thcs_thpt_tcsp_cdsp_gddh_cc.pdf,,,2020-07-27,,"Quy chế, Quy định đào tạo đại học của Bộ GDĐT",,2025-11-09T17:10:22.200341,missing,low,source_page_date,2020-07-27,medium,,,derived,,base_or_unknown,https://daa.uit.edu.vn/sites/daa/files/202311/21_2019_tt_bgddt_quy_che_quan_ly_bang_tot_nghiep_thcs_thpt_tcsp_cdsp_gddh_cc.pdf,206,true,cached_exact_name,discovered_from_filesystem
120,C:\Users\hoang\Downloads\project\uit_firecrawl_new\firecrawl\data\daa\quydinh_huongdan\quyche-bogddt\pdf\24_tt_2017_bgddt_danh_muc_giao_duc_dao_tao_cap_iv_trinh_do_dai_hoc-2c442652.pdf,daa/quydinh_huongdan/quyche-bogddt/pdf/24_tt_2017_bgddt_danh_muc_giao_duc_dao_tao_cap_iv_trinh_do_dai_hoc-2c442652.pdf,24_tt_2017_bgddt_danh_muc_giao_duc_dao_tao_cap_iv_trinh_do_dai_hoc-2c442652.pdf,,,2020-07-27,,"Quy chế, Quy định đào tạo đại học của Bộ GDĐT",,2026-04-16T18:12:58.700060,missing,low,source_page_date,2020-07-27,medium,,,derived,,base_or_unknown,https://daa.uit.edu.vn/sites/daa/files/202311/24_tt_2017_bgddt_danh_muc_giao_duc_dao_tao_cap_iv_trinh_do_dai_hoc.pdf,206,true,cached_normalized_name,discovered_from_filesystem
121,C:\Users\hoang\Downloads\project\uit_firecrawl_new\firecrawl\data\daa\quydinh_huongdan\quyche-bogddt\pdf\24_tt_2017_bgddt_danh_muc_giao_duc_dao_tao_cap_iv_trinh_do_dai_hoc.pdf,daa/quydinh_huongdan/quyche-bogddt/pdf/24_tt_2017_bgddt_danh_muc_giao_duc_dao_tao_cap_iv_trinh_do_dai_hoc.pdf,24_tt_2017_bgddt_danh_muc_giao_duc_dao_tao_cap_iv_trinh_do_dai_hoc.pdf,,,2020-07-27,,"Quy chế, Quy định đào tạo đại học của Bộ GDĐT",,2025-11-09T17:10:22.295522,missing,low,source_page_date,2020-07-27,medium,,,derived,,base_or_unknown,https://daa.uit.edu.vn/sites/daa/files/202311/24_tt_2017_bgddt_danh_muc_giao_duc_dao_tao_cap_iv_trinh_do_dai_hoc.pdf,206,true,cached_exact_name,discovered_from_filesystem
122,C:\Users\hoang\Downloads\project\uit_firecrawl_new\firecrawl\data\daa\quydinh_huongdan\quyche-bogddt\pdf\43-2019-qh14_luat_giao_duc-926a5a0f.pdf,daa/quydinh_huongdan/quyche-bogddt/pdf/43-2019-qh14_luat_giao_duc-926a5a0f.pdf,43-2019-qh14_luat_giao_duc-926a5a0f.pdf,,,2020-07-27,,"Quy chế, Quy định đào tạo đại học của Bộ GDĐT",,2026-04-16T18:12:59.048722,missing,low,source_page_date,2020-07-27,medium,,,derived,,base_or_unknown,https://daa.uit.edu.vn/sites/daa/files/202311/43-2019-qh14_luat_giao_duc.pdf,206,true,cached_normalized_name,discovered_from_filesystem
123,C:\Users\hoang\Downloads\project\uit_firecrawl_new\firecrawl\data\daa\quydinh_huongdan\quyche-bogddt\pdf\43-2019-qh14_luat_giao_duc.pdf,daa/quydinh_huongdan/quyche-bogddt/pdf/43-2019-qh14_luat_giao_duc.pdf,43-2019-qh14_luat_giao_duc.pdf,,,2020-07-27,,"Quy chế, Quy định đào tạo đại học của Bộ GDĐT",,2025-11-09T17:10:22.423887,missing,low,source_page_date,2020-07-27,medium,,,derived,,base_or_unknown,https://daa.uit.edu.vn/sites/daa/files/202311/43-2019-qh14_luat_giao_duc.pdf,206,true,cached_exact_name,discovered_from_filesystem
124,C:\Users\hoang\Downloads\project\uit_firecrawl_new\firecrawl\data\daa\quydinh_huongdan\quyche-bogddt\pdf\436_qd-ttg_ban_hanh_ke_hoach_thuc_hien_khung_trinh_do_quoc_gia_vn_2020-2025-b20c77a2.pdf,daa/quydinh_huongdan/quyche-bogddt/pdf/436_qd-ttg_ban_hanh_ke_hoach_thuc_hien_khung_trinh_do_quoc_gia_vn_2020-2025-b20c77a2.pdf,436_qd-ttg_ban_hanh_ke_hoach_thuc_hien_khung_trinh_do_quoc_gia_vn_2020-2025-b20c77a2.pdf,,,2020-07-27,,"Quy chế, Quy định đào tạo đại học của Bộ GDĐT",,2026-04-16T18:12:59.805938,missing,low,source_page_date,2020-07-27,medium,,,derived,,base_or_unknown,https://daa.uit.edu.vn/sites/daa/files/202311/436_qd-ttg_ban_hanh_ke_hoach_thuc_hien_khung_trinh_do_quoc_gia_vn_2020-2025.pdf,206,true,cached_normalized_name,discovered_from_filesystem
125,C:\Users\hoang\Downloads\project\uit_firecrawl_new\firecrawl\data\daa\quydinh_huongdan\quyche-bogddt\pdf\436_qd-ttg_ban_hanh_ke_hoach_thuc_hien_khung_trinh_do_quoc_gia_vn_2020-2025.pdf,daa/quydinh_huongdan/quyche-bogddt/pdf/436_qd-ttg_ban_hanh_ke_hoach_thuc_hien_khung_trinh_do_quoc_gia_vn_2020-2025.pdf,436_qd-ttg_ban_hanh_ke_hoach_thuc_hien_khung_trinh_do_quoc_gia_vn_2020-2025.pdf,,,2020-07-27,,"Quy chế, Quy định đào tạo đại học của Bộ GDĐT",,2025-11-09T17:10:22.694731,missing,low,source_page_date,2020-07-27,medium,,,derived,,base_or_unknown,https://daa.uit.edu.vn/sites/daa/files/202311/436_qd-ttg_ban_hanh_ke_hoach_thuc_hien_khung_trinh_do_quoc_gia_vn_2020-2025.pdf,206,true,cached_exact_name,discovered_from_filesystem
126,C:\Users\hoang\Downloads\project\uit_firecrawl_new\firecrawl\data\daa\quydinh_huongdan\quyche-bogddt\pdf\99_2019_nd-cp_quy_dinh_bo_sung_mot_so_dieu_cua_luat_giao_duc_dai_hoc-7058f4fe.pdf,daa/quydinh_huongdan/quyche-bogddt/pdf/99_2019_nd-cp_quy_dinh_bo_sung_mot_so_dieu_cua_luat_giao_duc_dai_hoc-7058f4fe.pdf,99_2019_nd-cp_quy_dinh_bo_sung_mot_so_dieu_cua_luat_giao_duc_dai_hoc-7058f4fe.pdf,,,2020-07-27,,"Quy chế, Quy định đào tạo đại học của Bộ GDĐT",,2026-04-16T18:12:59.542380,missing,low,source_page_date,2020-07-27,medium,,,derived,,amendment_or_update,https://daa.uit.edu.vn/sites/daa/files/202311/99_2019_nd-cp_quy_dinh_bo_sung_mot_so_dieu_cua_luat_giao_duc_dai_hoc.pdf,206,true,cached_normalized_name,discovered_from_filesystem
127,C:\Users\hoang\Downloads\project\uit_firecrawl_new\firecrawl\data\daa\quydinh_huongdan\quyche-bogddt\pdf\99_2019_nd-cp_quy_dinh_bo_sung_mot_so_dieu_cua_luat_giao_duc_dai_hoc.pdf,daa/quydinh_huongdan/quyche-bogddt/pdf/99_2019_nd-cp_quy_dinh_bo_sung_mot_so_dieu_cua_luat_giao_duc_dai_hoc.pdf,99_2019_nd-cp_quy_dinh_bo_sung_mot_so_dieu_cua_luat_giao_duc_dai_hoc.pdf,,,2020-07-27,,"Quy chế, Quy định đào tạo đại học của Bộ GDĐT",,2025-11-09T17:10:22.609439,missing,low,source_page_date,2020-07-27,medium,,,derived,,amendment_or_update,https://daa.uit.edu.vn/sites/daa/files/202311/99_2019_nd-cp_quy_dinh_bo_sung_mot_so_dieu_cua_luat_giao_duc_dai_hoc.pdf,206,true,cached_exact_name,discovered_from_filesystem
128,C:\Users\hoang\Downloads\project\uit_firecrawl_new\firecrawl\data\daa\quydinh_huongdan\qui-che-qui-dinh-qui-trinh\18-quy-trinh-phan-cong-can-bo-coi-thi-cho-706f299d\672-qd-dhcntt_15-10-2020_quy_trinh_phan_cong_cbct-df0b7e3e.pdf,daa/quydinh_huongdan/qui-che-qui-dinh-qui-trinh/18-quy-trinh-phan-cong-can-bo-coi-thi-cho-706f299d/672-qd-dhcntt_15-10-2020_quy_trinh_phan_cong_cbct-df0b7e3e.pdf,672-qd-dhcntt_15-10-2020_quy_trinh_phan_cong_cbct-df0b7e3e.pdf,2020-10-15,2020-10-15,2020-10-15,,18\. Quy trình phân công cán bộ coi thi cho các đợt thi tập trung hệ đại học chính quy,2026-04-16,2026-04-16T18:30:28.295186,title,high,document_date,2020-10-15,high,,,derived,,base_or_unknown,https://daa.uit.edu.vn/sites/daa/files/202309/672-qd-dhcntt_15-10-2020_quy_trinh_phan_cong_cbct.pdf,206,true,metadata_file_path,from_metadata
129,C:\Users\hoang\Downloads\project\uit_firecrawl_new\firecrawl\data\daa\quydinh_huongdan\qui-che-qui-dinh-qui-trinh\18-quy-trinh-phan-cong-can-bo-coi-thi-cho-cac-dot-thi-tap-trung-he-dai-hoc-chinh-quy\672-qd-dhcntt_15-10-2020_quy_trinh_phan_cong_cbct.pdf,daa/quydinh_huongdan/qui-che-qui-dinh-qui-trinh/18-quy-trinh-phan-cong-can-bo-coi-thi-cho-cac-dot-thi-tap-trung-he-dai-hoc-chinh-quy/672-qd-dhcntt_15-10-2020_quy_trinh_phan_cong_cbct.pdf,672-qd-dhcntt_15-10-2020_quy_trinh_phan_cong_cbct.pdf,2020-10-15,2020-10-15,2020-10-15,,18\. Quy trình phân công cán bộ coi thi cho các đợt thi tập trung hệ đại học chính quy,,2025-11-09T16:53:12.482326,title,high,document_date,2020-10-15,high,,,derived,,base_or_unknown,https://daa.uit.edu.vn/sites/daa/files/202309/672-qd-dhcntt_15-10-2020_quy_trinh_phan_cong_cbct.pdf,206,true,cached_exact_name,discovered_from_filesystem
130,C:\Users\hoang\Downloads\project\uit_firecrawl_new\firecrawl\data\daa\quydinh_huongdan\quyche-dhqg-hcm\pdf\1658-qd-dhqg_24-12-2020_phe_duyet_thi_diem_bo_pcnl_svtn_dhqghcm-485028d6.pdf,daa/quydinh_huongdan/quyche-dhqg-hcm/pdf/1658-qd-dhqg_24-12-2020_phe_duyet_thi_diem_bo_pcnl_svtn_dhqghcm-485028d6.pdf,1658-qd-dhqg_24-12-2020_phe_duyet_thi_diem_bo_pcnl_svtn_dhqghcm-485028d6.pdf,2020-12-24,2020-12-24,2020-12-24,,"Quy chế, Quy định đào tạo đại học của ĐHQG-HCM",2026-04-16,2026-04-16T18:30:44.787274,title,high,document_date,2020-12-24,high,,,derived,,base_or_unknown,https://daa.uit.edu.vn/sites/daa/files/202310/1658-qd-dhqg_24-12-2020_phe_duyet_thi_diem_bo_pcnl_svtn_dhqghcm.pdf,206,true,metadata_file_path,from_metadata
131,C:\Users\hoang\Downloads\project\uit_firecrawl_new\firecrawl\data\daa\quydinh_huongdan\quyche-dhqg-hcm\pdf\1658-qd-dhqg_24-12-2020_phe_duyet_thi_diem_bo_pcnl_svtn_dhqghcm.pdf,daa/quydinh_huongdan/quyche-dhqg-hcm/pdf/1658-qd-dhqg_24-12-2020_phe_duyet_thi_diem_bo_pcnl_svtn_dhqghcm.pdf,1658-qd-dhqg_24-12-2020_phe_duyet_thi_diem_bo_pcnl_svtn_dhqghcm.pdf,2020-12-24,2020-12-24,2020-12-24,,"Quy chế, Quy định đào tạo đại học của ĐHQG-HCM",,2025-11-09T17:09:23.743012,title,high,document_date,2020-12-24,high,,,derived,,base_or_unknown,https://daa.uit.edu.vn/sites/daa/files/202310/1658-qd-dhqg_24-12-2020_phe_duyet_thi_diem_bo_pcnl_svtn_dhqghcm.pdf,206,true,cached_exact_name,discovered_from_filesystem
132,C:\Users\hoang\Downloads\project\uit_firecrawl_new\firecrawl\data\daa\quydinh_huongdan\quyche-bogddt\pdf\08_2021_tt-bdgdt_18-03-2021_quy_che_dao_tao_trinh_do_dai_hoc-8315c725.pdf,daa/quydinh_huongdan/quyche-bogddt/pdf/08_2021_tt-bdgdt_18-03-2021_quy_che_dao_tao_trinh_do_dai_hoc-8315c725.pdf,08_2021_tt-bdgdt_18-03-2021_quy_che_dao_tao_trinh_do_dai_hoc-8315c725.pdf,2021-03-18,2021-03-18,2021-03-18,,"Quy chế, Quy định đào tạo đại học của Bộ GDĐT",,2026-04-16T18:13:02.043494,title,high,document_date,2021-03-18,high,,,derived,,base_or_unknown,https://daa.uit.edu.vn/sites/daa/files/202410/08_2021_tt-bdgdt_18-03-2021_quy_che_dao_tao_trinh_do_dai_hoc.pdf,206,true,cached_normalized_name,discovered_from_filesystem
133,C:\Users\hoang\Downloads\project\uit_firecrawl_new\firecrawl\data\daa\quydinh_huongdan\quyche-bogddt\pdf\08_2021_tt-bdgdt_18-03-2021_quy_che_dao_tao_trinh_do_dai_hoc.pdf,daa/quydinh_huongdan/quyche-bogddt/pdf/08_2021_tt-bdgdt_18-03-2021_quy_che_dao_tao_trinh_do_dai_hoc.pdf,08_2021_tt-bdgdt_18-03-2021_quy_che_dao_tao_trinh_do_dai_hoc.pdf,2021-03-18,2021-03-18,2021-03-18,,"Quy chế, Quy định đào tạo đại học của Bộ GDĐT",,2025-11-09T17:10:23.461192,title,high,document_date,2021-03-18,high,,,derived,,base_or_unknown,https://daa.uit.edu.vn/sites/daa/files/202410/08_2021_tt-bdgdt_18-03-2021_quy_che_dao_tao_trinh_do_dai_hoc.pdf,206,true,cached_exact_name,discovered_from_filesystem
134,C:\Users\hoang\Downloads\project\uit_firecrawl_new\firecrawl\data\daa\quydinh_huongdan\quyche-bogddt\pdf\28_2023_tt_bgddt-_quy_che_dttx_nam_2023-ebf9f27a.pdf,daa/quydinh_huongdan/quyche-bogddt/pdf/28_2023_tt_bgddt-_quy_che_dttx_nam_2023-ebf9f27a.pdf,28_2023_tt_bgddt-_quy_che_dttx_nam_2023-ebf9f27a.pdf,,,2021-03-18,,"Quy chế, Quy định đào tạo đại học của Bộ GDĐT",,2026-04-16T18:13:08.076134,missing,low,source_page_date,2021-03-18,medium,,,derived,,base_or_unknown,https://daa.uit.edu.vn/sites/daa/files/202411/28_2023_tt_bgddt._quy_che_dttx_nam_2023.pdf,206,true,cached_compact_name,discovered_from_filesystem
135,C:\Users\hoang\Downloads\project\uit_firecrawl_new\firecrawl\data\daa\quydinh_huongdan\quyche-bogddt\pdf\28_2023_tt_bgddt._quy_che_dttx_nam_2023.pdf,daa/quydinh_huongdan/quyche-bogddt/pdf/28_2023_tt_bgddt._quy_che_dttx_nam_2023.pdf,28_2023_tt_bgddt._quy_che_dttx_nam_2023.pdf,,,2021-03-18,,"Quy chế, Quy định đào tạo đại học của Bộ GDĐT",,2025-11-09T17:10:25.673521,missing,low,source_page_date,2021-03-18,medium,,,derived,,base_or_unknown,https://daa.uit.edu.vn/sites/daa/files/202411/28_2023_tt_bgddt._quy_che_dttx_nam_2023.pdf,206,true,cached_exact_name,discovered_from_filesystem
136,C:\Users\hoang\Downloads\project\uit_firecrawl_new\firecrawl\data\daa\quydinh_huongdan\quyche-bogddt\pdf\khung_nang_luc_ngoai_ngu_viet_nam_6_bac-29fcdcc4.pdf,daa/quydinh_huongdan/quyche-bogddt/pdf/khung_nang_luc_ngoai_ngu_viet_nam_6_bac-29fcdcc4.pdf,khung_nang_luc_ngoai_ngu_viet_nam_6_bac-29fcdcc4.pdf,,,2021-03-18,,"Quy chế, Quy định đào tạo đại học của Bộ GDĐT",,2026-04-16T18:13:02.308612,missing,low,source_page_date,2021-03-18,medium,,,derived,,base_or_unknown,https://daa.uit.edu.vn/sites/daa/files/202411/khung_nang_luc_ngoai_ngu_viet_nam_6_bac.pdf,206,true,cached_normalized_name,discovered_from_filesystem
137,C:\Users\hoang\Downloads\project\uit_firecrawl_new\firecrawl\data\daa\quydinh_huongdan\quyche-bogddt\pdf\khung_nang_luc_ngoai_ngu_viet_nam_6_bac.pdf,daa/quydinh_huongdan/quyche-bogddt/pdf/khung_nang_luc_ngoai_ngu_viet_nam_6_bac.pdf,khung_nang_luc_ngoai_ngu_viet_nam_6_bac.pdf,,,2021-03-18,,"Quy chế, Quy định đào tạo đại học của Bộ GDĐT",,2025-11-09T17:10:23.531334,missing,low,source_page_date,2021-03-18,medium,,,derived,,base_or_unknown,https://daa.uit.edu.vn/sites/daa/files/202411/khung_nang_luc_ngoai_ngu_viet_nam_6_bac.pdf,206,true,cached_exact_name,discovered_from_filesystem
138,C:\Users\hoang\Downloads\project\uit_firecrawl_new\firecrawl\data\daa\quydinh_huongdan\quyche-bogddt\pdf\thong-tu-01-2024-tt-bgddt-ban-hanh-chuan-co-so-giao-duc-dai-hoc-2ebb71c3.pdf,daa/quydinh_huongdan/quyche-bogddt/pdf/thong-tu-01-2024-tt-bgddt-ban-hanh-chuan-co-so-giao-duc-dai-hoc-2ebb71c3.pdf,thong-tu-01-2024-tt-bgddt-ban-hanh-chuan-co-so-giao-duc-dai-hoc-2ebb71c3.pdf,,,2021-03-18,,"Quy chế, Quy định đào tạo đại học của Bộ GDĐT",,2026-04-16T18:13:05.751712,missing,low,source_page_date,2021-03-18,medium,,,derived,,base_or_unknown,https://daa.uit.edu.vn/sites/daa/files/202411/thong-tu-01-2024-tt-bgddt-ban-hanh-chuan-co-so-giao-duc-dai-hoc.pdf,206,true,cached_normalized_name,discovered_from_filesystem
139,C:\Users\hoang\Downloads\project\uit_firecrawl_new\firecrawl\data\daa\quydinh_huongdan\quyche-bogddt\pdf\thong-tu-01-2024-tt-bgddt-ban-hanh-chuan-co-so-giao-duc-dai-hoc.pdf,daa/quydinh_huongdan/quyche-bogddt/pdf/thong-tu-01-2024-tt-bgddt-ban-hanh-chuan-co-so-giao-duc-dai-hoc.pdf,thong-tu-01-2024-tt-bgddt-ban-hanh-chuan-co-so-giao-duc-dai-hoc.pdf,,,2021-03-18,,"Quy chế, Quy định đào tạo đại học của Bộ GDĐT",,2025-11-09T17:10:24.734887,missing,low,source_page_date,2021-03-18,medium,,,derived,,base_or_unknown,https://daa.uit.edu.vn/sites/daa/files/202411/thong-tu-01-2024-tt-bgddt-ban-hanh-chuan-co-so-giao-duc-dai-hoc.pdf,206,true,cached_exact_name,discovered_from_filesystem
140,C:\Users\hoang\Downloads\project\uit_firecrawl_new\firecrawl\data\daa\quydinh_huongdan\quyche-bogddt\pdf\tt10-quy_che_dttx_nam_2017-7d59185e.pdf,daa/quydinh_huongdan/quyche-bogddt/pdf/tt10-quy_che_dttx_nam_2017-7d59185e.pdf,tt10-quy_che_dttx_nam_2017-7d59185e.pdf,,,2021-03-18,,"Quy chế, Quy định đào tạo đại học của Bộ GDĐT",,2026-04-16T18:13:06.100633,missing,low,source_page_date,2021-03-18,medium,,,derived,,base_or_unknown,https://daa.uit.edu.vn/sites/daa/files/202411/tt10-quy_che_dttx_nam_2017.pdf,206,true,cached_normalized_name,discovered_from_filesystem
141,C:\Users\hoang\Downloads\project\uit_firecrawl_new\firecrawl\data\daa\quydinh_huongdan\quyche-bogddt\pdf\tt10-quy_che_dttx_nam_2017.pdf,daa/quydinh_huongdan/quyche-bogddt/pdf/tt10-quy_che_dttx_nam_2017.pdf,tt10-quy_che_dttx_nam_2017.pdf,,,2021-03-18,,"Quy chế, Quy định đào tạo đại học của Bộ GDĐT",,2025-11-09T17:10:24.830683,missing,low,source_page_date,2021-03-18,medium,,,derived,,base_or_unknown,https://daa.uit.edu.vn/sites/daa/files/202411/tt10-quy_che_dttx_nam_2017.pdf,206,true,cached_exact_name,discovered_from_filesystem
142,C:\Users\hoang\Downloads\project\uit_firecrawl_new\firecrawl\data\daa\quydinh_huongdan\quyche-bogddt\pdf\17-2021-tt-bgddt_ngay_22-6-2021_chuan_ctdt-e0f5cb7a.pdf,daa/quydinh_huongdan/quyche-bogddt/pdf/17-2021-tt-bgddt_ngay_22-6-2021_chuan_ctdt-e0f5cb7a.pdf,17-2021-tt-bgddt_ngay_22-6-2021_chuan_ctdt-e0f5cb7a.pdf,2021-06-22,2021-06-22,2021-06-22,,"Quy chế, Quy định đào tạo đại học của Bộ GDĐT",,2026-04-16T18:12:50.679635,title,high,document_date,2021-06-22,high,,,derived,,base_or_unknown,https://daa.uit.edu.vn/sites/daa/files/202310/17-2021-tt-bgddt_ngay_22-6-2021_chuan_ctdt.pdf,206,true,cached_normalized_name,discovered_from_filesystem
143,C:\Users\hoang\Downloads\project\uit_firecrawl_new\firecrawl\data\daa\quydinh_huongdan\quyche-bogddt\pdf\17-2021-tt-bgddt_ngay_22-6-2021_chuan_ctdt.pdf,daa/quydinh_huongdan/quyche-bogddt/pdf/17-2021-tt-bgddt_ngay_22-6-2021_chuan_ctdt.pdf,17-2021-tt-bgddt_ngay_22-6-2021_chuan_ctdt.pdf,2021-06-22,2021-06-22,2021-06-22,,"Quy chế, Quy định đào tạo đại học của Bộ GDĐT",,2025-11-09T17:10:18.871110,title,high,document_date,2021-06-22,high,,,derived,,base_or_unknown,https://daa.uit.edu.vn/sites/daa/files/202310/17-2021-tt-bgddt_ngay_22-6-2021_chuan_ctdt.pdf,206,true,cached_exact_name,discovered_from_filesystem
144,C:\Users\hoang\Downloads\project\uit_firecrawl_new\firecrawl\data\daa\quydinh_huongdan\qui-che-qui-dinh-qui-trinh\12-quyet-dinh-ve-viec-ban-hanh-quy-dinh-ve-dao-tao-chuong-trinh-chat-luong-cao\435-qd-dhcntt_07-07-2021_quy_dinh_dao_tao_chuong_trinh_chat_luong_cao.pdf,daa/quydinh_huongdan/qui-che-qui-dinh-qui-trinh/12-quyet-dinh-ve-viec-ban-hanh-quy-dinh-ve-dao-tao-chuong-trinh-chat-luong-cao/435-qd-dhcntt_07-07-2021_quy_dinh_dao_tao_chuong_trinh_chat_luong_cao.pdf,435-qd-dhcntt_07-07-2021_quy_dinh_dao_tao_chuong_trinh_chat_luong_cao.pdf,2021-07-07,2021-07-07,2021-07-07,,12\. Quyết định về việc ban hành Quy định về đào tạo chương trình Chất lượng cao,,2025-11-09T16:49:28.054091,title,high,document_date,2021-07-07,high,,,derived,,base_or_unknown,https://daa.uit.edu.vn/sites/daa/files/202309/435-qd-dhcntt_07-07-2021_quy_dinh_dao_tao_chuong_trinh_chat_luong_cao.pdf,206,true,local_sidecar_page,discovered_from_filesystem
145,C:\Users\hoang\Downloads\project\uit_firecrawl_new\firecrawl\data\daa\quydinh_huongdan\qui-che-qui-dinh-qui-trinh\20-quy-dinh-chuong-trinh-tien-tien\434-qd-dhcntt07-07-2021_quy_dinh_dao_tao_chuong_trinh_tien_tien-68421fb1.pdf,daa/quydinh_huongdan/qui-che-qui-dinh-qui-trinh/20-quy-dinh-chuong-trinh-tien-tien/434-qd-dhcntt07-07-2021_quy_dinh_dao_tao_chuong_trinh_tien_tien-68421fb1.pdf,434-qd-dhcntt07-07-2021_quy_dinh_dao_tao_chuong_trinh_tien_tien-68421fb1.pdf,2021-07-07,2021-07-07,2021-07-07,,20\. Quy định chương trình tiên tiến,,2026-04-16T18:12:38.896649,title,high,document_date,2021-07-07,high,,,derived,,base_or_unknown,https://daa.uit.edu.vn/sites/daa/files/202512/434-qd-dhcntt07-07-2021_quy_dinh_dao_tao_chuong_trinh_tien_tien.pdf,206,true,cached_normalized_name,discovered_from_filesystem
146,C:\Users\hoang\Downloads\project\uit_firecrawl_new\firecrawl\data\daa\quydinh_huongdan\qui-che-qui-dinh-qui-trinh\20-quy-dinh-chuong-trinh-tien-tien\434-qd-dhcntt_07-07-2021_quy_dinh_dao_tao_chuong_trinh_tien_tien.pdf,daa/quydinh_huongdan/qui-che-qui-dinh-qui-trinh/20-quy-dinh-chuong-trinh-tien-tien/434-qd-dhcntt_07-07-2021_quy_dinh_dao_tao_chuong_trinh_tien_tien.pdf,434-qd-dhcntt_07-07-2021_quy_dinh_dao_tao_chuong_trinh_tien_tien.pdf,2021-07-07,2021-07-07,2021-07-07,,20\. Quy định chương trình tiên tiến,,2025-11-09T16:54:43.601606,title,high,document_date,2021-07-07,high,,,derived,,base_or_unknown,https://daa.uit.edu.vn/sites/daa/files/202512/434-qd-dhcntt07-07-2021_quy_dinh_dao_tao_chuong_trinh_tien_tien.pdf,206,true,cached_compact_name,discovered_from_filesystem
147,C:\Users\hoang\Downloads\project\uit_firecrawl_new\firecrawl\data\daa\quydinh_huongdan\quyche-dhqg-hcm\pdf\836_qd_dhqg_19_7_2021_quy_che_tuyen_sinh_trinh_do_dai_hoc_dhqghcm-762ec3df.pdf,daa/quydinh_huongdan/quyche-dhqg-hcm/pdf/836_qd_dhqg_19_7_2021_quy_che_tuyen_sinh_trinh_do_dai_hoc_dhqghcm-762ec3df.pdf,836_qd_dhqg_19_7_2021_quy_che_tuyen_sinh_trinh_do_dai_hoc_dhqghcm-762ec3df.pdf,2021-07-19,2021-07-19,2022-06-23,,"Quy chế, Quy định đào tạo đại học của ĐHQG-HCM",2026-04-16,2026-04-16T18:30:43.712332,title,high,document_date,2021-07-19,high,,,derived,,base_or_unknown,https://daa.uit.edu.vn/sites/daa/files/202310/836_qd_dhqg_19_7_2021_quy_che_tuyen_sinh_trinh_do_dai_hoc_dhqghcm.pdf,206,true,metadata_file_path,from_metadata
148,C:\Users\hoang\Downloads\project\uit_firecrawl_new\firecrawl\data\daa\quydinh_huongdan\quyche-dhqg-hcm\pdf\836_qd_dhqg_19_7_2021_quy_che_tuyen_sinh_trinh_do_dai_hoc_dhqghcm.pdf,daa/quydinh_huongdan/quyche-dhqg-hcm/pdf/836_qd_dhqg_19_7_2021_quy_che_tuyen_sinh_trinh_do_dai_hoc_dhqghcm.pdf,836_qd_dhqg_19_7_2021_quy_che_tuyen_sinh_trinh_do_dai_hoc_dhqghcm.pdf,2021-07-19,2021-07-19,2022-06-23,,"Quy chế, Quy định đào tạo đại học của ĐHQG-HCM",,2025-11-09T17:09:23.118621,title,high,document_date,2021-07-19,high,,,derived,,base_or_unknown,https://daa.uit.edu.vn/sites/daa/files/202310/836_qd_dhqg_19_7_2021_quy_che_tuyen_sinh_trinh_do_dai_hoc_dhqghcm.pdf,206,true,cached_exact_name,discovered_from_filesystem
149,C:\Users\hoang\Downloads\project\uit_firecrawl_new\firecrawl\data\daa\quydinh_huongdan\qui-che-qui-dinh-qui-trinh\05-quy-dinh-dao-tao-ngoai-ngu-doi-voi-he-d-7673d143\101-tb-dhcntt_29-12-2021_thong_bao_su_dung_ket_qua_thi_vpet_0_0-a7512ea7.pdf,daa/quydinh_huongdan/qui-che-qui-dinh-qui-trinh/05-quy-dinh-dao-tao-ngoai-ngu-doi-voi-he-d-7673d143/101-tb-dhcntt_29-12-2021_thong_bao_su_dung_ket_qua_thi_vpet_0_0-a7512ea7.pdf,101-tb-dhcntt_29-12-2021_thong_bao_su_dung_ket_qua_thi_vpet_0_0-a7512ea7.pdf,2021-12-29,2021-12-29,2019-08-30,,"<!DOCTYPE html><html lang=""vi"" dir=""ltr""><!-- <![endif]-->",2026-04-16,2026-04-16T18:30:33.190451,title,high,document_date,2021-12-29,high,,,derived,,base_or_unknown,https://daa.uit.edu.vn/sites/daa/files/202310/101-tb-dhcntt_29-12-2021_thong_bao_su_dung_ket_qua_thi_vpet_0_0.pdf,206,true,metadata_file_path,from_metadata
150,C:\Users\hoang\Downloads\project\uit_firecrawl_new\firecrawl\data\daa\quydinh_huongdan\qui-che-qui-dinh-qui-trinh\05-quy-dinh-dao-tao-ngoai-ngu-doi-voi-he-dai-hoc-chinh-quy-cua-truong-dhcntt\101-tb-dhcntt_29-12-2021_thong_bao_su_dung_ket_qua_thi_vpet_0_0.pdf,daa/quydinh_huongdan/qui-che-qui-dinh-qui-trinh/05-quy-dinh-dao-tao-ngoai-ngu-doi-voi-he-dai-hoc-chinh-quy-cua-truong-dhcntt/101-tb-dhcntt_29-12-2021_thong_bao_su_dung_ket_qua_thi_vpet_0_0.pdf,101-tb-dhcntt_29-12-2021_thong_bao_su_dung_ket_qua_thi_vpet_0_0.pdf,2021-12-29,2021-12-29,2019-08-30,,"<!DOCTYPE html><html lang=""vi"" dir=""ltr""><!-- <![endif]-->",,2025-11-09T16:44:15.662824,title,high,document_date,2021-12-29,high,,,derived,,base_or_unknown,https://daa.uit.edu.vn/sites/daa/files/202310/101-tb-dhcntt_29-12-2021_thong_bao_su_dung_ket_qua_thi_vpet_0_0.pdf,206,true,cached_exact_name,discovered_from_filesystem
151,C:\Users\hoang\Downloads\project\uit_firecrawl_new\firecrawl\data\daa\quydinh_huongdan\quyche-bogddt\pdf\02_2022-tt-bgddt_18-1-2022_quy_dinh_mo_nganh-68449a15.pdf,daa/quydinh_huongdan/quyche-bogddt/pdf/02_2022-tt-bgddt_18-1-2022_quy_dinh_mo_nganh-68449a15.pdf,02_2022-tt-bgddt_18-1-2022_quy_dinh_mo_nganh-68449a15.pdf,2022-01-18,2022-01-18,2021-06-22,,"<!DOCTYPE html><html lang=""vi"" dir=""ltr"" class=""js""><!-- <![endif]-->",,2026-04-16T18:12:51.170081,title,high,document_date,2022-01-18,high,,,derived,,base_or_unknown,https://daa.uit.edu.vn/sites/daa/files/202310/02_2022-tt-bgddt_18-1-2022_quy_dinh_mo_nganh.pdf,206,true,cached_normalized_name,discovered_from_filesystem
152,C:\Users\hoang\Downloads\project\uit_firecrawl_new\firecrawl\data\daa\quydinh_huongdan\quyche-bogddt\pdf\02_2022-tt-bgddt_18-1-2022_quy_dinh_mo_nganh.pdf,daa/quydinh_huongdan/quyche-bogddt/pdf/02_2022-tt-bgddt_18-1-2022_quy_dinh_mo_nganh.pdf,02_2022-tt-bgddt_18-1-2022_quy_dinh_mo_nganh.pdf,2022-01-18,2022-01-18,2021-06-22,,"<!DOCTYPE html><html lang=""vi"" dir=""ltr"" class=""js""><!-- <![endif]-->",,2025-11-09T17:10:19.077232,title,high,document_date,2022-01-18,high,,,derived,,base_or_unknown,https://daa.uit.edu.vn/sites/daa/files/202310/02_2022-tt-bgddt_18-1-2022_quy_dinh_mo_nganh.pdf,206,true,cached_exact_name,discovered_from_filesystem
153,C:\Users\hoang\Downloads\project\uit_firecrawl_new\firecrawl\data\daa\quydinh_huongdan\quyche-bogddt\pdf\kh1576_bo_gddt_xd_httt_quan_ly_vb-d01b5100.pdf,daa/quydinh_huongdan/quyche-bogddt/pdf/kh1576_bo_gddt_xd_httt_quan_ly_vb-d01b5100.pdf,kh1576_bo_gddt_xd_httt_quan_ly_vb-d01b5100.pdf,2022-01-25,2022-01-25,2021-03-18,,"Quy chế, Quy định đào tạo đại học của Bộ GDĐT",,2026-04-16T18:13:08.651511,pdf_text,medium,document_date,2022-01-25,high,,,derived,,base_or_unknown,https://daa.uit.edu.vn/sites/daa/files/202411/kh1576_bo_gddt_xd_httt_quan_ly_vb.pdf,206,true,cached_normalized_name,discovered_from_filesystem
154,C:\Users\hoang\Downloads\project\uit_firecrawl_new\firecrawl\data\daa\quydinh_huongdan\quyche-bogddt\pdf\kh1576_bo_gddt_xd_httt_quan_ly_vb.pdf,daa/quydinh_huongdan/quyche-bogddt/pdf/kh1576_bo_gddt_xd_httt_quan_ly_vb.pdf,kh1576_bo_gddt_xd_httt_quan_ly_vb.pdf,2022-01-25,2022-01-25,2021-03-18,,"Quy chế, Quy định đào tạo đại học của Bộ GDĐT",,2025-11-09T17:10:25.810817,pdf_text,medium,document_date,2022-01-25,high,,,derived,,base_or_unknown,https://daa.uit.edu.vn/sites/daa/files/202411/kh1576_bo_gddt_xd_httt_quan_ly_vb.pdf,206,true,cached_exact_name,discovered_from_filesystem
155,C:\Users\hoang\Downloads\project\uit_firecrawl_new\firecrawl\data\daa\quydinh_huongdan\qui-che-qui-dinh-qui-trinh\21-huong-dan-thang-phan-loai-nhan-thuc-ky-92719b6d\123-qd-dhcntt_ban_hanh_huong_dan_thang_phan_loai_nhan_thuc_ky_nang_thai_do-5d02f863.pdf,daa/quydinh_huongdan/qui-che-qui-dinh-qui-trinh/21-huong-dan-thang-phan-loai-nhan-thuc-ky-92719b6d/123-qd-dhcntt_ban_hanh_huong_dan_thang_phan_loai_nhan_thuc_ky_nang_thai_do-5d02f863.pdf,123-qd-dhcntt_ban_hanh_huong_dan_thang_phan_loai_nhan_thuc_ky_nang_thai_do-5d02f863.pdf,2022-03-01,2022-03-01,2026-02-10,https://daa.uit.edu.vn/thongbao/21-huong-dan-thang-phan-loai-nhan-thuc-ky-nang-thai-do-su-dung-tai-truong-dai-hoc-cong-nghe,"21. Hướng dẫn Thang phân loại nhận thức, kỹ năng, thái độ sử dụng tại Trường Đại học Công nghệ Thông tin | Cổng thông tin đào tạo",2026-04-16,2026-04-16T18:30:34.803299,pdf_text,medium,document_date,2022-03-01,high,,,derived,,base_or_unknown,https://daa.uit.edu.vn/sites/daa/files/202309/123-qd-dhcntt_ban_hanh_huong_dan_thang_phan_loai_nhan_thuc_ky_nang_thai_do.pdf,206,true,metadata_file_path,from_metadata
156,C:\Users\hoang\Downloads\project\uit_firecrawl_new\firecrawl\data\daa\quydinh_huongdan\qui-che-qui-dinh-qui-trinh\04-quyet-dinh-ve-viec-ban-hanh-quy-dinh-ve-1d49b9ab\131_qd-dhcntt_08-03-2022_quy_dinh_dao_tao_chuong_trinh_tai_nang-74a87596.pdf,daa/quydinh_huongdan/qui-che-qui-dinh-qui-trinh/04-quyet-dinh-ve-viec-ban-hanh-quy-dinh-ve-1d49b9ab/131_qd-dhcntt_08-03-2022_quy_dinh_dao_tao_chuong_trinh_tai_nang-74a87596.pdf,131_qd-dhcntt_08-03-2022_quy_dinh_dao_tao_chuong_trinh_tai_nang-74a87596.pdf,2022-03-08,2022-03-08,2022-03-08,,04\. Quyết định về việc ban hành Quy định về hệ tài năng,2026-04-16,2026-04-16T18:30:38.035578,title,high,document_date,2022-03-08,high,,,derived,,base_or_unknown,https://daa.uit.edu.vn/sites/daa/files/202512/131_qd-dhcntt_08-03-2022_quy_dinh_dao_tao_chuong_trinh_tai_nang.pdf,206,true,metadata_file_path,from_metadata
157,C:\Users\hoang\Downloads\project\uit_firecrawl_new\firecrawl\data\daa\quydinh_huongdan\qui-che-qui-dinh-qui-trinh\04-quyet-dinh-ve-viec-ban-hanh-quy-dinh-ve-he-tai-nang\131-qd-dhcntt_08-03-2022_quy_dinh_dao_tao_chuong_trinh_tai_nang.pdf,daa/quydinh_huongdan/qui-che-qui-dinh-qui-trinh/04-quyet-dinh-ve-viec-ban-hanh-quy-dinh-ve-he-tai-nang/131-qd-dhcntt_08-03-2022_quy_dinh_dao_tao_chuong_trinh_tai_nang.pdf,131-qd-dhcntt_08-03-2022_quy_dinh_dao_tao_chuong_trinh_tai_nang.pdf,2022-03-08,2022-03-08,2022-03-08,,04\. Quyết định về việc ban hành Quy định về hệ tài năng,,2025-11-09T16:43:27.913697,title,high,document_date,2022-03-08,high,,,derived,,base_or_unknown,https://daa.uit.edu.vn/sites/daa/files/202512/131_qd-dhcntt_08-03-2022_quy_dinh_dao_tao_chuong_trinh_tai_nang.pdf,206,true,cached_compact_name,discovered_from_filesystem
158,C:\Users\hoang\Downloads\project\uit_firecrawl_new\firecrawl\data\daa\quydinh_huongdan\quyche-dhqg-hcm\pdf\cv671-dhqg_18-4-2022_su_dung_chung_chi_vnu-ept-c29119fa.pdf,daa/quydinh_huongdan/quyche-dhqg-hcm/pdf/cv671-dhqg_18-4-2022_su_dung_chung_chi_vnu-ept-c29119fa.pdf,cv671-dhqg_18-4-2022_su_dung_chung_chi_vnu-ept-c29119fa.pdf,2022-04-18,2022-04-18,2022-04-18,,"Quy chế, Quy định đào tạo đại học của ĐHQG-HCM",2026-04-16,2026-04-16T18:30:49.675833,title,high,document_date,2022-04-18,high,,,derived,,base_or_unknown,https://daa.uit.edu.vn/sites/daa/files/202310/cv671-dhqg_18-4-2022_su_dung_chung_chi_vnu-ept.pdf,206,true,metadata_file_path,from_metadata
159,C:\Users\hoang\Downloads\project\uit_firecrawl_new\firecrawl\data\daa\quydinh_huongdan\quyche-dhqg-hcm\pdf\cv671-dhqg_18-4-2022_su_dung_chung_chi_vnu-ept.pdf,daa/quydinh_huongdan/quyche-dhqg-hcm/pdf/cv671-dhqg_18-4-2022_su_dung_chung_chi_vnu-ept.pdf,cv671-dhqg_18-4-2022_su_dung_chung_chi_vnu-ept.pdf,2022-04-18,2022-04-18,2022-04-18,,"Quy chế, Quy định đào tạo đại học của ĐHQG-HCM",,2025-11-09T17:09:26.763138,title,high,document_date,2022-04-18,high,,,derived,,base_or_unknown,https://daa.uit.edu.vn/sites/daa/files/202310/cv671-dhqg_18-4-2022_su_dung_chung_chi_vnu-ept.pdf,206,true,cached_exact_name,discovered_from_filesystem
160,C:\Users\hoang\Downloads\project\uit_firecrawl_new\firecrawl\data\daa\quydinh_huongdan\qui-che-qui-dinh-qui-trinh\22-quy-dinh-ve-viec-to-chuc-day-hoc-ngoai-gio-hanh-chinh-doi-voi-cac-hoc-phan-trong-chuong-trinh-dao-tao-dai-hoc-chinh-quy\333-qd-dhcntt_18-5-2022_quy_dinh_ve_viec_to_chuc_day-hoc_ngoai_gio_hanh_chinh_doi_voi_cac_hoc_phan_trong_ctdt_cq.pdf,daa/quydinh_huongdan/qui-che-qui-dinh-qui-trinh/22-quy-dinh-ve-viec-to-chuc-day-hoc-ngoai-gio-hanh-chinh-doi-voi-cac-hoc-phan-trong-chuong-trinh-dao-tao-dai-hoc-chinh-quy/333-qd-dhcntt_18-5-2022_quy_dinh_ve_viec_to_chuc_day-hoc_ngoai_gio_hanh_chinh_doi_voi_cac_hoc_phan_trong_ctdt_cq.pdf,333-qd-dhcntt_18-5-2022_quy_dinh_ve_viec_to_chuc_day-hoc_ngoai_gio_hanh_chinh_doi_voi_cac_hoc_phan_trong_ctdt_cq.pdf,2022-05-18,2022-05-18,2022-05-18,,22\. Quy định về việc tổ chức dạy – học ngoài giờ hành chính đối với các học phần trong chương trình đào tạo đại học chính quy,,2025-11-09T16:56:13.400320,title,high,document_date,2022-05-18,high,,,derived,,base_or_unknown,https://daa.uit.edu.vn/sites/daa/files/202309/333-qd-dhcntt_18-5-2022_quy_dinh_ve_viec_to_chuc_day-hoc_ngoai_gio_hanh_chinh_doi_voi_cac_hoc_phan_trong_ctdt_cq.pdf,206,true,local_sidecar_page,discovered_from_filesystem
161,C:\Users\hoang\Downloads\project\uit_firecrawl_new\firecrawl\data\daa\quydinh_huongdan\qui-che-qui-dinh-qui-trinh\23-quy-dinh-tam-thoi-ve-dao-tao-lien-thong-tu-trinh-do-dai-hoc-len-trinh-do-thac-si-he-chinh-quy\335-qd-dhcntt_19-5-2022_quy_dinh_tam_thoi_ve_dao_tao_lien_thong_tu_trinh_do_dai_hoc_len_trinh_do_thc_si_he_chinh_quy.pdf,daa/quydinh_huongdan/qui-che-qui-dinh-qui-trinh/23-quy-dinh-tam-thoi-ve-dao-tao-lien-thong-tu-trinh-do-dai-hoc-len-trinh-do-thac-si-he-chinh-quy/335-qd-dhcntt_19-5-2022_quy_dinh_tam_thoi_ve_dao_tao_lien_thong_tu_trinh_do_dai_hoc_len_trinh_do_thc_si_he_chinh_quy.pdf,335-qd-dhcntt_19-5-2022_quy_dinh_tam_thoi_ve_dao_tao_lien_thong_tu_trinh_do_dai_hoc_len_trinh_do_thc_si_he_chinh_quy.pdf,2022-05-19,2022-05-19,2022-05-19,,23\. Quy định tạm thời về đào tạo liên thông từ trình độ đại học lên trình độ thạc sĩ hệ chính quy,,2025-11-09T16:56:58.574740,title,high,document_date,2022-05-19,high,,,derived,,base_or_unknown,https://daa.uit.edu.vn/sites/daa/files/202309/335-qd-dhcntt_19-5-2022_quy_dinh_tam_thoi_ve_dao_tao_lien_thong_tu_trinh_do_dai_hoc_len_trinh_do_thc_si_he_chinh_quy.pdf,206,true,local_sidecar_page,discovered_from_filesystem
162,C:\Users\hoang\Downloads\project\uit_firecrawl_new\firecrawl\data\daa\quydinh_huongdan\quyche-bogddt\pdf\09_2022_tt-bdgdt_6-6-2022_danh_muc_thong_ke_nganh_dao_tao-2babcca6.pdf,daa/quydinh_huongdan/quyche-bogddt/pdf/09_2022_tt-bdgdt_6-6-2022_danh_muc_thong_ke_nganh_dao_tao-2babcca6.pdf,09_2022_tt-bdgdt_6-6-2022_danh_muc_thong_ke_nganh_dao_tao-2babcca6.pdf,2022-06-06,2022-06-06,2022-01-18,,"<!DOCTYPE html><html lang=""vi"" dir=""ltr"" class=""js""><!-- <![endif]-->",,2026-04-16T18:12:56.186187,title,high,document_date,2022-06-06,high,,,derived,,base_or_unknown,https://daa.uit.edu.vn/sites/daa/files/202310/09_2022_tt-bdgdt_6-6-2022_danh_muc_thong_ke_nganh_dao_tao.pdf,206,true,cached_normalized_name,discovered_from_filesystem
163,C:\Users\hoang\Downloads\project\uit_firecrawl_new\firecrawl\data\daa\quydinh_huongdan\quyche-bogddt\pdf\09_2022_tt-bdgdt_6-6-2022_danh_muc_thong_ke_nganh_dao_tao.pdf,daa/quydinh_huongdan/quyche-bogddt/pdf/09_2022_tt-bdgdt_6-6-2022_danh_muc_thong_ke_nganh_dao_tao.pdf,09_2022_tt-bdgdt_6-6-2022_danh_muc_thong_ke_nganh_dao_tao.pdf,2022-06-06,2022-06-06,2022-01-18,,"<!DOCTYPE html><html lang=""vi"" dir=""ltr"" class=""js""><!-- <![endif]-->",,2025-11-09T17:10:21.303663,title,high,document_date,2022-06-06,high,,,derived,,base_or_unknown,https://daa.uit.edu.vn/sites/daa/files/202310/09_2022_tt-bdgdt_6-6-2022_danh_muc_thong_ke_nganh_dao_tao.pdf,206,true,cached_exact_name,discovered_from_filesystem
164,C:\Users\hoang\Downloads\project\uit_firecrawl_new\firecrawl\data\daa\quydinh_huongdan\quyche-bogddt\pdf\01_2017_qd-ttg_ban_hanh_danh_muc_gddt_cua_he_thong_giao_duc_quoc_dan-5993aa28.pdf,daa/quydinh_huongdan/quyche-bogddt/pdf/01_2017_qd-ttg_ban_hanh_danh_muc_gddt_cua_he_thong_giao_duc_quoc_dan-5993aa28.pdf,01_2017_qd-ttg_ban_hanh_danh_muc_gddt_cua_he_thong_giao_duc_quoc_dan-5993aa28.pdf,,,2022-06-06,,"Quy chế, Quy định đào tạo đại học của Bộ GDĐT",,2026-04-16T18:12:56.526520,missing,low,source_page_date,2022-06-06,medium,,,derived,,base_or_unknown,https://daa.uit.edu.vn/sites/daa/files/202311/01_2017_qd-ttg_ban_hanh_danh_muc_gddt_cua_he_thong_giao_duc_quoc_dan.pdf,206,true,cached_normalized_name,discovered_from_filesystem
165,C:\Users\hoang\Downloads\project\uit_firecrawl_new\firecrawl\data\daa\quydinh_huongdan\quyche-bogddt\pdf\01_2017_qd-ttg_ban_hanh_danh_muc_gddt_cua_he_thong_giao_duc_quoc_dan.pdf,daa/quydinh_huongdan/quyche-bogddt/pdf/01_2017_qd-ttg_ban_hanh_danh_muc_gddt_cua_he_thong_giao_duc_quoc_dan.pdf,01_2017_qd-ttg_ban_hanh_danh_muc_gddt_cua_he_thong_giao_duc_quoc_dan.pdf,,,2022-06-06,,"Quy chế, Quy định đào tạo đại học của Bộ GDĐT",,2025-11-09T17:10:21.485941,missing,low,source_page_date,2022-06-06,medium,,,derived,,base_or_unknown,https://daa.uit.edu.vn/sites/daa/files/202311/01_2017_qd-ttg_ban_hanh_danh_muc_gddt_cua_he_thong_giao_duc_quoc_dan.pdf,206,true,cached_exact_name,discovered_from_filesystem
166,C:\Users\hoang\Downloads\project\uit_firecrawl_new\firecrawl\data\daa\quydinh_huongdan\quyche-bogddt\pdf\03_tt_2022_bgddt_quy_dinh_ve_viec_xac_dinh_chi_tieu_tuyen_sinh_dai_hoc-abafad04.pdf,daa/quydinh_huongdan/quyche-bogddt/pdf/03_tt_2022_bgddt_quy_dinh_ve_viec_xac_dinh_chi_tieu_tuyen_sinh_dai_hoc-abafad04.pdf,03_tt_2022_bgddt_quy_dinh_ve_viec_xac_dinh_chi_tieu_tuyen_sinh_dai_hoc-abafad04.pdf,,,2022-06-06,,"Quy chế, Quy định đào tạo đại học của Bộ GDĐT",,2026-04-16T18:12:57.128099,missing,low,source_page_date,2022-06-06,medium,,,derived,,base_or_unknown,https://daa.uit.edu.vn/sites/daa/files/202311/03_tt_2022_bgddt_quy_dinh_ve_viec_xac_dinh_chi_tieu_tuyen_sinh_dai_hoc.pdf,206,true,cached_normalized_name,discovered_from_filesystem
167,C:\Users\hoang\Downloads\project\uit_firecrawl_new\firecrawl\data\daa\quydinh_huongdan\quyche-bogddt\pdf\03_tt_2022_bgddt_quy_dinh_ve_viec_xac_dinh_chi_tieu_tuyen_sinh_dai_hoc.pdf,daa/quydinh_huongdan/quyche-bogddt/pdf/03_tt_2022_bgddt_quy_dinh_ve_viec_xac_dinh_chi_tieu_tuyen_sinh_dai_hoc.pdf,03_tt_2022_bgddt_quy_dinh_ve_viec_xac_dinh_chi_tieu_tuyen_sinh_dai_hoc.pdf,,,2022-06-06,,"Quy chế, Quy định đào tạo đại học của Bộ GDĐT",,2025-11-09T17:10:21.763177,missing,low,source_page_date,2022-06-06,medium,,,derived,,base_or_unknown,https://daa.uit.edu.vn/sites/daa/files/202311/03_tt_2022_bgddt_quy_dinh_ve_viec_xac_dinh_chi_tieu_tuyen_sinh_dai_hoc.pdf,206,true,cached_exact_name,discovered_from_filesystem
168,C:\Users\hoang\Downloads\project\uit_firecrawl_new\firecrawl\data\daa\quydinh_huongdan\quyche-dhqg-hcm\pdf\707_qd_dhqg23_6_2022_quy_che_tuyen_sinh_trinh_do_dh-1e736ecf.pdf,daa/quydinh_huongdan/quyche-dhqg-hcm/pdf/707_qd_dhqg23_6_2022_quy_che_tuyen_sinh_trinh_do_dh-1e736ecf.pdf,707_qd_dhqg23_6_2022_quy_che_tuyen_sinh_trinh_do_dh-1e736ecf.pdf,2022-06-23,2022-06-23,2019-06-03,,"Quy chế, Quy định đào tạo đại học của ĐHQG-HCM",2026-04-16,2026-04-16T18:30:42.802264,title,high,document_date,2022-06-23,high,,,derived,,base_or_unknown,https://daa.uit.edu.vn/sites/daa/files/202310/707_qd_dhqg23_6_2022_quy_che_tuyen_sinh_trinh_do_dh.pdf,206,true,metadata_file_path,from_metadata
169,C:\Users\hoang\Downloads\project\uit_firecrawl_new\firecrawl\data\daa\quydinh_huongdan\quyche-dhqg-hcm\pdf\707_qd_dhqg23_6_2022_quy_che_tuyen_sinh_trinh_do_dh.pdf,daa/quydinh_huongdan/quyche-dhqg-hcm/pdf/707_qd_dhqg23_6_2022_quy_che_tuyen_sinh_trinh_do_dh.pdf,707_qd_dhqg23_6_2022_quy_che_tuyen_sinh_trinh_do_dh.pdf,2022-06-23,2022-06-23,2019-06-03,,"Quy chế, Quy định đào tạo đại học của ĐHQG-HCM",,2025-11-09T17:09:22.615218,title,high,document_date,2022-06-23,high,,,derived,,base_or_unknown,https://daa.uit.edu.vn/sites/daa/files/202310/707_qd_dhqg23_6_2022_quy_che_tuyen_sinh_trinh_do_dh.pdf,206,true,cached_exact_name,discovered_from_filesystem
170,C:\Users\hoang\Downloads\project\uit_firecrawl_new\firecrawl\data\daa\chuongtrinh_daotao\he-chinhquy\dean\10-tri-tue-nhan-tao-cong-thong-tin-ao-tao\pdf\501-qd-dhcntt_7-7-2022_qd_mo_nganh_tri_tue_nhan_tao.pdf,daa/chuongtrinh_daotao/he-chinhquy/dean/10-tri-tue-nhan-tao-cong-thong-tin-ao-tao/pdf/501-qd-dhcntt_7-7-2022_qd_mo_nganh_tri_tue_nhan_tao.pdf,501-qd-dhcntt_7-7-2022_qd_mo_nganh_tri_tue_nhan_tao.pdf,2022-07-07,2022-07-07,2022-07-07,,Đề án mở ngành Trí tuệ nhân tạo,,2025-11-09T20:04:42.613926,title,high,document_date,2022-07-07,high,,,derived,,base_or_unknown,https://daa.uit.edu.vn/sites/daa/files/202412/501-qd-dhcntt_7-7-2022_qd_mo_nganh_tri_tue_nhan_tao.pdf,206,true,local_sidecar_page,discovered_from_filesystem
171,C:\Users\hoang\Downloads\project\uit_firecrawl_new\firecrawl\data\daa\chuongtrinh_daotao\he-chinhquy\dean\10-tri-tue-nhan-tao-cong-thong-tin-ao-tao\pdf\de_an_nganh_mo_nganh_tri_tue_nhan_tao_uit.pdf,daa/chuongtrinh_daotao/he-chinhquy/dean/10-tri-tue-nhan-tao-cong-thong-tin-ao-tao/pdf/de_an_nganh_mo_nganh_tri_tue_nhan_tao_uit.pdf,de_an_nganh_mo_nganh_tri_tue_nhan_tao_uit.pdf,,,2022-07-07,,Đề án mở ngành Trí tuệ nhân tạo,,2025-11-09T20:04:43.374062,missing,low,source_page_date,2022-07-07,medium,,,derived,,base_or_unknown,https://daa.uit.edu.vn/sites/daa/files/202412/de_an_nganh_mo_nganh_tri_tue_nhan_tao_uit.pdf,206,true,cached_exact_name,discovered_from_filesystem
172,C:\Users\hoang\Downloads\project\uit_firecrawl_new\firecrawl\data\daa\quydinh_huongdan\quyche-dhqg-hcm\pdf\bb1528_dhqg_2-8-2022_hop_ve_cong_tac_dao_tao-a29fae44.pdf,daa/quydinh_huongdan/quyche-dhqg-hcm/pdf/bb1528_dhqg_2-8-2022_hop_ve_cong_tac_dao_tao-a29fae44.pdf,bb1528_dhqg_2-8-2022_hop_ve_cong_tac_dao_tao-a29fae44.pdf,2022-08-02,2022-08-02,2022-08-02,,"Quy chế, Quy định đào tạo đại học của ĐHQG-HCM",2026-04-16,2026-04-16T18:30:49.377730,title,high,document_date,2022-08-02,high,,,derived,,base_or_unknown,https://daa.uit.edu.vn/sites/daa/files/202310/bb1528_dhqg_2-8-2022_hop_ve_cong_tac_dao_tao.pdf,206,true,metadata_file_path,from_metadata
173,C:\Users\hoang\Downloads\project\uit_firecrawl_new\firecrawl\data\daa\quydinh_huongdan\quyche-dhqg-hcm\pdf\bb1528_dhqg_2-8-2022_hop_ve_cong_tac_dao_tao.pdf,daa/quydinh_huongdan/quyche-dhqg-hcm/pdf/bb1528_dhqg_2-8-2022_hop_ve_cong_tac_dao_tao.pdf,bb1528_dhqg_2-8-2022_hop_ve_cong_tac_dao_tao.pdf,2022-08-02,2022-08-02,2022-08-02,,"Quy chế, Quy định đào tạo đại học của ĐHQG-HCM",,2025-11-09T17:09:26.648053,title,high,document_date,2022-08-02,high,,,derived,,base_or_unknown,https://daa.uit.edu.vn/sites/daa/files/202310/bb1528_dhqg_2-8-2022_hop_ve_cong_tac_dao_tao.pdf,206,true,cached_exact_name,discovered_from_filesystem
174,C:\Users\hoang\Downloads\project\uit_firecrawl_new\firecrawl\data\daa\quydinh_huongdan\quyche-dhqg-hcm\pdf\2217_dhqg_dt_cong_nhan_mon_hoc_theo_hinh_thuc_mooc-80686bc4.pdf,daa/quydinh_huongdan/quyche-dhqg-hcm/pdf/2217_dhqg_dt_cong_nhan_mon_hoc_theo_hinh_thuc_mooc-80686bc4.pdf,2217_dhqg_dt_cong_nhan_mon_hoc_theo_hinh_thuc_mooc-80686bc4.pdf,2022-08-18,2022-08-18,2023-11-30,,"Quy chế, Quy định đào tạo đại học của ĐHQG-HCM",2026-04-16,2026-04-16T18:30:52.472551,pdf_text,medium,document_date,2022-08-18,high,,,derived,,base_or_unknown,https://daa.uit.edu.vn/sites/daa/files/202412/2217_dhqg_dt_cong_nhan_mon_hoc_theo_hinh_thuc_mooc.pdf,206,true,metadata_file_path,from_metadata
175,C:\Users\hoang\Downloads\project\uit_firecrawl_new\firecrawl\data\daa\quydinh_huongdan\quyche-dhqg-hcm\pdf\2217_dhqg_dt_cong_nhan_mon_hoc_theo_hinh_thuc_mooc.pdf,daa/quydinh_huongdan/quyche-dhqg-hcm/pdf/2217_dhqg_dt_cong_nhan_mon_hoc_theo_hinh_thuc_mooc.pdf,2217_dhqg_dt_cong_nhan_mon_hoc_theo_hinh_thuc_mooc.pdf,2022-08-18,2022-08-18,2023-11-30,,"Quy chế, Quy định đào tạo đại học của ĐHQG-HCM",,2025-11-09T17:09:28.195239,pdf_text,medium,document_date,2022-08-18,high,,,derived,,base_or_unknown,https://daa.uit.edu.vn/sites/daa/files/202412/2217_dhqg_dt_cong_nhan_mon_hoc_theo_hinh_thuc_mooc.pdf,206,true,cached_exact_name,discovered_from_filesystem
176,C:\Users\hoang\Downloads\project\uit_firecrawl_new\firecrawl\data\daa\quydinh_huongdan\quyche-dhqg-hcm\pdf\1224-qd-dhqg_30-8-2022_ban_hanh_mau_chung_chi_ngoai_ngu_theo_khung_nlnn_6_bac-3f4353e6.pdf,daa/quydinh_huongdan/quyche-dhqg-hcm/pdf/1224-qd-dhqg_30-8-2022_ban_hanh_mau_chung_chi_ngoai_ngu_theo_khung_nlnn_6_bac-3f4353e6.pdf,1224-qd-dhqg_30-8-2022_ban_hanh_mau_chung_chi_ngoai_ngu_theo_khung_nlnn_6_bac-3f4353e6.pdf,2022-08-30,2022-08-30,2021-07-19,,"<!DOCTYPE html><html lang=""vi"" dir=""ltr"" class=""js""><!-- <![endif]-->",2026-04-16,2026-04-16T18:30:44.091305,title,high,document_date,2022-08-30,high,,,derived,,base_or_unknown,https://daa.uit.edu.vn/sites/daa/files/202310/1224-qd-dhqg_30-8-2022_ban_hanh_mau_chung_chi_ngoai_ngu_theo_khung_nlnn_6_bac.pdf,206,true,metadata_file_path,from_metadata
177,C:\Users\hoang\Downloads\project\uit_firecrawl_new\firecrawl\data\daa\quydinh_huongdan\quyche-dhqg-hcm\pdf\1224-qd-dhqg_30-8-2022_ban_hanh_mau_chung_chi_ngoai_ngu_theo_khung_nlnn_6_bac.pdf,daa/quydinh_huongdan/quyche-dhqg-hcm/pdf/1224-qd-dhqg_30-8-2022_ban_hanh_mau_chung_chi_ngoai_ngu_theo_khung_nlnn_6_bac.pdf,1224-qd-dhqg_30-8-2022_ban_hanh_mau_chung_chi_ngoai_ngu_theo_khung_nlnn_6_bac.pdf,2022-08-30,2022-08-30,2021-07-19,,"<!DOCTYPE html><html lang=""vi"" dir=""ltr"" class=""js""><!-- <![endif]-->",,2025-11-09T17:09:23.459449,title,high,document_date,2022-08-30,high,,,derived,,base_or_unknown,https://daa.uit.edu.vn/sites/daa/files/202310/1224-qd-dhqg_30-8-2022_ban_hanh_mau_chung_chi_ngoai_ngu_theo_khung_nlnn_6_bac.pdf,206,true,cached_exact_name,discovered_from_filesystem
178,C:\Users\hoang\Downloads\project\uit_firecrawl_new\firecrawl\data\daa\quydinh_huongdan\qui-che-qui-dinh-qui-trinh\05-quy-dinh-dao-tao-ngoai-ngu-doi-voi-he-d-7673d143\119-tb-dhcntt_19-9-2022_thong_bao_ngung_su_dung_chung_chi_vpet_toeic_bach_khoa_va_p-b9f54e3e.pdf,daa/quydinh_huongdan/qui-che-qui-dinh-qui-trinh/05-quy-dinh-dao-tao-ngoai-ngu-doi-voi-he-d-7673d143/119-tb-dhcntt_19-9-2022_thong_bao_ngung_su_dung_chung_chi_vpet_toeic_bach_khoa_va_p-b9f54e3e.pdf,119-tb-dhcntt_19-9-2022_thong_bao_ngung_su_dung_chung_chi_vpet_toeic_bach_khoa_va_p-b9f54e3e.pdf,2022-09-19,2022-09-19,2021-12-29,,"<!DOCTYPE html><html lang=""vi"" dir=""ltr""><!-- <![endif]-->",2026-04-16,2026-04-16T18:30:33.365442,title,high,document_date,2022-09-19,high,,,derived,,base_or_unknown,https://daa.uit.edu.vn/sites/daa/files/202310/119-tb-dhcntt_19-9-2022_thong_bao_ngung_su_dung_chung_chi_vpet_toeic_bach_khoa_va_phoi_van_bang_moi_0_0.pdf,206,true,metadata_file_path,from_metadata
179,C:\Users\hoang\Downloads\project\uit_firecrawl_new\firecrawl\data\daa\quydinh_huongdan\qui-che-qui-dinh-qui-trinh\05-quy-dinh-dao-tao-ngoai-ngu-doi-voi-he-dai-hoc-chinh-quy-cua-truong-dhcntt\119-tb-dhcntt_19-9-2022_thong_bao_ngung_su_dung_chung_chi_vpet_toeic_bach_khoa_va_phoi_van_bang_moi_0_0.pdf,daa/quydinh_huongdan/qui-che-qui-dinh-qui-trinh/05-quy-dinh-dao-tao-ngoai-ngu-doi-voi-he-dai-hoc-chinh-quy-cua-truong-dhcntt/119-tb-dhcntt_19-9-2022_thong_bao_ngung_su_dung_chung_chi_vpet_toeic_bach_khoa_va_phoi_van_bang_moi_0_0.pdf,119-tb-dhcntt_19-9-2022_thong_bao_ngung_su_dung_chung_chi_vpet_toeic_bach_khoa_va_phoi_van_bang_moi_0_0.pdf,2022-09-19,2022-09-19,2021-12-29,,"<!DOCTYPE html><html lang=""vi"" dir=""ltr""><!-- <![endif]-->",,2025-11-09T16:44:16.110079,title,high,document_date,2022-09-19,high,,,derived,,base_or_unknown,https://daa.uit.edu.vn/sites/daa/files/202310/119-tb-dhcntt_19-9-2022_thong_bao_ngung_su_dung_chung_chi_vpet_toeic_bach_khoa_va_phoi_van_bang_moi_0_0.pdf,206,true,cached_exact_name,discovered_from_filesystem
180,C:\Users\hoang\Downloads\project\uit_firecrawl_new\firecrawl\data\daa\quydinh_huongdan\quyche-dhqg-hcm\pdf\1342-qd-dhqg_30-9-2022_quy_che_dao_tao-a67d2134.pdf,daa/quydinh_huongdan/quyche-dhqg-hcm/pdf/1342-qd-dhqg_30-9-2022_quy_che_dao_tao-a67d2134.pdf,1342-qd-dhqg_30-9-2022_quy_che_dao_tao-a67d2134.pdf,2022-09-30,2022-09-30,2019-09-27,,"<!DOCTYPE html><html lang=""vi"" dir=""ltr"" class=""js""><!-- <![endif]-->",2026-04-16,2026-04-16T18:30:36.585145,title,high,document_date,2022-09-30,high,,,derived,,base_or_unknown,https://daa.uit.edu.vn/sites/daa/files/202310/1342-qd-dhqg_30-9-2022_quy_che_dao_tao.pdf,206,true,metadata_file_path,from_metadata
181,C:\Users\hoang\Downloads\project\uit_firecrawl_new\firecrawl\data\daa\quydinh_huongdan\quyche-dhqg-hcm\pdf\1342-qd-dhqg_30-9-2022_quy_che_dao_tao.pdf,daa/quydinh_huongdan/quyche-dhqg-hcm/pdf/1342-qd-dhqg_30-9-2022_quy_che_dao_tao.pdf,1342-qd-dhqg_30-9-2022_quy_che_dao_tao.pdf,2022-09-30,2022-09-30,2019-09-27,,"<!DOCTYPE html><html lang=""vi"" dir=""ltr"" class=""js""><!-- <![endif]-->",,2025-11-09T17:09:18.435210,title,high,document_date,2022-09-30,high,,,derived,,base_or_unknown,https://daa.uit.edu.vn/sites/daa/files/202310/1342-qd-dhqg_30-9-2022_quy_che_dao_tao.pdf,206,true,cached_exact_name,discovered_from_filesystem
182,C:\Users\hoang\Downloads\project\uit_firecrawl_new\firecrawl\data\daa\quydinh_huongdan\huong-dan-chuan-qua-trinh\pdf\828_qd-dhcntt_04-10-2022_quy_dinh_dao_tao_ngoai_ngu_doi_voi_he_chinh_qui_khoa_2022_-eb8c3cb2.pdf,daa/quydinh_huongdan/huong-dan-chuan-qua-trinh/pdf/828_qd-dhcntt_04-10-2022_quy_dinh_dao_tao_ngoai_ngu_doi_voi_he_chinh_qui_khoa_2022_-eb8c3cb2.pdf,828_qd-dhcntt_04-10-2022_quy_dinh_dao_tao_ngoai_ngu_doi_voi_he_chinh_qui_khoa_2022_-eb8c3cb2.pdf,2022-10-04,2022-10-04,2019-08-30,,"<!DOCTYPE html><html lang=""vi"" dir=""ltr"" class=""js""><!-- <![endif]-->",,2026-04-16T18:13:22.843117,title,high,document_date,2022-10-04,high,,,derived,,base_or_unknown,https://daa.uit.edu.vn/sites/daa/files/202310/828_qd-dhcntt_04-10-2022_quy_dinh_dao_tao_ngoai_ngu_doi_voi_he_chinh_qui_khoa_2022_0_0.pdf,206,true,cached_fuzzy_name,discovered_from_filesystem
183,C:\Users\hoang\Downloads\project\uit_firecrawl_new\firecrawl\data\daa\quydinh_huongdan\huong-dan-chuan-qua-trinh\pdf\828_qd-dhcntt_04-10-2022_quy_dinh_dao_tao_ngoai_ngu_doi_voi_he_chinh_qui_khoa_2022_0_0.pdf,daa/quydinh_huongdan/huong-dan-chuan-qua-trinh/pdf/828_qd-dhcntt_04-10-2022_quy_dinh_dao_tao_ngoai_ngu_doi_voi_he_chinh_qui_khoa_2022_0_0.pdf,828_qd-dhcntt_04-10-2022_quy_dinh_dao_tao_ngoai_ngu_doi_voi_he_chinh_qui_khoa_2022_0_0.pdf,2022-10-04,2022-10-04,2019-08-30,,"<!DOCTYPE html><html lang=""vi"" dir=""ltr"" class=""js""><!-- <![endif]-->",,2025-11-09T17:14:31.179644,title,high,document_date,2022-10-04,high,,,derived,,base_or_unknown,https://daa.uit.edu.vn/sites/daa/files/202310/828_qd-dhcntt_04-10-2022_quy_dinh_dao_tao_ngoai_ngu_doi_voi_he_chinh_qui_khoa_2022_0_0.pdf,206,true,cached_exact_name,discovered_from_filesystem
184,C:\Users\hoang\Downloads\project\uit_firecrawl_new\firecrawl\data\daa\quydinh_huongdan\qui-che-qui-dinh-qui-trinh\05-quy-dinh-dao-tao-ngoai-ngu-doi-voi-he-d-7673d143\828_qd-dhcntt_04-10-2022_quy_dinh_dao_tao_ngoai_ngu_doi_voi_he_chinh_qui_khoa_2022_-eb8c3cb2.pdf,daa/quydinh_huongdan/qui-che-qui-dinh-qui-trinh/05-quy-dinh-dao-tao-ngoai-ngu-doi-voi-he-d-7673d143/828_qd-dhcntt_04-10-2022_quy_dinh_dao_tao_ngoai_ngu_doi_voi_he_chinh_qui_khoa_2022_-eb8c3cb2.pdf,828_qd-dhcntt_04-10-2022_quy_dinh_dao_tao_ngoai_ngu_doi_voi_he_chinh_qui_khoa_2022_-eb8c3cb2.pdf,2022-10-04,2022-10-04,2019-08-30,,"<!DOCTYPE html><html lang=""vi"" dir=""ltr"" class=""js""><!-- <![endif]-->",2026-04-16,2026-04-16T18:30:34.145697,title,high,document_date,2022-10-04,high,,,derived,,base_or_unknown,https://daa.uit.edu.vn/sites/daa/files/202310/828_qd-dhcntt_04-10-2022_quy_dinh_dao_tao_ngoai_ngu_doi_voi_he_chinh_qui_khoa_2022_0_0.pdf,206,true,metadata_file_path,from_metadata
185,C:\Users\hoang\Downloads\project\uit_firecrawl_new\firecrawl\data\daa\quydinh_huongdan\qui-che-qui-dinh-qui-trinh\05-quy-dinh-dao-tao-ngoai-ngu-doi-voi-he-dai-hoc-chinh-quy-cua-truong-dhcntt\828_qd-dhcntt_04-10-2022_quy_dinh_dao_tao_ngoai_ngu_doi_voi_he_chinh_qui_khoa_2022_0_0.pdf,daa/quydinh_huongdan/qui-che-qui-dinh-qui-trinh/05-quy-dinh-dao-tao-ngoai-ngu-doi-voi-he-dai-hoc-chinh-quy-cua-truong-dhcntt/828_qd-dhcntt_04-10-2022_quy_dinh_dao_tao_ngoai_ngu_doi_voi_he_chinh_qui_khoa_2022_0_0.pdf,828_qd-dhcntt_04-10-2022_quy_dinh_dao_tao_ngoai_ngu_doi_voi_he_chinh_qui_khoa_2022_0_0.pdf,2022-10-04,2022-10-04,2019-08-30,,"<!DOCTYPE html><html lang=""vi"" dir=""ltr"" class=""js""><!-- <![endif]-->",,2025-11-09T16:44:17.429081,title,high,document_date,2022-10-04,high,,,derived,,base_or_unknown,https://daa.uit.edu.vn/sites/daa/files/202310/828_qd-dhcntt_04-10-2022_quy_dinh_dao_tao_ngoai_ngu_doi_voi_he_chinh_qui_khoa_2022_0_0.pdf,206,true,cached_exact_name,discovered_from_filesystem
186,C:\Users\hoang\Downloads\project\uit_firecrawl_new\firecrawl\data\daa\quydinh_huongdan\quyche-dhqg-hcm\pdf\1372-qd-dhqg_10-10-2022_quy_che_van_bang_chung_chi-fb53d2c0.pdf,daa/quydinh_huongdan/quyche-dhqg-hcm/pdf/1372-qd-dhqg_10-10-2022_quy_che_van_bang_chung_chi-fb53d2c0.pdf,1372-qd-dhqg_10-10-2022_quy_che_van_bang_chung_chi-fb53d2c0.pdf,2022-10-10,2022-10-10,2022-09-30,,"<!DOCTYPE html><html lang=""vi"" dir=""ltr"" class=""js""><!-- <![endif]-->",2026-04-16,2026-04-16T18:30:39.612835,title,high,document_date,2022-10-10,high,,,derived,,base_or_unknown,https://daa.uit.edu.vn/sites/daa/files/202310/1372-qd-dhqg_10-10-2022_quy_che_van_bang_chung_chi.pdf,206,true,metadata_file_path,from_metadata
187,C:\Users\hoang\Downloads\project\uit_firecrawl_new\firecrawl\data\daa\quydinh_huongdan\quyche-dhqg-hcm\pdf\1372-qd-dhqg_10-10-2022_quy_che_van_bang_chung_chi.pdf,daa/quydinh_huongdan/quyche-dhqg-hcm/pdf/1372-qd-dhqg_10-10-2022_quy_che_van_bang_chung_chi.pdf,1372-qd-dhqg_10-10-2022_quy_che_van_bang_chung_chi.pdf,2022-10-10,2022-10-10,2022-09-30,,"<!DOCTYPE html><html lang=""vi"" dir=""ltr"" class=""js""><!-- <![endif]-->",,2025-11-09T17:09:20.083329,title,high,document_date,2022-10-10,high,,,derived,,base_or_unknown,https://daa.uit.edu.vn/sites/daa/files/202310/1372-qd-dhqg_10-10-2022_quy_che_van_bang_chung_chi.pdf,206,true,cached_exact_name,discovered_from_filesystem
188,C:\Users\hoang\Downloads\project\uit_firecrawl_new\firecrawl\data\daa\quydinh_huongdan\qui-che-qui-dinh-qui-trinh\05-quy-dinh-dao-tao-ngoai-ngu-doi-voi-he-d-7673d143\153-tb-dhcntt13-12-2022_ngung_su_dung_ket_qua_bai_thi_nn_qt_ielts_indicator_va_toef-e95c68a5.pdf,daa/quydinh_huongdan/qui-che-qui-dinh-qui-trinh/05-quy-dinh-dao-tao-ngoai-ngu-doi-voi-he-d-7673d143/153-tb-dhcntt13-12-2022_ngung_su_dung_ket_qua_bai_thi_nn_qt_ielts_indicator_va_toef-e95c68a5.pdf,153-tb-dhcntt13-12-2022_ngung_su_dung_ket_qua_bai_thi_nn_qt_ielts_indicator_va_toef-e95c68a5.pdf,2022-12-13,2022-12-13,2022-10-04,,"<!DOCTYPE html><html lang=""vi"" dir=""ltr""><!-- <![endif]-->",2026-04-16,2026-04-16T18:30:34.273158,title,high,document_date,2022-12-13,high,,,derived,,base_or_unknown,https://daa.uit.edu.vn/sites/daa/files/202310/153-tb-dhcntt13-12-2022_ngung_su_dung_ket_qua_bai_thi_nn_qt_ielts_indicator_va_toefl_ibt_home_edition_0.pdf,206,true,metadata_file_path,from_metadata
189,C:\Users\hoang\Downloads\project\uit_firecrawl_new\firecrawl\data\daa\quydinh_huongdan\qui-che-qui-dinh-qui-trinh\05-quy-dinh-dao-tao-ngoai-ngu-doi-voi-he-dai-hoc-chinh-quy-cua-truong-dhcntt\153-tb-dhcntt13-12-2022_ngung_su_dung_ket_qua_bai_thi_nn_qt_ielts_indicator_va_toefl_ibt_home_edition_0.pdf,daa/quydinh_huongdan/qui-che-qui-dinh-qui-trinh/05-quy-dinh-dao-tao-ngoai-ngu-doi-voi-he-dai-hoc-chinh-quy-cua-truong-dhcntt/153-tb-dhcntt13-12-2022_ngung_su_dung_ket_qua_bai_thi_nn_qt_ielts_indicator_va_toefl_ibt_home_edition_0.pdf,153-tb-dhcntt13-12-2022_ngung_su_dung_ket_qua_bai_thi_nn_qt_ielts_indicator_va_toefl_ibt_home_edition_0.pdf,2022-12-13,2022-12-13,2022-10-04,,"<!DOCTYPE html><html lang=""vi"" dir=""ltr""><!-- <![endif]-->",,2025-11-09T16:44:17.967446,title,high,document_date,2022-12-13,high,,,derived,,base_or_unknown,https://daa.uit.edu.vn/sites/daa/files/202310/153-tb-dhcntt13-12-2022_ngung_su_dung_ket_qua_bai_thi_nn_qt_ielts_indicator_va_toefl_ibt_home_edition_0.pdf,206,true,cached_exact_name,discovered_from_filesystem
190,C:\Users\hoang\Downloads\project\uit_firecrawl_new\firecrawl\data\daa\quydinh_huongdan\quyche-dhqg-hcm\pdf\1672_qd-dhqg_14-12-2022_quy_dinh_in_noi_dung_tren_vbcc-23dcab6a.pdf,daa/quydinh_huongdan/quyche-dhqg-hcm/pdf/1672_qd-dhqg_14-12-2022_quy_dinh_in_noi_dung_tren_vbcc-23dcab6a.pdf,1672_qd-dhqg_14-12-2022_quy_dinh_in_noi_dung_tren_vbcc-23dcab6a.pdf,2022-12-14,2022-12-14,2020-12-24,,"<!DOCTYPE html><html lang=""vi"" dir=""ltr"" class=""js""><!-- <![endif]-->",2026-04-16,2026-04-16T18:30:46.127704,title,high,document_date,2022-12-14,high,,,derived,,base_or_unknown,https://daa.uit.edu.vn/sites/daa/files/202310/1672_qd-dhqg_14-12-2022_quy_dinh_in_noi_dung_tren_vbcc.pdf,206,true,metadata_file_path,from_metadata
191,C:\Users\hoang\Downloads\project\uit_firecrawl_new\firecrawl\data\daa\quydinh_huongdan\quyche-dhqg-hcm\pdf\1672_qd-dhqg_14-12-2022_quy_dinh_in_noi_dung_tren_vbcc.pdf,daa/quydinh_huongdan/quyche-dhqg-hcm/pdf/1672_qd-dhqg_14-12-2022_quy_dinh_in_noi_dung_tren_vbcc.pdf,1672_qd-dhqg_14-12-2022_quy_dinh_in_noi_dung_tren_vbcc.pdf,2022-12-14,2022-12-14,2020-12-24,,"<!DOCTYPE html><html lang=""vi"" dir=""ltr"" class=""js""><!-- <![endif]-->",,2025-11-09T17:09:24.649517,title,high,document_date,2022-12-14,high,,,derived,,base_or_unknown,https://daa.uit.edu.vn/sites/daa/files/202310/1672_qd-dhqg_14-12-2022_quy_dinh_in_noi_dung_tren_vbcc.pdf,206,true,cached_exact_name,discovered_from_filesystem
192,C:\Users\hoang\Downloads\project\uit_firecrawl_new\firecrawl\data\daa\quydinh_huongdan\qui-che-qui-dinh-qui-trinh\07-quyet-dinh-ve-viec-ban-hanh-quy-dinh-to-8f2bd9a5\1139_qd-dhcntt_20-12-2022_to_chuc_thi_cac_mon_hoc_he_dai_hoc_chinh_quy-e3ae8471.pdf,daa/quydinh_huongdan/qui-che-qui-dinh-qui-trinh/07-quyet-dinh-ve-viec-ban-hanh-quy-dinh-to-8f2bd9a5/1139_qd-dhcntt_20-12-2022_to_chuc_thi_cac_mon_hoc_he_dai_hoc_chinh_quy-e3ae8471.pdf,1139_qd-dhcntt_20-12-2022_to_chuc_thi_cac_mon_hoc_he_dai_hoc_chinh_quy-e3ae8471.pdf,2022-12-20,2022-12-20,2022-12-20,,07\. Quyết định về việc ban hành Quy định tổ chức thi tập trung các môn học hệ ĐHCQ,2026-04-16,2026-04-16T18:30:30.095290,title,high,document_date,2022-12-20,high,,,derived,,base_or_unknown,https://daa.uit.edu.vn/sites/daa/files/202309/1139_qd-dhcntt_20-12-2022_to_chuc_thi_cac_mon_hoc_he_dai_hoc_chinh_quy.pdf,206,true,metadata_file_path,from_metadata
193,C:\Users\hoang\Downloads\project\uit_firecrawl_new\firecrawl\data\daa\quydinh_huongdan\qui-che-qui-dinh-qui-trinh\07-quyet-dinh-ve-viec-ban-hanh-quy-dinh-to-chuc-thi-tap-trung-cac-mon-hoc-he-dhcq\1139_qd-dhcntt_20-12-2022_to_chuc_thi_cac_mon_hoc_he_dai_hoc_chinh_quy.pdf,daa/quydinh_huongdan/qui-che-qui-dinh-qui-trinh/07-quyet-dinh-ve-viec-ban-hanh-quy-dinh-to-chuc-thi-tap-trung-cac-mon-hoc-he-dhcq/1139_qd-dhcntt_20-12-2022_to_chuc_thi_cac_mon_hoc_he_dai_hoc_chinh_quy.pdf,1139_qd-dhcntt_20-12-2022_to_chuc_thi_cac_mon_hoc_he_dai_hoc_chinh_quy.pdf,2022-12-20,2022-12-20,2022-12-20,,07\. Quyết định về việc ban hành Quy định tổ chức thi tập trung các môn học hệ ĐHCQ,,2025-11-09T16:45:42.947315,title,high,document_date,2022-12-20,high,,,derived,,base_or_unknown,https://daa.uit.edu.vn/sites/daa/files/202309/1139_qd-dhcntt_20-12-2022_to_chuc_thi_cac_mon_hoc_he_dai_hoc_chinh_quy.pdf,206,true,cached_exact_name,discovered_from_filesystem
194,C:\Users\hoang\Downloads\project\uit_firecrawl_new\firecrawl\data\daa\quydinh_huongdan\quyche-dhqg-hcm\pdf\1758-qd-dhqg-29-12-2022_quy_dinh_lien_ket_dao_tao_voi_nuoc_ngoai_trinh_do_dh_ths_ts-9ba3d3a4.pdf,daa/quydinh_huongdan/quyche-dhqg-hcm/pdf/1758-qd-dhqg-29-12-2022_quy_dinh_lien_ket_dao_tao_voi_nuoc_ngoai_trinh_do_dh_ths_ts-9ba3d3a4.pdf,1758-qd-dhqg-29-12-2022_quy_dinh_lien_ket_dao_tao_voi_nuoc_ngoai_trinh_do_dh_ths_ts-9ba3d3a4.pdf,2022-12-29,2022-12-29,2022-12-14,,"<!DOCTYPE html><html lang=""vi"" dir=""ltr"" class=""js""><!-- <![endif]-->",2026-04-16,2026-04-16T18:30:48.093896,title,high,document_date,2022-12-29,high,,,derived,,base_or_unknown,https://daa.uit.edu.vn/sites/daa/files/202310/1758-qd-dhqg-29-12-2022_quy_dinh_lien_ket_dao_tao_voi_nuoc_ngoai_trinh_do_dh_ths_ts_tai_dhqg-hcm.pdf,206,true,metadata_file_path,from_metadata
195,C:\Users\hoang\Downloads\project\uit_firecrawl_new\firecrawl\data\daa\quydinh_huongdan\quyche-dhqg-hcm\pdf\1758-qd-dhqg-29-12-2022_quy_dinh_lien_ket_dao_tao_voi_nuoc_ngoai_trinh_do_dh_ths_ts_tai_dhqg-hcm.pdf,daa/quydinh_huongdan/quyche-dhqg-hcm/pdf/1758-qd-dhqg-29-12-2022_quy_dinh_lien_ket_dao_tao_voi_nuoc_ngoai_trinh_do_dh_ths_ts_tai_dhqg-hcm.pdf,1758-qd-dhqg-29-12-2022_quy_dinh_lien_ket_dao_tao_voi_nuoc_ngoai_trinh_do_dh_ths_ts_tai_dhqg-hcm.pdf,2022-12-29,2022-12-29,2022-12-14,,"<!DOCTYPE html><html lang=""vi"" dir=""ltr"" class=""js""><!-- <![endif]-->",,2025-11-09T17:09:26.062373,title,high,document_date,2022-12-29,high,,,derived,,base_or_unknown,https://daa.uit.edu.vn/sites/daa/files/202310/1758-qd-dhqg-29-12-2022_quy_dinh_lien_ket_dao_tao_voi_nuoc_ngoai_trinh_do_dh_ths_ts_tai_dhqg-hcm.pdf,206,true,cached_exact_name,discovered_from_filesystem
196,C:\Users\hoang\Downloads\project\uit_firecrawl_new\firecrawl\data\daa\quydinh_huongdan\qui-che-qui-dinh-qui-trinh\03-quyet-dinh-ve-viec-ban-hanh-quy-che-van-bang-chung-chi\172-qd-dhcntt_08-3-2023_quy_che_van_bang_chung_chi.pdf,daa/quydinh_huongdan/qui-che-qui-dinh-qui-trinh/03-quyet-dinh-ve-viec-ban-hanh-quy-che-van-bang-chung-chi/172-qd-dhcntt_08-3-2023_quy_che_van_bang_chung_chi.pdf,172-qd-dhcntt_08-3-2023_quy_che_van_bang_chung_chi.pdf,2023-03-08,2023-03-08,2023-03-08,,03\. Quyết định về việc ban hành Quy chế văn bằng chứng chỉ,,2025-11-09T16:42:43.183264,title,high,document_date,2023-03-08,high,,,derived,,base_or_unknown,https://daa.uit.edu.vn/sites/daa/files/202309/172-qd-dhcntt_08-3-2023_quy_che_van_bang_chung_chi.pdf,206,true,cached_exact_name,discovered_from_filesystem
197,C:\Users\hoang\Downloads\project\uit_firecrawl_new\firecrawl\data\daa\quydinh_huongdan\qui-che-qui-dinh-qui-trinh\24-quyet-dinh-ve-viec-ban-hanh-quy-dinh-da-79e4e908\196-qd-dhcntt_16-3-2023_quy_dinh_day_va_hoc_theo_phuong_thuc_truc_tuyen_va_phuong_t-52754f6f.pdf,daa/quydinh_huongdan/qui-che-qui-dinh-qui-trinh/24-quyet-dinh-ve-viec-ban-hanh-quy-dinh-da-79e4e908/196-qd-dhcntt_16-3-2023_quy_dinh_day_va_hoc_theo_phuong_thuc_truc_tuyen_va_phuong_t-52754f6f.pdf,196-qd-dhcntt_16-3-2023_quy_dinh_day_va_hoc_theo_phuong_thuc_truc_tuyen_va_phuong_t-52754f6f.pdf,2023-03-16,2023-03-16,2023-03-16,,24\. Quyết định về việc ban hành quy định dạy và học theo phương thức trực tuyến và phương thức kết hợp,,2026-04-16T18:12:38.103302,title,high,document_date,2023-03-16,high,,,derived,,base_or_unknown,https://daa.uit.edu.vn/sites/daa/files/202309/196-qd-dhcntt_16-3-2023_quy_dinh_day_va_hoc_theo_phuong_thuc_truc_tuyen_va_phuong_thuc_ket_hop.pdf,206,true,local_sidecar_page,discovered_from_filesystem
198,C:\Users\hoang\Downloads\project\uit_firecrawl_new\firecrawl\data\daa\quydinh_huongdan\qui-che-qui-dinh-qui-trinh\24-quyet-dinh-ve-viec-ban-hanh-quy-dinh-day-va-hoc-theo-phuong-thuc-truc-tuyen-va-phuong-thuc-ket-hop\196-qd-dhcntt_16-3-2023_quy_dinh_day_va_hoc_theo_phuong_thuc_truc_tuyen_va_phuong_thuc_ket_hop.pdf,daa/quydinh_huongdan/qui-che-qui-dinh-qui-trinh/24-quyet-dinh-ve-viec-ban-hanh-quy-dinh-day-va-hoc-theo-phuong-thuc-truc-tuyen-va-phuong-thuc-ket-hop/196-qd-dhcntt_16-3-2023_quy_dinh_day_va_hoc_theo_phuong_thuc_truc_tuyen_va_phuong_thuc_ket_hop.pdf,196-qd-dhcntt_16-3-2023_quy_dinh_day_va_hoc_theo_phuong_thuc_truc_tuyen_va_phuong_thuc_ket_hop.pdf,2023-03-16,2023-03-16,2023-03-16,,24\. Quyết định về việc ban hành quy định dạy và học theo phương thức trực tuyến và phương thức kết hợp,,2025-11-09T16:57:43.523780,title,high,document_date,2023-03-16,high,,,derived,,base_or_unknown,https://daa.uit.edu.vn/sites/daa/files/202309/196-qd-dhcntt_16-3-2023_quy_dinh_day_va_hoc_theo_phuong_thuc_truc_tuyen_va_phuong_thuc_ket_hop.pdf,206,true,cached_exact_name,discovered_from_filesystem
199,C:\Users\hoang\Downloads\project\uit_firecrawl_new\firecrawl\data\daa\quydinh_huongdan\qui-che-qui-dinh-qui-trinh\31-quy-che-tuyen-sinh-dai-hoc-chinh-quy\354-qd-dhcntt_19-4-2023-quychets.pdf,daa/quydinh_huongdan/qui-che-qui-dinh-qui-trinh/31-quy-che-tuyen-sinh-dai-hoc-chinh-quy/354-qd-dhcntt_19-4-2023-quychets.pdf,354-qd-dhcntt_19-4-2023-quychets.pdf,2023-04-19,2023-04-19,2023-04-19,,31\. Quy chế tuyển sinh đại học chính quy,,2025-11-09T17:02:58.930659,title,high,document_date,2023-04-19,high,,,derived,,base_or_unknown,https://daa.uit.edu.vn/sites/daa/files/202408/354-qd-dhcntt_19-4-2023-quychets.pdf,206,true,local_sidecar_page,discovered_from_filesystem
200,C:\Users\hoang\Downloads\project\uit_firecrawl_new\firecrawl\data\daa\quydinh_huongdan\quyche-dhqg-hcm\pdf\540_qd_dhqg_9-5-2023_quy_dinh_mo_nganh-e7bc7aed.pdf,daa/quydinh_huongdan/quyche-dhqg-hcm/pdf/540_qd_dhqg_9-5-2023_quy_dinh_mo_nganh-e7bc7aed.pdf,540_qd_dhqg_9-5-2023_quy_dinh_mo_nganh-e7bc7aed.pdf,2023-05-09,2023-05-09,2022-10-10,,"<!DOCTYPE html><html lang=""vi"" dir=""ltr"" class=""js""><!-- <![endif]-->",2026-04-16,2026-04-16T18:30:39.765138,title,high,document_date,2023-05-09,high,,,derived,,base_or_unknown,https://daa.uit.edu.vn/sites/daa/files/202310/540_qd_dhqg_9-5-2023_quy_dinh_mo_nganh.pdf,206,true,metadata_file_path,from_metadata
201,C:\Users\hoang\Downloads\project\uit_firecrawl_new\firecrawl\data\daa\quydinh_huongdan\quyche-dhqg-hcm\pdf\540_qd_dhqg_9-5-2023_quy_dinh_mo_nganh.pdf,daa/quydinh_huongdan/quyche-dhqg-hcm/pdf/540_qd_dhqg_9-5-2023_quy_dinh_mo_nganh.pdf,540_qd_dhqg_9-5-2023_quy_dinh_mo_nganh.pdf,2023-05-09,2023-05-09,2022-10-10,,"<!DOCTYPE html><html lang=""vi"" dir=""ltr"" class=""js""><!-- <![endif]-->",,2025-11-09T17:09:20.163268,title,high,document_date,2023-05-09,high,,,derived,,base_or_unknown,https://daa.uit.edu.vn/sites/daa/files/202310/540_qd_dhqg_9-5-2023_quy_dinh_mo_nganh.pdf,206,true,cached_exact_name,discovered_from_filesystem
202,C:\Users\hoang\Downloads\project\uit_firecrawl_new\firecrawl\data\daa\quydinh_huongdan\quyche-dhqg-hcm\pdf\cv842_27-5-2023_huong_dan_in_noi_dung_tren_vb_mau_ban_hanh_nam_2017-206eea13.pdf,daa/quydinh_huongdan/quyche-dhqg-hcm/pdf/cv842_27-5-2023_huong_dan_in_noi_dung_tren_vb_mau_ban_hanh_nam_2017-206eea13.pdf,cv842_27-5-2023_huong_dan_in_noi_dung_tren_vb_mau_ban_hanh_nam_2017-206eea13.pdf,2023-05-27,2023-05-27,2022-04-18,,"<!DOCTYPE html><html lang=""vi"" dir=""ltr"" class=""js""><!-- <![endif]-->",2026-04-16,2026-04-16T18:30:51.527762,title,high,document_date,2023-05-27,high,,,derived,,base_or_unknown,https://daa.uit.edu.vn/sites/daa/files/202310/cv842_27-5-2023_huong_dan_in_noi_dung_tren_vb_mau_ban_hanh_nam_2017.pdf,206,true,metadata_file_path,from_metadata
203,C:\Users\hoang\Downloads\project\uit_firecrawl_new\firecrawl\data\daa\quydinh_huongdan\quyche-dhqg-hcm\pdf\cv842_27-5-2023_huong_dan_in_noi_dung_tren_vb_mau_ban_hanh_nam_2017.pdf,daa/quydinh_huongdan/quyche-dhqg-hcm/pdf/cv842_27-5-2023_huong_dan_in_noi_dung_tren_vb_mau_ban_hanh_nam_2017.pdf,cv842_27-5-2023_huong_dan_in_noi_dung_tren_vb_mau_ban_hanh_nam_2017.pdf,2023-05-27,2023-05-27,2022-04-18,,"<!DOCTYPE html><html lang=""vi"" dir=""ltr"" class=""js""><!-- <![endif]-->",,2025-11-09T17:09:27.597275,title,high,document_date,2023-05-27,high,,,derived,,base_or_unknown,https://daa.uit.edu.vn/sites/daa/files/202310/cv842_27-5-2023_huong_dan_in_noi_dung_tren_vb_mau_ban_hanh_nam_2017.pdf,206,true,cached_exact_name,discovered_from_filesystem
204,C:\Users\hoang\Downloads\project\uit_firecrawl_new\firecrawl\data\daa\quydinh_huongdan\huong-dan-sinh-vien\19-quy-trinh-nop-khoa-luan-tot-nghiep-sau-3884fcc8\583-qd-dhcntt_12-6-2023_ban_hanh_quy_trinh_nop_kltn_sau_khi_bao_ve_truoc_hoi_dong_b-d02eba47.pdf,daa/quydinh_huongdan/huong-dan-sinh-vien/19-quy-trinh-nop-khoa-luan-tot-nghiep-sau-3884fcc8/583-qd-dhcntt_12-6-2023_ban_hanh_quy_trinh_nop_kltn_sau_khi_bao_ve_truoc_hoi_dong_b-d02eba47.pdf,583-qd-dhcntt_12-6-2023_ban_hanh_quy_trinh_nop_kltn_sau_khi_bao_ve_truoc_hoi_dong_b-d02eba47.pdf,2023-06-12,2023-06-12,2023-06-12,,19\. Quy trình nộp khoá luận tốt nghiệp sau khi bảo vệ trước Hội đồng bảo vệ khoá luận tốt nghiệp,2026-04-16,2026-04-16T18:30:31.896199,title,high,document_date,2023-06-12,high,,,derived,,base_or_unknown,https://daa.uit.edu.vn/sites/daa/files/202309/583-qd-dhcntt_12-6-2023_ban_hanh_quy_trinh_nop_kltn_sau_khi_bao_ve_truoc_hoi_dong_bao_ve_kltn.pdf,206,true,metadata_file_path,from_metadata
205,C:\Users\hoang\Downloads\project\uit_firecrawl_new\firecrawl\data\daa\quydinh_huongdan\huong-dan-sinh-vien\19-quy-trinh-nop-khoa-luan-tot-nghiep-sau-khi-bao-ve-truoc-hoi-dong-bao-ve-khoa-luan-tot-nghiep\583-qd-dhcntt_12-6-2023_ban_hanh_quy_trinh_nop_kltn_sau_khi_bao_ve_truoc_hoi_dong_bao_ve_kltn.pdf,daa/quydinh_huongdan/huong-dan-sinh-vien/19-quy-trinh-nop-khoa-luan-tot-nghiep-sau-khi-bao-ve-truoc-hoi-dong-bao-ve-khoa-luan-tot-nghiep/583-qd-dhcntt_12-6-2023_ban_hanh_quy_trinh_nop_kltn_sau_khi_bao_ve_truoc_hoi_dong_bao_ve_kltn.pdf,583-qd-dhcntt_12-6-2023_ban_hanh_quy_trinh_nop_kltn_sau_khi_bao_ve_truoc_hoi_dong_bao_ve_kltn.pdf,2023-06-12,2023-06-12,2023-06-12,,19\. Quy trình nộp khoá luận tốt nghiệp sau khi bảo vệ trước Hội đồng bảo vệ khoá luận tốt nghiệp,,2025-11-09T16:53:59.258248,title,high,document_date,2023-06-12,high,,,derived,,base_or_unknown,https://daa.uit.edu.vn/sites/daa/files/202309/583-qd-dhcntt_12-6-2023_ban_hanh_quy_trinh_nop_kltn_sau_khi_bao_ve_truoc_hoi_dong_bao_ve_kltn.pdf,206,true,cached_exact_name,discovered_from_filesystem
206,C:\Users\hoang\Downloads\project\uit_firecrawl_new\firecrawl\data\daa\quydinh_huongdan\quyche-dhqg-hcm\pdf\809-qd-dhqg_3-7-2023_quy_dinh_dgkqht_theo_hinh_thuc_tt-04c8b0df.pdf,daa/quydinh_huongdan/quyche-dhqg-hcm/pdf/809-qd-dhqg_3-7-2023_quy_dinh_dgkqht_theo_hinh_thuc_tt-04c8b0df.pdf,809-qd-dhqg_3-7-2023_quy_dinh_dgkqht_theo_hinh_thuc_tt-04c8b0df.pdf,2023-07-03,2023-07-03,2023-05-09,,"<!DOCTYPE html><html lang=""vi"" dir=""ltr"" class=""js""><!-- <![endif]-->",2026-04-16,2026-04-16T18:30:40.924643,title,high,document_date,2023-07-03,high,,,derived,,base_or_unknown,https://daa.uit.edu.vn/sites/daa/files/202310/809-qd-dhqg_3-7-2023_quy_dinh_dgkqht_theo_hinh_thuc_tt.pdf,206,true,metadata_file_path,from_metadata
207,C:\Users\hoang\Downloads\project\uit_firecrawl_new\firecrawl\data\daa\quydinh_huongdan\quyche-dhqg-hcm\pdf\809-qd-dhqg_3-7-2023_quy_dinh_dgkqht_theo_hinh_thuc_tt.pdf,daa/quydinh_huongdan/quyche-dhqg-hcm/pdf/809-qd-dhqg_3-7-2023_quy_dinh_dgkqht_theo_hinh_thuc_tt.pdf,809-qd-dhqg_3-7-2023_quy_dinh_dgkqht_theo_hinh_thuc_tt.pdf,2023-07-03,2023-07-03,2023-05-09,,"<!DOCTYPE html><html lang=""vi"" dir=""ltr"" class=""js""><!-- <![endif]-->",,2025-11-09T17:09:21.304788,title,high,document_date,2023-07-03,high,,,derived,,base_or_unknown,https://daa.uit.edu.vn/sites/daa/files/202310/809-qd-dhqg_3-7-2023_quy_dinh_dgkqht_theo_hinh_thuc_tt.pdf,206,true,cached_exact_name,discovered_from_filesystem
208,C:\Users\hoang\Downloads\project\uit_firecrawl_new\firecrawl\data\daa\quydinh_huongdan\qui-che-qui-dinh-qui-trinh\18-quy-trinh-phan-cong-can-bo-coi-thi-cho-706f299d\936_qd-dhcntt_13-9-2023_sua_doi_quy_trinh_phan_cong_can_bo_coi_thi-de2e1ffa.pdf,daa/quydinh_huongdan/qui-che-qui-dinh-qui-trinh/18-quy-trinh-phan-cong-can-bo-coi-thi-cho-706f299d/936_qd-dhcntt_13-9-2023_sua_doi_quy_trinh_phan_cong_can_bo_coi_thi-de2e1ffa.pdf,936_qd-dhcntt_13-9-2023_sua_doi_quy_trinh_phan_cong_can_bo_coi_thi-de2e1ffa.pdf,2023-09-13,2023-09-13,2020-10-15,,"<!DOCTYPE html><html lang=""vi"" dir=""ltr"" class=""js""><!-- <![endif]-->",2026-04-16,2026-04-16T18:30:28.507002,title,high,document_date,2023-09-13,high,,,derived,,amendment_or_update,https://daa.uit.edu.vn/sites/daa/files/202309/936_qd-dhcntt_13-9-2023_sua_doi_quy_trinh_phan_cong_can_bo_coi_thi.pdf,206,true,metadata_file_path,from_metadata
209,C:\Users\hoang\Downloads\project\uit_firecrawl_new\firecrawl\data\daa\quydinh_huongdan\qui-che-qui-dinh-qui-trinh\18-quy-trinh-phan-cong-can-bo-coi-thi-cho-cac-dot-thi-tap-trung-he-dai-hoc-chinh-quy\936_qd-dhcntt_13-9-2023_sua_doi_quy_trinh_phan_cong_can_bo_coi_thi.pdf,daa/quydinh_huongdan/qui-che-qui-dinh-qui-trinh/18-quy-trinh-phan-cong-can-bo-coi-thi-cho-cac-dot-thi-tap-trung-he-dai-hoc-chinh-quy/936_qd-dhcntt_13-9-2023_sua_doi_quy_trinh_phan_cong_can_bo_coi_thi.pdf,936_qd-dhcntt_13-9-2023_sua_doi_quy_trinh_phan_cong_can_bo_coi_thi.pdf,2023-09-13,2023-09-13,2020-10-15,,"<!DOCTYPE html><html lang=""vi"" dir=""ltr"" class=""js""><!-- <![endif]-->",,2025-11-09T16:53:12.580766,title,high,document_date,2023-09-13,high,,,derived,,amendment_or_update,https://daa.uit.edu.vn/sites/daa/files/202309/936_qd-dhcntt_13-9-2023_sua_doi_quy_trinh_phan_cong_can_bo_coi_thi.pdf,206,true,cached_exact_name,discovered_from_filesystem
210,C:\Users\hoang\Downloads\project\uit_firecrawl_new\firecrawl\data\daa\quydinh_huongdan\qui-che-qui-dinh-qui-trinh\11-quyet-dinh-ve-viec-ban-hanh-quy-dinh-ve-viec-mo-nganh-dao-tao\1021-qd-dhcntt4-10-2023_quyet_dinh_mo_nganh.pdf,daa/quydinh_huongdan/qui-che-qui-dinh-qui-trinh/11-quyet-dinh-ve-viec-ban-hanh-quy-dinh-ve-viec-mo-nganh-dao-tao/1021-qd-dhcntt4-10-2023_quyet_dinh_mo_nganh.pdf,1021-qd-dhcntt4-10-2023_quyet_dinh_mo_nganh.pdf,2023-10-04,2023-10-04,2023-10-04,,11\. Quyết định về việc ban hành Quy định về việc mở ngành đào tạo,,2025-11-09T16:48:43.356189,title,high,document_date,2023-10-04,high,,,derived,,base_or_unknown,https://daa.uit.edu.vn/sites/daa/files/202310/1021-qd-dhcntt4-10-2023_quyet_dinh_mo_nganh.pdf,206,true,local_sidecar_page,discovered_from_filesystem
211,C:\Users\hoang\Downloads\project\uit_firecrawl_new\firecrawl\data\daa\quydinh_huongdan\qui-che-qui-dinh-qui-trinh\25-quy-dinh-to-chuc-danh-gia-ket-qua-hoc-t-13d713ba\1141-qd-dhcntt_7-11-2023_quy_dinh_to_chuc_danh_gia_ket_qua_hoc_tap_theo_hinh_thuc_t-53b77188.pdf,daa/quydinh_huongdan/qui-che-qui-dinh-qui-trinh/25-quy-dinh-to-chuc-danh-gia-ket-qua-hoc-t-13d713ba/1141-qd-dhcntt_7-11-2023_quy_dinh_to_chuc_danh_gia_ket_qua_hoc_tap_theo_hinh_thuc_t-53b77188.pdf,1141-qd-dhcntt_7-11-2023_quy_dinh_to_chuc_danh_gia_ket_qua_hoc_tap_theo_hinh_thuc_t-53b77188.pdf,2023-11-07,2023-11-07,2023-11-07,,25\. Quy định tổ chức đánh giá kết quả học tập theo hình thức trực tuyến,,2026-04-16T18:12:40.364782,title,high,document_date,2023-11-07,high,,,derived,,base_or_unknown,https://daa.uit.edu.vn/sites/daa/files/202311/1141-qd-dhcntt_7-11-2023_quy_dinh_to_chuc_danh_gia_ket_qua_hoc_tap_theo_hinh_thuc_truc_tuyen.pdf,206,true,local_sidecar_page,discovered_from_filesystem
212,C:\Users\hoang\Downloads\project\uit_firecrawl_new\firecrawl\data\daa\quydinh_huongdan\qui-che-qui-dinh-qui-trinh\25-quy-dinh-to-chuc-danh-gia-ket-qua-hoc-tap-theo-hinh-thuc-truc-tuyen\1141-qd-dhcntt_7-11-2023_quy_dinh_to_chuc_danh_gia_ket_qua_hoc_tap_theo_hinh_thuc_truc_tuyen.pdf,daa/quydinh_huongdan/qui-che-qui-dinh-qui-trinh/25-quy-dinh-to-chuc-danh-gia-ket-qua-hoc-tap-theo-hinh-thuc-truc-tuyen/1141-qd-dhcntt_7-11-2023_quy_dinh_to_chuc_danh_gia_ket_qua_hoc_tap_theo_hinh_thuc_truc_tuyen.pdf,1141-qd-dhcntt_7-11-2023_quy_dinh_to_chuc_danh_gia_ket_qua_hoc_tap_theo_hinh_thuc_truc_tuyen.pdf,2023-11-07,2023-11-07,2023-11-07,,25\. Quy định tổ chức đánh giá kết quả học tập theo hình thức trực tuyến,,2025-11-09T16:58:28.663370,title,high,document_date,2023-11-07,high,,,derived,,base_or_unknown,https://daa.uit.edu.vn/sites/daa/files/202311/1141-qd-dhcntt_7-11-2023_quy_dinh_to_chuc_danh_gia_ket_qua_hoc_tap_theo_hinh_thuc_truc_tuyen.pdf,206,true,cached_exact_name,discovered_from_filesystem
213,C:\Users\hoang\Downloads\project\uit_firecrawl_new\firecrawl\data\daa\quydinh_huongdan\qui-che-qui-dinh-qui-trinh\26-quy-dinh-moi-giang-vien-thinh-giang-tu-149c4db1\1187-qd-dhcntt_23-11-2023-1b9831ee.pdf,daa/quydinh_huongdan/qui-che-qui-dinh-qui-trinh/26-quy-dinh-moi-giang-vien-thinh-giang-tu-149c4db1/1187-qd-dhcntt_23-11-2023-1b9831ee.pdf,1187-qd-dhcntt_23-11-2023-1b9831ee.pdf,2023-11-23,2023-11-23,2023-11-23,,26\. Quy định mời giảng viên thỉnh giảng từ doanh nghiệp,,2026-04-16T18:12:41.595448,title,high,document_date,2023-11-23,high,,,derived,,base_or_unknown,https://daa.uit.edu.vn/sites/daa/files/202311/1187-qd-dhcntt_23-11-2023.pdf,206,true,local_sidecar_page,discovered_from_filesystem
214,C:\Users\hoang\Downloads\project\uit_firecrawl_new\firecrawl\data\daa\quydinh_huongdan\qui-che-qui-dinh-qui-trinh\26-quy-dinh-moi-giang-vien-thinh-giang-tu-doanh-nghiep\1187-qd-dhcntt_23-11-2023.pdf,daa/quydinh_huongdan/qui-che-qui-dinh-qui-trinh/26-quy-dinh-moi-giang-vien-thinh-giang-tu-doanh-nghiep/1187-qd-dhcntt_23-11-2023.pdf,1187-qd-dhcntt_23-11-2023.pdf,2023-11-23,2023-11-23,2023-11-23,,26\. Quy định mời giảng viên thỉnh giảng từ doanh nghiệp,,2025-11-09T16:59:13.653653,title,high,document_date,2023-11-23,high,,,derived,,base_or_unknown,https://daa.uit.edu.vn/sites/daa/files/202311/1187-qd-dhcntt_23-11-2023.pdf,206,true,cached_exact_name,discovered_from_filesystem
215,C:\Users\hoang\Downloads\project\uit_firecrawl_new\firecrawl\data\daa\quydinh_huongdan\quyche-dhqg-hcm\pdf\1681-qd-dhqg30-11-2023_phe_duyet_song_nganh_tmdt_dh_cntt-d1ac04fd.pdf,daa/quydinh_huongdan/quyche-dhqg-hcm/pdf/1681-qd-dhqg30-11-2023_phe_duyet_song_nganh_tmdt_dh_cntt-d1ac04fd.pdf,1681-qd-dhqg30-11-2023_phe_duyet_song_nganh_tmdt_dh_cntt-d1ac04fd.pdf,2023-11-30,2023-11-30,2023-11-30,,"Quy chế, Quy định đào tạo đại học của ĐHQG-HCM",2026-04-16,2026-04-16T18:30:51.978461,title,high,document_date,2023-11-30,high,,,derived,,base_or_unknown,https://daa.uit.edu.vn/sites/daa/files/202312/1681-qd-dhqg30-11-2023_phe_duyet_song_nganh_tmdt_dh_cntt.pdf,206,true,metadata_file_path,from_metadata
216,C:\Users\hoang\Downloads\project\uit_firecrawl_new\firecrawl\data\daa\quydinh_huongdan\quyche-dhqg-hcm\pdf\1681-qd-dhqg30-11-2023_phe_duyet_song_nganh_tmdt_dh_cntt.pdf,daa/quydinh_huongdan/quyche-dhqg-hcm/pdf/1681-qd-dhqg30-11-2023_phe_duyet_song_nganh_tmdt_dh_cntt.pdf,1681-qd-dhqg30-11-2023_phe_duyet_song_nganh_tmdt_dh_cntt.pdf,2023-11-30,2023-11-30,2023-11-30,,"Quy chế, Quy định đào tạo đại học của ĐHQG-HCM",,2025-11-09T17:09:27.939861,title,high,document_date,2023-11-30,high,,,derived,,base_or_unknown,https://daa.uit.edu.vn/sites/daa/files/202312/1681-qd-dhqg30-11-2023_phe_duyet_song_nganh_tmdt_dh_cntt.pdf,206,true,cached_exact_name,discovered_from_filesystem
217,C:\Users\hoang\Downloads\project\uit_firecrawl_new\firecrawl\data\daa\quydinh_huongdan\huong-dan-sinh-vien\27-huong-dan-dang-ky-hoc-phan-cho-sinh-vien\dkhp_doc_0.pdf,daa/quydinh_huongdan/huong-dan-sinh-vien/27-huong-dan-dang-ky-hoc-phan-cho-sinh-vien/dkhp_doc_0.pdf,dkhp_doc_0.pdf,,,,,27\. Hướng dẫn đăng ký học phần cho sinh viên,,2025-11-09T16:59:58.948554,missing,low,url_upload_month,2023-12-01,low,,,derived,,base_or_unknown,https://daa.uit.edu.vn/sites/daa/files/202312/dkhp_doc_0.pdf,206,true,local_sidecar_page,discovered_from_filesystem
218,C:\Users\hoang\Downloads\project\uit_firecrawl_new\firecrawl\data\daa\quydinh_huongdan\qui-che-qui-dinh-qui-trinh\07-quyet-dinh-ve-viec-ban-hanh-quy-dinh-to-8f2bd9a5\1376_qd-dhcntt_28-12-2023_cap_nhat_quy_dinh_to_chuc_thi-37d6228b.pdf,daa/quydinh_huongdan/qui-che-qui-dinh-qui-trinh/07-quyet-dinh-ve-viec-ban-hanh-quy-dinh-to-8f2bd9a5/1376_qd-dhcntt_28-12-2023_cap_nhat_quy_dinh_to_chuc_thi-37d6228b.pdf,1376_qd-dhcntt_28-12-2023_cap_nhat_quy_dinh_to_chuc_thi-37d6228b.pdf,2023-12-28,2023-12-28,2022-12-20,,"<!DOCTYPE html><html lang=""vi"" dir=""ltr"" class=""js""><!-- <![endif]-->",2026-04-16,2026-04-16T18:30:30.274956,title,high,document_date,2023-12-28,high,,,derived,,amendment_or_update,https://daa.uit.edu.vn/sites/daa/files/202312/1376_qd-dhcntt_28-12-2023_cap_nhat_quy_dinh_to_chuc_thi.pdf,206,true,metadata_file_path,from_metadata
219,C:\Users\hoang\Downloads\project\uit_firecrawl_new\firecrawl\data\daa\quydinh_huongdan\qui-che-qui-dinh-qui-trinh\07-quyet-dinh-ve-viec-ban-hanh-quy-dinh-to-chuc-thi-tap-trung-cac-mon-hoc-he-dhcq\1376_qd-dhcntt_28-12-2023_cap_nhat_quy_dinh_to_chuc_thi.pdf,daa/quydinh_huongdan/qui-che-qui-dinh-qui-trinh/07-quyet-dinh-ve-viec-ban-hanh-quy-dinh-to-chuc-thi-tap-trung-cac-mon-hoc-he-dhcq/1376_qd-dhcntt_28-12-2023_cap_nhat_quy_dinh_to_chuc_thi.pdf,1376_qd-dhcntt_28-12-2023_cap_nhat_quy_dinh_to_chuc_thi.pdf,2023-12-28,2023-12-28,2022-12-20,,"<!DOCTYPE html><html lang=""vi"" dir=""ltr"" class=""js""><!-- <![endif]-->",,2025-11-09T16:45:43.391315,title,high,document_date,2023-12-28,high,,,derived,,amendment_or_update,https://daa.uit.edu.vn/sites/daa/files/202312/1376_qd-dhcntt_28-12-2023_cap_nhat_quy_dinh_to_chuc_thi.pdf,206,true,cached_exact_name,discovered_from_filesystem
220,C:\Users\hoang\Downloads\project\uit_firecrawl_new\firecrawl\data\daa\quydinh_huongdan\qui-che-qui-dinh-qui-trinh\01-quyet-dinh-ve-viec-ban-hanh-quy-che-dao-9caf747a\1393-qd-dhcntt_29-12-2023_cap_nhat_quy_che_dao_tao_theo_hoc_che_tin_chi_cho_he_dai_-02fb91d2.pdf,daa/quydinh_huongdan/qui-che-qui-dinh-qui-trinh/01-quyet-dinh-ve-viec-ban-hanh-quy-che-dao-9caf747a/1393-qd-dhcntt_29-12-2023_cap_nhat_quy_che_dao_tao_theo_hoc_che_tin_chi_cho_he_dai_-02fb91d2.pdf,1393-qd-dhcntt_29-12-2023_cap_nhat_quy_che_dao_tao_theo_hoc_che_tin_chi_cho_he_dai_-02fb91d2.pdf,2023-12-29,2023-12-29,2023-12-29,,01\. Quyết định về việc ban hành Quy chế đào tạo theo học chế tín chỉ,,2026-04-16T18:12:39.840830,title,high,document_date,2023-12-29,high,,,derived,,amendment_or_update,https://daa.uit.edu.vn/sites/daa/files/202401/1393-qd-dhcntt_29-12-2023_cap_nhat_quy_che_dao_tao_theo_hoc_che_tin_chi_cho_he_dai_hoc_chinh_quy.pdf,206,true,local_sidecar_page,discovered_from_filesystem
221,C:\Users\hoang\Downloads\project\uit_firecrawl_new\firecrawl\data\daa\quydinh_huongdan\qui-che-qui-dinh-qui-trinh\01-quyet-dinh-ve-viec-ban-hanh-quy-che-dao-tao-theo-hoc-che-tin-chi\1393-qd-dhcntt_29-12-2023_cap_nhat_quy_che_dao_tao_theo_hoc_che_tin_chi_cho_he_dai_hoc_chinh_quy.pdf,daa/quydinh_huongdan/qui-che-qui-dinh-qui-trinh/01-quyet-dinh-ve-viec-ban-hanh-quy-che-dao-tao-theo-hoc-che-tin-chi/1393-qd-dhcntt_29-12-2023_cap_nhat_quy_che_dao_tao_theo_hoc_che_tin_chi_cho_he_dai_hoc_chinh_quy.pdf,1393-qd-dhcntt_29-12-2023_cap_nhat_quy_che_dao_tao_theo_hoc_che_tin_chi_cho_he_dai_hoc_chinh_quy.pdf,2023-12-29,2023-12-29,2023-12-29,,01\. Quyết định về việc ban hành Quy chế đào tạo theo học chế tín chỉ,,2025-11-09T16:41:12.931015,title,high,document_date,2023-12-29,high,,,derived,,amendment_or_update,https://daa.uit.edu.vn/sites/daa/files/202401/1393-qd-dhcntt_29-12-2023_cap_nhat_quy_che_dao_tao_theo_hoc_che_tin_chi_cho_he_dai_hoc_chinh_quy.pdf,206,true,cached_exact_name,discovered_from_filesystem
222,C:\Users\hoang\Downloads\project\uit_firecrawl_new\firecrawl\data\daa\quydinh_huongdan\qui-che-qui-dinh-qui-trinh\01-quyet-dinh-ve-viec-ban-hanh-quy-che-dao-9caf747a\790-qd-dhcntt_28-9-22_quy_che_dao_tao-3d214c3e.pdf,daa/quydinh_huongdan/qui-che-qui-dinh-qui-trinh/01-quyet-dinh-ve-viec-ban-hanh-quy-che-dao-9caf747a/790-qd-dhcntt_28-9-22_quy_che_dao_tao-3d214c3e.pdf,790-qd-dhcntt_28-9-22_quy_che_dao_tao-3d214c3e.pdf,,,2023-12-29,,01\. Quyết định về việc ban hành Quy chế đào tạo theo học chế tín chỉ,,2026-04-16T18:12:39.564919,missing,low,source_page_date,2023-12-29,medium,,,derived,,base_or_unknown,https://daa.uit.edu.vn/sites/daa/files/202309/790-qd-dhcntt_28-9-22_quy_che_dao_tao.pdf,206,true,cached_normalized_name,discovered_from_filesystem
223,C:\Users\hoang\Downloads\project\uit_firecrawl_new\firecrawl\data\daa\quydinh_huongdan\qui-che-qui-dinh-qui-trinh\01-quyet-dinh-ve-viec-ban-hanh-quy-che-dao-tao-theo-hoc-che-tin-chi\790-qd-dhcntt_28-9-22_quy_che_dao_tao.pdf,daa/quydinh_huongdan/qui-che-qui-dinh-qui-trinh/01-quyet-dinh-ve-viec-ban-hanh-quy-che-dao-tao-theo-hoc-che-tin-chi/790-qd-dhcntt_28-9-22_quy_che_dao_tao.pdf,790-qd-dhcntt_28-9-22_quy_che_dao_tao.pdf,,,2023-12-29,,01\. Quyết định về việc ban hành Quy chế đào tạo theo học chế tín chỉ,,2025-11-09T16:41:12.854449,missing,low,source_page_date,2023-12-29,medium,,,derived,,base_or_unknown,https://daa.uit.edu.vn/sites/daa/files/202309/790-qd-dhcntt_28-9-22_quy_che_dao_tao.pdf,206,true,cached_exact_name,discovered_from_filesystem
224,C:\Users\hoang\Downloads\project\uit_firecrawl_new\firecrawl\data\daa\quydinh_huongdan\quyche-bogddt\pdf\30-2023-tt-bgddt_29-12-23_ung_dung_cntt_trong_dao_tao_truc_tuyen-d0f4e2b2.pdf,daa/quydinh_huongdan/quyche-bogddt/pdf/30-2023-tt-bgddt_29-12-23_ung_dung_cntt_trong_dao_tao_truc_tuyen-d0f4e2b2.pdf,30-2023-tt-bgddt_29-12-23_ung_dung_cntt_trong_dao_tao_truc_tuyen-d0f4e2b2.pdf,2024-01-10,2024-01-10,2020-07-27,,"Quy chế, Quy định đào tạo đại học của Bộ GDĐT",,2026-04-16T18:13:00.920341,pdf_text,medium,document_date,2024-01-10,high,,,derived,,base_or_unknown,https://daa.uit.edu.vn/sites/daa/files/202401/30-2023-tt-bgddt_29-12-23_ung_dung_cntt_trong_dao_tao_truc_tuyen.pdf,206,true,cached_normalized_name,discovered_from_filesystem
225,C:\Users\hoang\Downloads\project\uit_firecrawl_new\firecrawl\data\daa\quydinh_huongdan\quyche-bogddt\pdf\30-2023-tt-bgddt_29-12-23_ung_dung_cntt_trong_dao_tao_truc_tuyen.pdf,daa/quydinh_huongdan/quyche-bogddt/pdf/30-2023-tt-bgddt_29-12-23_ung_dung_cntt_trong_dao_tao_truc_tuyen.pdf,30-2023-tt-bgddt_29-12-23_ung_dung_cntt_trong_dao_tao_truc_tuyen.pdf,2024-01-10,2024-01-10,2020-07-27,,"Quy chế, Quy định đào tạo đại học của Bộ GDĐT",,2025-11-09T17:10:23.042967,pdf_text,medium,document_date,2024-01-10,high,,,derived,,base_or_unknown,https://daa.uit.edu.vn/sites/daa/files/202401/30-2023-tt-bgddt_29-12-23_ung_dung_cntt_trong_dao_tao_truc_tuyen.pdf,206,true,cached_exact_name,discovered_from_filesystem
226,C:\Users\hoang\Downloads\project\uit_firecrawl_new\firecrawl\data\daa\quydinh_huongdan\qui-che-qui-dinh-qui-trinh\28-quy-dinh-dao-tao-song-nganh-trinh-do-da-3cb20f38\112-qd-dhcntt_01-02-2024_quy_dinh_dao_tao_song_nganh_trinh_do_dai_hoc_he_chinh_quy-1be5b2de.pdf,daa/quydinh_huongdan/qui-che-qui-dinh-qui-trinh/28-quy-dinh-dao-tao-song-nganh-trinh-do-da-3cb20f38/112-qd-dhcntt_01-02-2024_quy_dinh_dao_tao_song_nganh_trinh_do_dai_hoc_he_chinh_quy-1be5b2de.pdf,112-qd-dhcntt_01-02-2024_quy_dinh_dao_tao_song_nganh_trinh_do_dai_hoc_he_chinh_quy-1be5b2de.pdf,2024-02-01,2024-02-01,2024-02-01,,28\. Quy định đào tạo song ngành trình độ đại học hệ chính quy,,2026-04-16T18:12:42.030814,title,high,document_date,2024-02-01,high,,,derived,,base_or_unknown,https://daa.uit.edu.vn/sites/daa/files/202402/112-qd-dhcntt_01-02-2024_quy_dinh_dao_tao_song_nganh_trinh_do_dai_hoc_he_chinh_quy.pdf,206,true,local_sidecar_page,discovered_from_filesystem
227,C:\Users\hoang\Downloads\project\uit_firecrawl_new\firecrawl\data\daa\quydinh_huongdan\qui-che-qui-dinh-qui-trinh\28-quy-dinh-dao-tao-song-nganh-trinh-do-dai-hoc-he-chinh-quy\112-qd-dhcntt_01-02-2024_quy_dinh_dao_tao_song_nganh_trinh_do_dai_hoc_he_chinh_quy.pdf,daa/quydinh_huongdan/qui-che-qui-dinh-qui-trinh/28-quy-dinh-dao-tao-song-nganh-trinh-do-dai-hoc-he-chinh-quy/112-qd-dhcntt_01-02-2024_quy_dinh_dao_tao_song_nganh_trinh_do_dai_hoc_he_chinh_quy.pdf,112-qd-dhcntt_01-02-2024_quy_dinh_dao_tao_song_nganh_trinh_do_dai_hoc_he_chinh_quy.pdf,2024-02-01,2024-02-01,2024-02-01,,28\. Quy định đào tạo song ngành trình độ đại học hệ chính quy,,2025-11-09T17:00:43.951475,title,high,document_date,2024-02-01,high,,,derived,,base_or_unknown,https://daa.uit.edu.vn/sites/daa/files/202402/112-qd-dhcntt_01-02-2024_quy_dinh_dao_tao_song_nganh_trinh_do_dai_hoc_he_chinh_quy.pdf,206,true,cached_exact_name,discovered_from_filesystem
228,C:\Users\hoang\Downloads\project\uit_firecrawl_new\firecrawl\data\daa\quydinh_huongdan\huong-dan-sinh-vien\06-quyet-dinh-ve-viec-ban-hanh-quy-dinh-ve-eb553924\159-qd-dhcntt_05-03-2024_ban_hanh_quy_dinh_kltn-709edb5e.pdf,daa/quydinh_huongdan/huong-dan-sinh-vien/06-quyet-dinh-ve-viec-ban-hanh-quy-dinh-ve-eb553924/159-qd-dhcntt_05-03-2024_ban_hanh_quy_dinh_kltn-709edb5e.pdf,159-qd-dhcntt_05-03-2024_ban_hanh_quy_dinh_kltn-709edb5e.pdf,2024-03-05,2024-03-05,2024-03-05,,06\. Quyết định về việc ban hành Quy định về khóa luận tốt nghiệp cho SV hệ CQ,2026-04-16,2026-04-16T18:30:27.040181,title,high,document_date,2024-03-05,high,,,derived,,base_or_unknown,https://daa.uit.edu.vn/sites/daa/files/202410/159-qd-dhcntt_05-03-2024_ban_hanh_quy_dinh_kltn.pdf,206,true,metadata_file_path,from_metadata
229,C:\Users\hoang\Downloads\project\uit_firecrawl_new\firecrawl\data\daa\quydinh_huongdan\huong-dan-sinh-vien\06-quyet-dinh-ve-viec-ban-hanh-quy-dinh-ve-khoa-luan-tot-nghiep-cho-sv-he-cq\159-qd-dhcntt_05-03-2024_ban_hanh_quy_dinh_kltn.pdf,daa/quydinh_huongdan/huong-dan-sinh-vien/06-quyet-dinh-ve-viec-ban-hanh-quy-dinh-ve-khoa-luan-tot-nghiep-cho-sv-he-cq/159-qd-dhcntt_05-03-2024_ban_hanh_quy_dinh_kltn.pdf,159-qd-dhcntt_05-03-2024_ban_hanh_quy_dinh_kltn.pdf,2024-03-05,2024-03-05,2024-03-05,,06\. Quyết định về việc ban hành Quy định về khóa luận tốt nghiệp cho SV hệ CQ,,2025-11-09T16:44:57.882336,title,high,document_date,2024-03-05,high,,,derived,,base_or_unknown,https://daa.uit.edu.vn/sites/daa/files/202410/159-qd-dhcntt_05-03-2024_ban_hanh_quy_dinh_kltn.pdf,206,true,cached_exact_name,discovered_from_filesystem
230,C:\Users\hoang\Downloads\project\uit_firecrawl_new\firecrawl\data\daa\quydinh_huongdan\quyche-bogddt\pdf\cv960_240307_bo_gddt_thuc_hien_quy_dinh_ve_quan_ly_chat_luong-f0ccdf72.pdf,daa/quydinh_huongdan/quyche-bogddt/pdf/cv960_240307_bo_gddt_thuc_hien_quy_dinh_ve_quan_ly_chat_luong-f0ccdf72.pdf,cv960_240307_bo_gddt_thuc_hien_quy_dinh_ve_quan_ly_chat_luong-f0ccdf72.pdf,2024-03-08,2024-03-08,2021-03-18,,"Quy chế, Quy định đào tạo đại học của Bộ GDĐT",,2026-04-16T18:13:01.651218,pdf_text,medium,document_date,2024-03-08,high,,,derived,,base_or_unknown,https://daa.uit.edu.vn/sites/daa/files/202404/cv960_240307_bo_gddt_thuc_hien_quy_dinh_ve_quan_ly_chat_luong.pdf,206,true,cached_normalized_name,discovered_from_filesystem
231,C:\Users\hoang\Downloads\project\uit_firecrawl_new\firecrawl\data\daa\quydinh_huongdan\quyche-bogddt\pdf\cv960_240307_bo_gddt_thuc_hien_quy_dinh_ve_quan_ly_chat_luong.pdf,daa/quydinh_huongdan/quyche-bogddt/pdf/cv960_240307_bo_gddt_thuc_hien_quy_dinh_ve_quan_ly_chat_luong.pdf,cv960_240307_bo_gddt_thuc_hien_quy_dinh_ve_quan_ly_chat_luong.pdf,2024-03-08,2024-03-08,2021-03-18,,"Quy chế, Quy định đào tạo đại học của Bộ GDĐT",,2025-11-09T17:10:23.286537,pdf_text,medium,document_date,2024-03-08,high,,,derived,,base_or_unknown,https://daa.uit.edu.vn/sites/daa/files/202404/cv960_240307_bo_gddt_thuc_hien_quy_dinh_ve_quan_ly_chat_luong.pdf,206,true,cached_exact_name,discovered_from_filesystem
232,C:\Users\hoang\Downloads\project\uit_firecrawl_new\firecrawl\data\daa\quydinh_huongdan\qui-che-qui-dinh-qui-trinh\33-quy-che-tuyen-sinh-hinh-thuc-dao-tao-tu-xa-trinh-do-dai-hoc\213-qd-dhcntt_19-3-2024_pdf.pdf,daa/quydinh_huongdan/qui-che-qui-dinh-qui-trinh/33-quy-che-tuyen-sinh-hinh-thuc-dao-tao-tu-xa-trinh-do-dai-hoc/213-qd-dhcntt_19-3-2024_pdf.pdf,213-qd-dhcntt_19-3-2024_pdf.pdf,2024-03-19,2024-03-19,2024-03-19,,33\. Quy chế tuyển sinh hình thức đào tạo từ xa trình độ đại học,,2025-11-09T17:04:29.859696,title,high,document_date,2024-03-19,high,,,derived,,base_or_unknown,https://daa.uit.edu.vn/sites/daa/files/202410/213-qd-dhcntt_19-3-2024_pdf.pdf,206,true,local_sidecar_page,discovered_from_filesystem
233,C:\Users\hoang\Downloads\project\uit_firecrawl_new\firecrawl\data\daa\quydinh_huongdan\huong-dan-chuan-qua-trinh\pdf\364-qd-dhcntt_22-04-2024_sua_doi_quy_dinh_dao_tao_ngoai_ngu-9fb284dc.pdf,daa/quydinh_huongdan/huong-dan-chuan-qua-trinh/pdf/364-qd-dhcntt_22-04-2024_sua_doi_quy_dinh_dao_tao_ngoai_ngu-9fb284dc.pdf,364-qd-dhcntt_22-04-2024_sua_doi_quy_dinh_dao_tao_ngoai_ngu-9fb284dc.pdf,2024-04-22,2024-04-22,2022-10-04,,"<!DOCTYPE html><html lang=""vi"" dir=""ltr"" class=""js""><!-- <![endif]-->",,2026-04-16T18:13:23.163184,title,high,document_date,2024-04-22,high,,,derived,,amendment_or_update,https://daa.uit.edu.vn/sites/daa/files/202404/364-qd-dhcntt_22-04-2024_sua_doi_quy_dinh_dao_tao_ngoai_ngu.pdf,206,true,cached_normalized_name,discovered_from_filesystem
234,C:\Users\hoang\Downloads\project\uit_firecrawl_new\firecrawl\data\daa\quydinh_huongdan\huong-dan-chuan-qua-trinh\pdf\364-qd-dhcntt_22-04-2024_sua_doi_quy_dinh_dao_tao_ngoai_ngu.pdf,daa/quydinh_huongdan/huong-dan-chuan-qua-trinh/pdf/364-qd-dhcntt_22-04-2024_sua_doi_quy_dinh_dao_tao_ngoai_ngu.pdf,364-qd-dhcntt_22-04-2024_sua_doi_quy_dinh_dao_tao_ngoai_ngu.pdf,2024-04-22,2024-04-22,2022-10-04,,"<!DOCTYPE html><html lang=""vi"" dir=""ltr"" class=""js""><!-- <![endif]-->",,2025-11-09T17:14:31.288336,title,high,document_date,2024-04-22,high,,,derived,,amendment_or_update,https://daa.uit.edu.vn/sites/daa/files/202404/364-qd-dhcntt_22-04-2024_sua_doi_quy_dinh_dao_tao_ngoai_ngu.pdf,206,true,cached_exact_name,discovered_from_filesystem
235,C:\Users\hoang\Downloads\project\uit_firecrawl_new\firecrawl\data\daa\quydinh_huongdan\qui-che-qui-dinh-qui-trinh\05-quy-dinh-dao-tao-ngoai-ngu-doi-voi-he-d-7673d143\364-qd-dhcntt_22-04-2024_sua_doi_quy_dinh_dao_tao_ngoai_ngu-9fb284dc.pdf,daa/quydinh_huongdan/qui-che-qui-dinh-qui-trinh/05-quy-dinh-dao-tao-ngoai-ngu-doi-voi-he-d-7673d143/364-qd-dhcntt_22-04-2024_sua_doi_quy_dinh_dao_tao_ngoai_ngu-9fb284dc.pdf,364-qd-dhcntt_22-04-2024_sua_doi_quy_dinh_dao_tao_ngoai_ngu-9fb284dc.pdf,2024-04-22,2024-04-22,2022-10-04,,"<!DOCTYPE html><html lang=""vi"" dir=""ltr"" class=""js""><!-- <![endif]-->",2026-04-16,2026-04-16T18:30:34.439630,title,high,document_date,2024-04-22,high,,,derived,,amendment_or_update,https://daa.uit.edu.vn/sites/daa/files/202404/364-qd-dhcntt_22-04-2024_sua_doi_quy_dinh_dao_tao_ngoai_ngu.pdf,206,true,metadata_file_path,from_metadata
236,C:\Users\hoang\Downloads\project\uit_firecrawl_new\firecrawl\data\daa\quydinh_huongdan\qui-che-qui-dinh-qui-trinh\05-quy-dinh-dao-tao-ngoai-ngu-doi-voi-he-dai-hoc-chinh-quy-cua-truong-dhcntt\364-qd-dhcntt_22-04-2024_sua_doi_quy_dinh_dao_tao_ngoai_ngu.pdf,daa/quydinh_huongdan/qui-che-qui-dinh-qui-trinh/05-quy-dinh-dao-tao-ngoai-ngu-doi-voi-he-dai-hoc-chinh-quy-cua-truong-dhcntt/364-qd-dhcntt_22-04-2024_sua_doi_quy_dinh_dao_tao_ngoai_ngu.pdf,364-qd-dhcntt_22-04-2024_sua_doi_quy_dinh_dao_tao_ngoai_ngu.pdf,2024-04-22,2024-04-22,2022-10-04,,"<!DOCTYPE html><html lang=""vi"" dir=""ltr"" class=""js""><!-- <![endif]-->",,2025-11-09T16:44:18.503040,title,high,document_date,2024-04-22,high,,,derived,,amendment_or_update,https://daa.uit.edu.vn/sites/daa/files/202404/364-qd-dhcntt_22-04-2024_sua_doi_quy_dinh_dao_tao_ngoai_ngu.pdf,206,true,cached_exact_name,discovered_from_filesystem
237,C:\Users\hoang\Downloads\project\uit_firecrawl_new\firecrawl\data\daa\quydinh_huongdan\qui-che-qui-dinh-qui-trinh\09-quyet-dinh-ve-viec-ban-hanh-quy-che-dao-tao-cho-sinh-vien-he-dao-tao-tu-xa-trinh-do-dai-hoc\507-qd-dhcntt-27-5-2024_quy_che_dao_tao_cho_sinh_vien.pdf,daa/quydinh_huongdan/qui-che-qui-dinh-qui-trinh/09-quyet-dinh-ve-viec-ban-hanh-quy-che-dao-tao-cho-sinh-vien-he-dao-tao-tu-xa-trinh-do-dai-hoc/507-qd-dhcntt-27-5-2024_quy_che_dao_tao_cho_sinh_vien.pdf,507-qd-dhcntt-27-5-2024_quy_che_dao_tao_cho_sinh_vien.pdf,2024-05-27,2024-05-27,2024-05-27,,09\. Quyết định về việc ban hành Quy chế đào tạo cho sinh viên hệ đào tạo từ xa trình độ đại học,,2025-11-09T16:47:12.991415,title,high,document_date,2024-05-27,high,,,derived,,base_or_unknown,https://daa.uit.edu.vn/sites/daa/files/202412/507-qd-dhcntt-27-5-2024_quy_che_dao_tao_cho_sinh_vien.pdf,206,true,local_sidecar_page,discovered_from_filesystem
238,C:\Users\hoang\Downloads\project\uit_firecrawl_new\firecrawl\data\daa\quydinh_huongdan\huong-dan-chuan-qua-trinh\pdf\560-qd-dhcntt_5-6-2024_sua_doi_quy_dinh_dao_tao_ngoai_ngu_doi_voi_he_dai_hoc_chinh_-b892aabc.pdf,daa/quydinh_huongdan/huong-dan-chuan-qua-trinh/pdf/560-qd-dhcntt_5-6-2024_sua_doi_quy_dinh_dao_tao_ngoai_ngu_doi_voi_he_dai_hoc_chinh_-b892aabc.pdf,560-qd-dhcntt_5-6-2024_sua_doi_quy_dinh_dao_tao_ngoai_ngu_doi_voi_he_dai_hoc_chinh_-b892aabc.pdf,2024-06-05,2024-06-05,2024-04-22,,"<!DOCTYPE html><html lang=""vi"" dir=""ltr"" class=""js""><!-- <![endif]-->",,2026-04-16T18:13:24.615804,title,high,document_date,2024-06-05,high,,,derived,,amendment_or_update,https://daa.uit.edu.vn/sites/daa/files/202406/560-qd-dhcntt_5-6-2024_sua_doi_quy_dinh_dao_tao_ngoai_ngu_doi_voi_he_dai_hoc_chinh_quy.pdf,206,true,cached_fuzzy_name,discovered_from_filesystem
239,C:\Users\hoang\Downloads\project\uit_firecrawl_new\firecrawl\data\daa\quydinh_huongdan\huong-dan-chuan-qua-trinh\pdf\560-qd-dhcntt_5-6-2024_sua_doi_quy_dinh_dao_tao_ngoai_ngu_doi_voi_he_dai_hoc_chinh_quy.pdf,daa/quydinh_huongdan/huong-dan-chuan-qua-trinh/pdf/560-qd-dhcntt_5-6-2024_sua_doi_quy_dinh_dao_tao_ngoai_ngu_doi_voi_he_dai_hoc_chinh_quy.pdf,560-qd-dhcntt_5-6-2024_sua_doi_quy_dinh_dao_tao_ngoai_ngu_doi_voi_he_dai_hoc_chinh_quy.pdf,2024-06-05,2024-06-05,2024-04-22,,"<!DOCTYPE html><html lang=""vi"" dir=""ltr"" class=""js""><!-- <![endif]-->",,2025-11-09T17:14:31.677812,title,high,document_date,2024-06-05,high,,,derived,,amendment_or_update,https://daa.uit.edu.vn/sites/daa/files/202406/560-qd-dhcntt_5-6-2024_sua_doi_quy_dinh_dao_tao_ngoai_ngu_doi_voi_he_dai_hoc_chinh_quy.pdf,206,true,cached_exact_name,discovered_from_filesystem
240,C:\Users\hoang\Downloads\project\uit_firecrawl_new\firecrawl\data\daa\quydinh_huongdan\qui-che-qui-dinh-qui-trinh\05-quy-dinh-dao-tao-ngoai-ngu-doi-voi-he-d-7673d143\560-qd-dhcntt_5-6-2024_sua_doi_quy_dinh_dao_tao_ngoai_ngu_doi_voi_he_dai_hoc_chinh_-b892aabc.pdf,daa/quydinh_huongdan/qui-che-qui-dinh-qui-trinh/05-quy-dinh-dao-tao-ngoai-ngu-doi-voi-he-d-7673d143/560-qd-dhcntt_5-6-2024_sua_doi_quy_dinh_dao_tao_ngoai_ngu_doi_voi_he_dai_hoc_chinh_-b892aabc.pdf,560-qd-dhcntt_5-6-2024_sua_doi_quy_dinh_dao_tao_ngoai_ngu_doi_voi_he_dai_hoc_chinh_-b892aabc.pdf,2024-06-05,2024-06-05,2024-04-22,,"<!DOCTYPE html><html lang=""vi"" dir=""ltr"" class=""js""><!-- <![endif]-->",2026-04-16,2026-04-16T18:30:34.546703,title,high,document_date,2024-06-05,high,,,derived,,amendment_or_update,https://daa.uit.edu.vn/sites/daa/files/202406/560-qd-dhcntt_5-6-2024_sua_doi_quy_dinh_dao_tao_ngoai_ngu_doi_voi_he_dai_hoc_chinh_quy.pdf,206,true,metadata_file_path,from_metadata
241,C:\Users\hoang\Downloads\project\uit_firecrawl_new\firecrawl\data\daa\quydinh_huongdan\qui-che-qui-dinh-qui-trinh\05-quy-dinh-dao-tao-ngoai-ngu-doi-voi-he-dai-hoc-chinh-quy-cua-truong-dhcntt\560-qd-dhcntt_5-6-2024_sua_doi_quy_dinh_dao_tao_ngoai_ngu_doi_voi_he_dai_hoc_chinh_quy.pdf,daa/quydinh_huongdan/qui-che-qui-dinh-qui-trinh/05-quy-dinh-dao-tao-ngoai-ngu-doi-voi-he-dai-hoc-chinh-quy-cua-truong-dhcntt/560-qd-dhcntt_5-6-2024_sua_doi_quy_dinh_dao_tao_ngoai_ngu_doi_voi_he_dai_hoc_chinh_quy.pdf,560-qd-dhcntt_5-6-2024_sua_doi_quy_dinh_dao_tao_ngoai_ngu_doi_voi_he_dai_hoc_chinh_quy.pdf,2024-06-05,2024-06-05,2024-04-22,,"<!DOCTYPE html><html lang=""vi"" dir=""ltr"" class=""js""><!-- <![endif]-->",,2025-11-09T16:44:18.842782,title,high,document_date,2024-06-05,high,,,derived,,amendment_or_update,https://daa.uit.edu.vn/sites/daa/files/202406/560-qd-dhcntt_5-6-2024_sua_doi_quy_dinh_dao_tao_ngoai_ngu_doi_voi_he_dai_hoc_chinh_quy.pdf,206,true,cached_exact_name,discovered_from_filesystem
242,C:\Users\hoang\Downloads\project\uit_firecrawl_new\firecrawl\data\daa\quydinh_huongdan\huong-dan-sinh-vien\29-quy-dinh-ve-do-an-tot-nghiep-tai-doanh-nghiep\697-qd-dhcntt_12-7-2024_quy_dinh_do_an_tot_nghiep_tai_doanh_nghiep-6d3b4039.pdf,daa/quydinh_huongdan/huong-dan-sinh-vien/29-quy-dinh-ve-do-an-tot-nghiep-tai-doanh-nghiep/697-qd-dhcntt_12-7-2024_quy_dinh_do_an_tot_nghiep_tai_doanh_nghiep-6d3b4039.pdf,697-qd-dhcntt_12-7-2024_quy_dinh_do_an_tot_nghiep_tai_doanh_nghiep-6d3b4039.pdf,2024-07-12,2024-07-12,2024-07-12,,29\. Quy định về đồ án tốt nghiệp tại doanh nghiệp,,2026-04-16T18:12:44.104187,title,high,document_date,2024-07-12,high,,,derived,,base_or_unknown,https://daa.uit.edu.vn/sites/daa/files/202407/697-qd-dhcntt_12-7-2024_quy_dinh_do_an_tot_nghiep_tai_doanh_nghiep.pdf,206,true,local_sidecar_page,discovered_from_filesystem
243,C:\Users\hoang\Downloads\project\uit_firecrawl_new\firecrawl\data\daa\quydinh_huongdan\huong-dan-sinh-vien\29-quy-dinh-ve-do-an-tot-nghiep-tai-doanh-nghiep\697-qd-dhcntt_12-7-2024_quy_dinh_do_an_tot_nghiep_tai_doanh_nghiep.pdf,daa/quydinh_huongdan/huong-dan-sinh-vien/29-quy-dinh-ve-do-an-tot-nghiep-tai-doanh-nghiep/697-qd-dhcntt_12-7-2024_quy_dinh_do_an_tot_nghiep_tai_doanh_nghiep.pdf,697-qd-dhcntt_12-7-2024_quy_dinh_do_an_tot_nghiep_tai_doanh_nghiep.pdf,2024-07-12,2024-07-12,2024-07-12,,29\. Quy định về đồ án tốt nghiệp tại doanh nghiệp,,2025-11-09T17:01:29.962640,title,high,document_date,2024-07-12,high,,,derived,,base_or_unknown,https://daa.uit.edu.vn/sites/daa/files/202407/697-qd-dhcntt_12-7-2024_quy_dinh_do_an_tot_nghiep_tai_doanh_nghiep.pdf,206,true,cached_exact_name,discovered_from_filesystem
244,C:\Users\hoang\Downloads\project\uit_firecrawl_new\firecrawl\data\daa\quydinh_huongdan\huong-dan-sinh-vien\32-quy-trinh-canh-bao-sinh-vien-he-dai-hoc-b3da5d48\832_qd-dhcntt12-8-2024-2185ee21.pdf,daa/quydinh_huongdan/huong-dan-sinh-vien/32-quy-trinh-canh-bao-sinh-vien-he-dai-hoc-b3da5d48/832_qd-dhcntt12-8-2024-2185ee21.pdf,832_qd-dhcntt12-8-2024-2185ee21.pdf,2024-08-12,2024-08-12,2024-08-12,,32\. Quy trình cảnh báo sinh viên hệ đại học chính quy về kết quả đăng ký học phần và kết quả học tập,2026-04-16,2026-04-16T18:30:30.807748,title,high,document_date,2024-08-12,high,,,derived,,base_or_unknown,https://daa.uit.edu.vn/sites/daa/files/202409/832_qd-dhcntt12-8-2024.pdf,206,true,metadata_file_path,from_metadata
245,C:\Users\hoang\Downloads\project\uit_firecrawl_new\firecrawl\data\daa\quydinh_huongdan\huong-dan-sinh-vien\32-quy-trinh-canh-bao-sinh-vien-he-dai-hoc-chinh-quy-ve-ket-qua-dang-ky-hoc-phan-va-ket-qua-hoc-tap\832_qd-dhcntt12-8-2024.pdf,daa/quydinh_huongdan/huong-dan-sinh-vien/32-quy-trinh-canh-bao-sinh-vien-he-dai-hoc-chinh-quy-ve-ket-qua-dang-ky-hoc-phan-va-ket-qua-hoc-tap/832_qd-dhcntt12-8-2024.pdf,832_qd-dhcntt12-8-2024.pdf,2024-08-12,2024-08-12,2024-08-12,,32\. Quy trình cảnh báo sinh viên hệ đại học chính quy về kết quả đăng ký học phần và kết quả học tập,,2025-11-09T17:03:43.510397,title,high,document_date,2024-08-12,high,,,derived,,base_or_unknown,https://daa.uit.edu.vn/sites/daa/files/202409/832_qd-dhcntt12-8-2024.pdf,206,true,cached_exact_name,discovered_from_filesystem
246,C:\Users\hoang\Downloads\project\uit_firecrawl_new\firecrawl\data\daa\quydinh_huongdan\qui-che-qui-dinh-qui-trinh\39-quy-dinh-ve-liem-chinh-hoc-thuat-tai-tr-b5455341\851-qd-dhcntt-14-08-2024-scan-f8fae5c0.pdf,daa/quydinh_huongdan/qui-che-qui-dinh-qui-trinh/39-quy-dinh-ve-liem-chinh-hoc-thuat-tai-tr-b5455341/851-qd-dhcntt-14-08-2024-scan-f8fae5c0.pdf,851-qd-dhcntt-14-08-2024-scan-f8fae5c0.pdf,2024-08-14,2024-08-14,2024-08-14,,39.Quy định về Liêm chính học thuật tại Trường Đại học Công nghệ Thông tin,2026-04-16,2026-04-16T18:30:36.092098,title,high,document_date,2024-08-14,high,,,derived,,base_or_unknown,https://daa.uit.edu.vn/sites/daa/files/202510/851-qd-dhcntt-14-08-2024-scan.pdf,206,true,metadata_file_path,from_metadata
247,C:\Users\hoang\Downloads\project\uit_firecrawl_new\firecrawl\data\daa\quydinh_huongdan\qui-che-qui-dinh-qui-trinh\39-quy-dinh-ve-liem-chinh-hoc-thuat-tai-truong-dai-hoc-cong-nghe-thong-tin\851-qd-dhcntt-14-08-2024-scan.pdf,daa/quydinh_huongdan/qui-che-qui-dinh-qui-trinh/39-quy-dinh-ve-liem-chinh-hoc-thuat-tai-truong-dai-hoc-cong-nghe-thong-tin/851-qd-dhcntt-14-08-2024-scan.pdf,851-qd-dhcntt-14-08-2024-scan.pdf,2024-08-14,2024-08-14,2024-08-14,,39.Quy định về Liêm chính học thuật tại Trường Đại học Công nghệ Thông tin,,2025-11-09T17:09:00.070807,title,high,document_date,2024-08-14,high,,,derived,,base_or_unknown,https://daa.uit.edu.vn/sites/daa/files/202510/851-qd-dhcntt-14-08-2024-scan.pdf,206,true,cached_exact_name,discovered_from_filesystem
248,C:\Users\hoang\Downloads\project\uit_firecrawl_new\firecrawl\data\daa\quydinh_huongdan\qui-che-qui-dinh-qui-trinh\03-quyet-dinh-ve-viec-ban-hanh-quy-che-van-bang-chung-chi\1192-tb-dhcntt_25-10-2024_tu_ngu_su_dung_in_tren_plvb_bd_gxn_0.pdf,daa/quydinh_huongdan/qui-che-qui-dinh-qui-trinh/03-quyet-dinh-ve-viec-ban-hanh-quy-che-van-bang-chung-chi/1192-tb-dhcntt_25-10-2024_tu_ngu_su_dung_in_tren_plvb_bd_gxn_0.pdf,1192-tb-dhcntt_25-10-2024_tu_ngu_su_dung_in_tren_plvb_bd_gxn_0.pdf,2024-10-25,2024-10-25,2023-03-08,,"<!DOCTYPE html><html lang=""vi"" dir=""ltr"" class=""js""><!-- <![endif]-->",,2025-11-09T16:42:43.740789,title,high,document_date,2024-10-25,high,,,derived,,base_or_unknown,https://daa.uit.edu.vn/sites/daa/files/202412/1192-tb-dhcntt_25-10-2024_tu_ngu_su_dung_in_tren_plvb_bd_gxn_0.pdf,206,true,local_sidecar_page,discovered_from_filesystem
249,C:\Users\hoang\Downloads\project\uit_firecrawl_new\firecrawl\data\daa\quydinh_huongdan\quyche-bogddt\pdf\qd3566-bgddt_tieu_chi_va_quy_trinh_cong_nhan_cuoc_thi_olympic-c781f1d5.pdf,daa/quydinh_huongdan/quyche-bogddt/pdf/qd3566-bgddt_tieu_chi_va_quy_trinh_cong_nhan_cuoc_thi_olympic-c781f1d5.pdf,qd3566-bgddt_tieu_chi_va_quy_trinh_cong_nhan_cuoc_thi_olympic-c781f1d5.pdf,2024-11-17,2024-11-17,2021-03-18,,"<!DOCTYPE html><html lang=""vi"" dir=""ltr"" class=""js""><!-- <![endif]-->",,2026-04-16T18:13:09.096000,pdf_text,medium,document_date,2024-11-17,high,,,derived,,base_or_unknown,https://daa.uit.edu.vn/sites/daa/files/202411/qd3566-bgddt_tieu_chi_va_quy_trinh_cong_nhan_cuoc_thi_olympic.pdf,206,true,cached_normalized_name,discovered_from_filesystem
250,C:\Users\hoang\Downloads\project\uit_firecrawl_new\firecrawl\data\daa\quydinh_huongdan\quyche-bogddt\pdf\qd3566-bgddt_tieu_chi_va_quy_trinh_cong_nhan_cuoc_thi_olympic.pdf,daa/quydinh_huongdan/quyche-bogddt/pdf/qd3566-bgddt_tieu_chi_va_quy_trinh_cong_nhan_cuoc_thi_olympic.pdf,qd3566-bgddt_tieu_chi_va_quy_trinh_cong_nhan_cuoc_thi_olympic.pdf,2024-11-17,2024-11-17,2021-03-18,,"<!DOCTYPE html><html lang=""vi"" dir=""ltr"" class=""js""><!-- <![endif]-->",,2025-11-09T17:10:26.025640,pdf_text,medium,document_date,2024-11-17,high,,,derived,,base_or_unknown,https://daa.uit.edu.vn/sites/daa/files/202411/qd3566-bgddt_tieu_chi_va_quy_trinh_cong_nhan_cuoc_thi_olympic.pdf,206,true,cached_exact_name,discovered_from_filesystem
251,C:\Users\hoang\Downloads\project\uit_firecrawl_new\firecrawl\data\daa\quydinh_huongdan\quyche-bogddt\pdf\tt16_bgddt_20-11-2024_sua_doi_bo_sung_tt02_ve_mo_nganh_dao_tao-5a608f64.pdf,daa/quydinh_huongdan/quyche-bogddt/pdf/tt16_bgddt_20-11-2024_sua_doi_bo_sung_tt02_ve_mo_nganh_dao_tao-5a608f64.pdf,tt16_bgddt_20-11-2024_sua_doi_bo_sung_tt02_ve_mo_nganh_dao_tao-5a608f64.pdf,2024-11-20,2024-11-20,2024-11-20,,"Quy chế, Quy định đào tạo đại học của Bộ GDĐT",,2026-04-16T18:13:10.167733,title,high,document_date,2024-11-20,high,,,derived,,amendment_or_update,https://daa.uit.edu.vn/sites/daa/files/202411/tt16_bgddt_20-11-2024_sua_doi_bo_sung_tt02_ve_mo_nganh_dao_tao.pdf,206,true,cached_normalized_name,discovered_from_filesystem
252,C:\Users\hoang\Downloads\project\uit_firecrawl_new\firecrawl\data\daa\quydinh_huongdan\quyche-bogddt\pdf\tt16_bgddt_20-11-2024_sua_doi_bo_sung_tt02_ve_mo_nganh_dao_tao.pdf,daa/quydinh_huongdan/quyche-bogddt/pdf/tt16_bgddt_20-11-2024_sua_doi_bo_sung_tt02_ve_mo_nganh_dao_tao.pdf,tt16_bgddt_20-11-2024_sua_doi_bo_sung_tt02_ve_mo_nganh_dao_tao.pdf,2024-11-20,2024-11-20,2024-11-20,,"Quy chế, Quy định đào tạo đại học của Bộ GDĐT",,2025-11-09T17:10:26.543907,title,high,document_date,2024-11-20,high,,,derived,,amendment_or_update,https://daa.uit.edu.vn/sites/daa/files/202411/tt16_bgddt_20-11-2024_sua_doi_bo_sung_tt02_ve_mo_nganh_dao_tao.pdf,206,true,cached_exact_name,discovered_from_filesystem
253,C:\Users\hoang\Downloads\project\uit_firecrawl_new\firecrawl\data\daa\quydinh_huongdan\qui-che-qui-dinh-qui-trinh\34-quy-trinh-chuyen-sinh-vien-tu-hinh-thuc-dao-tao-chinh-quy-sang-hinh-thuc-dao-tao-tu-xa\1499-qd-dhcntt-10-12-2024.pdf,daa/quydinh_huongdan/qui-che-qui-dinh-qui-trinh/34-quy-trinh-chuyen-sinh-vien-tu-hinh-thuc-dao-tao-chinh-quy-sang-hinh-thuc-dao-tao-tu-xa/1499-qd-dhcntt-10-12-2024.pdf,1499-qd-dhcntt-10-12-2024.pdf,2024-12-10,2024-12-10,2024-12-10,,34\. Quy trình chuyển sinh viên từ hình thức đào tạo chính quy sang hình thức đào tạo từ xa,,2025-11-09T17:05:14.299546,title,high,document_date,2024-12-10,high,,,derived,,base_or_unknown,https://daa.uit.edu.vn/sites/daa/files/202412/1499-qd-dhcntt-10-12-2024.pdf,206,true,local_sidecar_page,discovered_from_filesystem
254,C:\Users\hoang\Downloads\project\uit_firecrawl_new\firecrawl\data\daa\quydinh_huongdan\quyche-dhqg-hcm\pdf\15_qd_dhqg_07_01_2025_quy_dinh_sua_doi_bo_sung_mot_so_dieu_cua_quy_dinh_mo_nganh_da-0af5c29e.pdf,daa/quydinh_huongdan/quyche-dhqg-hcm/pdf/15_qd_dhqg_07_01_2025_quy_dinh_sua_doi_bo_sung_mot_so_dieu_cua_quy_dinh_mo_nganh_da-0af5c29e.pdf,15_qd_dhqg_07_01_2025_quy_dinh_sua_doi_bo_sung_mot_so_dieu_cua_quy_dinh_mo_nganh_da-0af5c29e.pdf,2025-01-07,2025-01-07,2025-01-07,,"Quy chế, Quy định đào tạo đại học của ĐHQG-HCM",2026-04-16,2026-04-16T18:30:52.784621,title,high,document_date,2025-01-07,high,,,derived,,amendment_or_update,https://daa.uit.edu.vn/sites/daa/files/202502/15_qd_dhqg_07_01_2025_quy_dinh_sua_doi_bo_sung_mot_so_dieu_cua_quy_dinh_mo_nganh_dao_tao_trinh_do_dai_hoc_thac_si_tien_si.pdf,206,true,metadata_file_path,from_metadata
255,C:\Users\hoang\Downloads\project\uit_firecrawl_new\firecrawl\data\daa\quydinh_huongdan\quyche-dhqg-hcm\pdf\15_qd_dhqg_07_01_2025_quy_dinh_sua_doi_bo_sung_mot_so_dieu_cua_quy_dinh_mo_nganh_dao_tao_trinh_do_dai_hoc_thac_si_tien_si.pdf,daa/quydinh_huongdan/quyche-dhqg-hcm/pdf/15_qd_dhqg_07_01_2025_quy_dinh_sua_doi_bo_sung_mot_so_dieu_cua_quy_dinh_mo_nganh_dao_tao_trinh_do_dai_hoc_thac_si_tien_si.pdf,15_qd_dhqg_07_01_2025_quy_dinh_sua_doi_bo_sung_mot_so_dieu_cua_quy_dinh_mo_nganh_dao_tao_trinh_do_dai_hoc_thac_si_tien_si.pdf,2025-01-07,2025-01-07,2025-01-07,,"Quy chế, Quy định đào tạo đại học của ĐHQG-HCM",,2025-11-09T17:09:28.420788,title,high,document_date,2025-01-07,high,,,derived,,amendment_or_update,https://daa.uit.edu.vn/sites/daa/files/202502/15_qd_dhqg_07_01_2025_quy_dinh_sua_doi_bo_sung_mot_so_dieu_cua_quy_dinh_mo_nganh_dao_tao_trinh_do_dai_hoc_thac_si_tien_si.pdf,206,true,cached_exact_name,discovered_from_filesystem
256,C:\Users\hoang\Downloads\project\uit_firecrawl_new\firecrawl\data\daa\quydinh_huongdan\quyche-dhqg-hcm\pdf\1916_dhqg_dt_pho_bien_khung_nang_luc_giang_day_so_cua_giang_vien-e4c7f771.pdf,daa/quydinh_huongdan/quyche-dhqg-hcm/pdf/1916_dhqg_dt_pho_bien_khung_nang_luc_giang_day_so_cua_giang_vien-e4c7f771.pdf,1916_dhqg_dt_pho_bien_khung_nang_luc_giang_day_so_cua_giang_vien-e4c7f771.pdf,,,2025-01-07,,"Quy chế, Quy định đào tạo đại học của ĐHQG-HCM",2026-04-16,2026-04-16T18:30:52.910861,missing,low,source_page_date,2025-01-07,medium,,,derived,,base_or_unknown,https://daa.uit.edu.vn/sites/daa/files/202509/1916_dhqg_dt_pho_bien_khung_nang_luc_giang_day_so_cua_giang_vien.pdf,206,true,metadata_file_path,from_metadata
257,C:\Users\hoang\Downloads\project\uit_firecrawl_new\firecrawl\data\daa\quydinh_huongdan\quyche-dhqg-hcm\pdf\1916_dhqg_dt_pho_bien_khung_nang_luc_giang_day_so_cua_giang_vien.pdf,daa/quydinh_huongdan/quyche-dhqg-hcm/pdf/1916_dhqg_dt_pho_bien_khung_nang_luc_giang_day_so_cua_giang_vien.pdf,1916_dhqg_dt_pho_bien_khung_nang_luc_giang_day_so_cua_giang_vien.pdf,,,2025-01-07,,"Quy chế, Quy định đào tạo đại học của ĐHQG-HCM",,2025-11-09T17:09:28.543623,missing,low,source_page_date,2025-01-07,medium,,,derived,,base_or_unknown,https://daa.uit.edu.vn/sites/daa/files/202509/1916_dhqg_dt_pho_bien_khung_nang_luc_giang_day_so_cua_giang_vien.pdf,206,true,cached_exact_name,discovered_from_filesystem
258,C:\Users\hoang\Downloads\project\uit_firecrawl_new\firecrawl\data\daa\quydinh_huongdan\quyche-dhqg-hcm\pdf\qd2104_251025_pl_bang_mo_ta_dcct_toan_dstt-signed-ba4abdbe.pdf,daa/quydinh_huongdan/quyche-dhqg-hcm/pdf/qd2104_251025_pl_bang_mo_ta_dcct_toan_dstt-signed-ba4abdbe.pdf,qd2104_251025_pl_bang_mo_ta_dcct_toan_dstt-signed-ba4abdbe.pdf,,,2025-01-07,,"Quy chế, Quy định đào tạo đại học của ĐHQG-HCM",,2026-04-16T18:12:29.133023,missing,low,source_page_date,2025-01-07,medium,,,derived,,base_or_unknown,https://daa.uit.edu.vn/sites/daa/files/202510/qd2104_251025_pl_bang_mo_ta_dcct_toan_dstt.signed.pdf,206,true,cached_compact_name,discovered_from_filesystem
259,C:\Users\hoang\Downloads\project\uit_firecrawl_new\firecrawl\data\daa\quydinh_huongdan\quyche-dhqg-hcm\pdf\qd2104_251025_pl_bang_mo_ta_dcct_toan_dstt.signed.pdf,daa/quydinh_huongdan/quyche-dhqg-hcm/pdf/qd2104_251025_pl_bang_mo_ta_dcct_toan_dstt.signed.pdf,qd2104_251025_pl_bang_mo_ta_dcct_toan_dstt.signed.pdf,,,2025-01-07,,"Quy chế, Quy định đào tạo đại học của ĐHQG-HCM",,2025-11-09T17:09:28.888575,missing,low,source_page_date,2025-01-07,medium,,,derived,,base_or_unknown,https://daa.uit.edu.vn/sites/daa/files/202510/qd2104_251025_pl_bang_mo_ta_dcct_toan_dstt.signed.pdf,206,true,cached_exact_name,discovered_from_filesystem
260,C:\Users\hoang\Downloads\project\uit_firecrawl_new\firecrawl\data\daa\quydinh_huongdan\quyche-dhqg-hcm\pdf\qd2105_251025_pl_bang_mo_ta_dcct_toan_giai_tich-signed-1cc4b87e.pdf,daa/quydinh_huongdan/quyche-dhqg-hcm/pdf/qd2105_251025_pl_bang_mo_ta_dcct_toan_giai_tich-signed-1cc4b87e.pdf,qd2105_251025_pl_bang_mo_ta_dcct_toan_giai_tich-signed-1cc4b87e.pdf,,,2025-01-07,,"Quy chế, Quy định đào tạo đại học của ĐHQG-HCM",,2026-04-16T18:12:30.045761,missing,low,source_page_date,2025-01-07,medium,,,derived,,base_or_unknown,https://daa.uit.edu.vn/sites/daa/files/202510/qd2105_251025_pl_bang_mo_ta_dcct_toan_giai_tich.signed.pdf,206,true,cached_compact_name,discovered_from_filesystem
261,C:\Users\hoang\Downloads\project\uit_firecrawl_new\firecrawl\data\daa\quydinh_huongdan\quyche-dhqg-hcm\pdf\qd2105_251025_pl_bang_mo_ta_dcct_toan_giai_tich.signed.pdf,daa/quydinh_huongdan/quyche-dhqg-hcm/pdf/qd2105_251025_pl_bang_mo_ta_dcct_toan_giai_tich.signed.pdf,qd2105_251025_pl_bang_mo_ta_dcct_toan_giai_tich.signed.pdf,,,2025-01-07,,"Quy chế, Quy định đào tạo đại học của ĐHQG-HCM",,2025-11-09T17:09:29.262149,missing,low,source_page_date,2025-01-07,medium,,,derived,,base_or_unknown,https://daa.uit.edu.vn/sites/daa/files/202510/qd2105_251025_pl_bang_mo_ta_dcct_toan_giai_tich.signed.pdf,206,true,cached_exact_name,discovered_from_filesystem
262,C:\Users\hoang\Downloads\project\uit_firecrawl_new\firecrawl\data\daa\quydinh_huongdan\quyche-dhqg-hcm\pdf\qd2106_251025_pl_bang_mo_ta_dcct-toan_xstk-signed-939d0c6e.pdf,daa/quydinh_huongdan/quyche-dhqg-hcm/pdf/qd2106_251025_pl_bang_mo_ta_dcct-toan_xstk-signed-939d0c6e.pdf,qd2106_251025_pl_bang_mo_ta_dcct-toan_xstk-signed-939d0c6e.pdf,,,2025-01-07,,"Quy chế, Quy định đào tạo đại học của ĐHQG-HCM",,2026-04-16T18:12:30.929027,missing,low,source_page_date,2025-01-07,medium,,,derived,,base_or_unknown,https://daa.uit.edu.vn/sites/daa/files/202510/qd2106_251025_pl_bang_mo_ta_dcct.toan_xstk.signed.pdf,206,true,cached_compact_name,discovered_from_filesystem
263,C:\Users\hoang\Downloads\project\uit_firecrawl_new\firecrawl\data\daa\quydinh_huongdan\quyche-dhqg-hcm\pdf\qd2106_251025_pl_bang_mo_ta_dcct.toan_xstk.signed.pdf,daa/quydinh_huongdan/quyche-dhqg-hcm/pdf/qd2106_251025_pl_bang_mo_ta_dcct.toan_xstk.signed.pdf,qd2106_251025_pl_bang_mo_ta_dcct.toan_xstk.signed.pdf,,,2025-01-07,,"Quy chế, Quy định đào tạo đại học của ĐHQG-HCM",,2025-11-09T17:09:29.662552,missing,low,source_page_date,2025-01-07,medium,,,derived,,base_or_unknown,https://daa.uit.edu.vn/sites/daa/files/202510/qd2106_251025_pl_bang_mo_ta_dcct.toan_xstk.signed.pdf,206,true,cached_exact_name,discovered_from_filesystem
264,C:\Users\hoang\Downloads\project\uit_firecrawl_new\firecrawl\data\daa\quydinh_huongdan\quyche-dhqg-hcm\pdf\qd2107_251025_pl_bang_mo_ta_dcct_toan_roi_rac-signed-8562f75a.pdf,daa/quydinh_huongdan/quyche-dhqg-hcm/pdf/qd2107_251025_pl_bang_mo_ta_dcct_toan_roi_rac-signed-8562f75a.pdf,qd2107_251025_pl_bang_mo_ta_dcct_toan_roi_rac-signed-8562f75a.pdf,,,2025-01-07,,"Quy chế, Quy định đào tạo đại học của ĐHQG-HCM",,2026-04-16T18:12:31.405389,missing,low,source_page_date,2025-01-07,medium,,,derived,,base_or_unknown,https://daa.uit.edu.vn/sites/daa/files/202510/qd2107_251025_pl_bang_mo_ta_dcct_toan_roi_rac.signed.pdf,206,true,cached_compact_name,discovered_from_filesystem
265,C:\Users\hoang\Downloads\project\uit_firecrawl_new\firecrawl\data\daa\quydinh_huongdan\quyche-dhqg-hcm\pdf\qd2107_251025_pl_bang_mo_ta_dcct_toan_roi_rac.signed.pdf,daa/quydinh_huongdan/quyche-dhqg-hcm/pdf/qd2107_251025_pl_bang_mo_ta_dcct_toan_roi_rac.signed.pdf,qd2107_251025_pl_bang_mo_ta_dcct_toan_roi_rac.signed.pdf,,,2025-01-07,,"Quy chế, Quy định đào tạo đại học của ĐHQG-HCM",,2025-11-09T17:09:29.821923,missing,low,source_page_date,2025-01-07,medium,,,derived,,base_or_unknown,https://daa.uit.edu.vn/sites/daa/files/202510/qd2107_251025_pl_bang_mo_ta_dcct_toan_roi_rac.signed.pdf,206,true,cached_exact_name,discovered_from_filesystem
266,C:\Users\hoang\Downloads\project\uit_firecrawl_new\firecrawl\data\daa\quydinh_huongdan\quyche-dhqg-hcm\pdf\qd2108_251025_pl_bang_mo_ta_dcct_vat_ly-signed-4efbb06f.pdf,daa/quydinh_huongdan/quyche-dhqg-hcm/pdf/qd2108_251025_pl_bang_mo_ta_dcct_vat_ly-signed-4efbb06f.pdf,qd2108_251025_pl_bang_mo_ta_dcct_vat_ly-signed-4efbb06f.pdf,,,2025-01-07,,"Quy chế, Quy định đào tạo đại học của ĐHQG-HCM",,2026-04-16T18:12:34.080166,missing,low,source_page_date,2025-01-07,medium,,,derived,,base_or_unknown,https://daa.uit.edu.vn/sites/daa/files/202510/qd2108_251025_pl_bang_mo_ta_dcct_vat_ly.signed.pdf,206,true,cached_compact_name,discovered_from_filesystem
267,C:\Users\hoang\Downloads\project\uit_firecrawl_new\firecrawl\data\daa\quydinh_huongdan\quyche-dhqg-hcm\pdf\qd2108_251025_pl_bang_mo_ta_dcct_vat_ly.signed.pdf,daa/quydinh_huongdan/quyche-dhqg-hcm/pdf/qd2108_251025_pl_bang_mo_ta_dcct_vat_ly.signed.pdf,qd2108_251025_pl_bang_mo_ta_dcct_vat_ly.signed.pdf,,,2025-01-07,,"Quy chế, Quy định đào tạo đại học của ĐHQG-HCM",,2025-11-09T17:09:30.799369,missing,low,source_page_date,2025-01-07,medium,,,derived,,base_or_unknown,https://daa.uit.edu.vn/sites/daa/files/202510/qd2108_251025_pl_bang_mo_ta_dcct_vat_ly.signed.pdf,206,true,cached_exact_name,discovered_from_filesystem
268,C:\Users\hoang\Downloads\project\uit_firecrawl_new\firecrawl\data\daa\quydinh_huongdan\quyche-dhqg-hcm\pdf\qd2109_251025_pl_bang_mo_ta_dcct_hoa_hoc-signed-9324d6e3.pdf,daa/quydinh_huongdan/quyche-dhqg-hcm/pdf/qd2109_251025_pl_bang_mo_ta_dcct_hoa_hoc-signed-9324d6e3.pdf,qd2109_251025_pl_bang_mo_ta_dcct_hoa_hoc-signed-9324d6e3.pdf,,,2025-01-07,,"Quy chế, Quy định đào tạo đại học của ĐHQG-HCM",,2026-04-16T18:12:34.853406,missing,low,source_page_date,2025-01-07,medium,,,derived,,base_or_unknown,https://daa.uit.edu.vn/sites/daa/files/202510/qd2109_251025_pl_bang_mo_ta_dcct_hoa_hoc.signed.pdf,206,true,cached_compact_name,discovered_from_filesystem
269,C:\Users\hoang\Downloads\project\uit_firecrawl_new\firecrawl\data\daa\quydinh_huongdan\quyche-dhqg-hcm\pdf\qd2109_251025_pl_bang_mo_ta_dcct_hoa_hoc.signed.pdf,daa/quydinh_huongdan/quyche-dhqg-hcm/pdf/qd2109_251025_pl_bang_mo_ta_dcct_hoa_hoc.signed.pdf,qd2109_251025_pl_bang_mo_ta_dcct_hoa_hoc.signed.pdf,,,2025-01-07,,"Quy chế, Quy định đào tạo đại học của ĐHQG-HCM",,2025-11-09T17:09:31.116814,missing,low,source_page_date,2025-01-07,medium,,,derived,,base_or_unknown,https://daa.uit.edu.vn/sites/daa/files/202510/qd2109_251025_pl_bang_mo_ta_dcct_hoa_hoc.signed.pdf,206,true,cached_exact_name,discovered_from_filesystem
270,C:\Users\hoang\Downloads\project\uit_firecrawl_new\firecrawl\data\daa\quydinh_huongdan\quyche-dhqg-hcm\pdf\qd2110_251025_pl_bang_mo_ta_dcct_sinh_hoc-signed-7d2ead0c.pdf,daa/quydinh_huongdan/quyche-dhqg-hcm/pdf/qd2110_251025_pl_bang_mo_ta_dcct_sinh_hoc-signed-7d2ead0c.pdf,qd2110_251025_pl_bang_mo_ta_dcct_sinh_hoc-signed-7d2ead0c.pdf,,,2025-01-07,,"Quy chế, Quy định đào tạo đại học của ĐHQG-HCM",,2026-04-16T18:12:35.440738,missing,low,source_page_date,2025-01-07,medium,,,derived,,base_or_unknown,https://daa.uit.edu.vn/sites/daa/files/202510/qd2110_251025_pl_bang_mo_ta_dcct_sinh_hoc.signed.pdf,206,true,cached_compact_name,discovered_from_filesystem
271,C:\Users\hoang\Downloads\project\uit_firecrawl_new\firecrawl\data\daa\quydinh_huongdan\quyche-dhqg-hcm\pdf\qd2110_251025_pl_bang_mo_ta_dcct_sinh_hoc.signed.pdf,daa/quydinh_huongdan/quyche-dhqg-hcm/pdf/qd2110_251025_pl_bang_mo_ta_dcct_sinh_hoc.signed.pdf,qd2110_251025_pl_bang_mo_ta_dcct_sinh_hoc.signed.pdf,,,2025-01-07,,"Quy chế, Quy định đào tạo đại học của ĐHQG-HCM",,2025-11-09T17:09:31.325175,missing,low,source_page_date,2025-01-07,medium,,,derived,,base_or_unknown,https://daa.uit.edu.vn/sites/daa/files/202510/qd2110_251025_pl_bang_mo_ta_dcct_sinh_hoc.signed.pdf,206,true,cached_exact_name,discovered_from_filesystem
272,C:\Users\hoang\Downloads\project\uit_firecrawl_new\firecrawl\data\daa\quydinh_huongdan\quyche-bogddt\pdf\2101_qd_bgddt_sua_doi_chuan_chuong_trinh_dao_tao_ve_vi_mach_ban_dan-3a33249f.pdf,daa/quydinh_huongdan/quyche-bogddt/pdf/2101_qd_bgddt_sua_doi_chuan_chuong_trinh_dao_tao_ve_vi_mach_ban_dan-3a33249f.pdf,2101_qd_bgddt_sua_doi_chuan_chuong_trinh_dao_tao_ve_vi_mach_ban_dan-3a33249f.pdf,,,2025-02-15,,"Quy chế, Quy định đào tạo đại học của Bộ GDĐT",,2026-04-16T18:13:20.099882,missing,low,source_page_date,2025-02-15,medium,,,derived,,amendment_or_update,https://daa.uit.edu.vn/sites/daa/files/202510/2101_qd_bgddt_sua_doi_chuan_chuong_trinh_dao_tao_ve_vi_mach_ban_dan.pdf,206,true,cached_normalized_name,discovered_from_filesystem
273,C:\Users\hoang\Downloads\project\uit_firecrawl_new\firecrawl\data\daa\quydinh_huongdan\quyche-bogddt\pdf\2101_qd_bgddt_sua_doi_chuan_chuong_trinh_dao_tao_ve_vi_mach_ban_dan.pdf,daa/quydinh_huongdan/quyche-bogddt/pdf/2101_qd_bgddt_sua_doi_chuan_chuong_trinh_dao_tao_ve_vi_mach_ban_dan.pdf,2101_qd_bgddt_sua_doi_chuan_chuong_trinh_dao_tao_ve_vi_mach_ban_dan.pdf,,,2025-02-15,,"Quy chế, Quy định đào tạo đại học của Bộ GDĐT",,2025-11-09T17:10:30.122142,missing,low,source_page_date,2025-02-15,medium,,,derived,,amendment_or_update,https://daa.uit.edu.vn/sites/daa/files/202510/2101_qd_bgddt_sua_doi_chuan_chuong_trinh_dao_tao_ve_vi_mach_ban_dan.pdf,206,true,cached_exact_name,discovered_from_filesystem
274,C:\Users\hoang\Downloads\project\uit_firecrawl_new\firecrawl\data\daa\quydinh_huongdan\quyche-bogddt\pdf\thong_tu_06-2026_quy_che_tuyen_sinh_dh_cd_nganh_gdmn_nam_2026-37ddd68d.pdf,daa/quydinh_huongdan/quyche-bogddt/pdf/thong_tu_06-2026_quy_che_tuyen_sinh_dh_cd_nganh_gdmn_nam_2026-37ddd68d.pdf,thong_tu_06-2026_quy_che_tuyen_sinh_dh_cd_nganh_gdmn_nam_2026-37ddd68d.pdf,,,2025-02-15,,"Quy chế, Quy định đào tạo đại học của Bộ GDĐT",,2026-04-16T18:13:20.627985,missing,low,source_page_date,2025-02-15,medium,,,derived,,base_or_unknown,https://daa.uit.edu.vn/sites/daa/files/202603/thong_tu_06-2026_quy_che_tuyen_sinh_dh_cd_nganh_gdmn_nam_2026.pdf,206,true,cached_normalized_name,discovered_from_filesystem
275,C:\Users\hoang\Downloads\project\uit_firecrawl_new\firecrawl\data\daa\quydinh_huongdan\qui-che-qui-dinh-qui-trinh\03-quyet-dinh-ve-viec-ban-hanh-quy-che-van-bang-chung-chi\133-qd-dhcntt_17-02-2025_cap_nhat_bo_sung_mau_plvb_tot_nghiep_dh_ths.pdf,daa/quydinh_huongdan/qui-che-qui-dinh-qui-trinh/03-quyet-dinh-ve-viec-ban-hanh-quy-che-van-bang-chung-chi/133-qd-dhcntt_17-02-2025_cap_nhat_bo_sung_mau_plvb_tot_nghiep_dh_ths.pdf,133-qd-dhcntt_17-02-2025_cap_nhat_bo_sung_mau_plvb_tot_nghiep_dh_ths.pdf,2025-02-17,2025-02-17,2024-10-25,,"<!DOCTYPE html><html lang=""vi"" dir=""ltr"" class=""js""><!-- <![endif]-->",,2025-11-09T16:42:44.367738,title,high,document_date,2025-02-17,high,,,derived,,amendment_or_update,https://daa.uit.edu.vn/sites/daa/files/202502/133-qd-dhcntt_17-02-2025_cap_nhat_bo_sung_mau_plvb_tot_nghiep_dh_ths.pdf,206,true,cached_exact_name,discovered_from_filesystem
276,C:\Users\hoang\Downloads\project\uit_firecrawl_new\firecrawl\data\daa\quydinh_huongdan\huong-dan-sinh-vien\36-quy-dinh-ve-do-an-tot-nghiep\277-qd-dhcntt_21-03-2025.pdf,daa/quydinh_huongdan/huong-dan-sinh-vien/36-quy-dinh-ve-do-an-tot-nghiep/277-qd-dhcntt_21-03-2025.pdf,277-qd-dhcntt_21-03-2025.pdf,2025-03-21,2025-03-21,2025-03-21,,36\. Quy định về Đồ án tốt nghiệp,,2025-11-09T17:06:43.161100,title,high,document_date,2025-03-21,high,,,derived,,base_or_unknown,https://daa.uit.edu.vn/sites/daa/files/202504/277-qd-dhcntt_21-03-2025.pdf,206,true,local_sidecar_page,discovered_from_filesystem
277,C:\Users\hoang\Downloads\project\uit_firecrawl_new\firecrawl\data\daa\quydinh_huongdan\qui-che-qui-dinh-qui-trinh\35-quy-trinh-cong-nhan-tin-chi-trong-dao-t-c2519f05\412-qd-dhcntt_27-03-2025_quy_trinh_cong_nhan_tin_chi_trong_dao_tao_dai_hoc-e2ac2316.pdf,daa/quydinh_huongdan/qui-che-qui-dinh-qui-trinh/35-quy-trinh-cong-nhan-tin-chi-trong-dao-t-c2519f05/412-qd-dhcntt_27-03-2025_quy_trinh_cong_nhan_tin_chi_trong_dao_tao_dai_hoc-e2ac2316.pdf,412-qd-dhcntt_27-03-2025_quy_trinh_cong_nhan_tin_chi_trong_dao_tao_dai_hoc-e2ac2316.pdf,2025-03-27,2025-03-27,2025-03-27,,35\. Quy trình công nhận tín chỉ trong đào tạo đại học của Trường Đại học Công nghệ Thông tin,2026-04-16,2026-04-16T18:30:38.570771,title,high,document_date,2025-03-27,high,,,derived,,base_or_unknown,https://daa.uit.edu.vn/sites/daa/files/202503/412-qd-dhcntt_27-03-2025_quy_trinh_cong_nhan_tin_chi_trong_dao_tao_dai_hoc.pdf,206,true,metadata_file_path,from_metadata
278,C:\Users\hoang\Downloads\project\uit_firecrawl_new\firecrawl\data\daa\quydinh_huongdan\qui-che-qui-dinh-qui-trinh\35-quy-trinh-cong-nhan-tin-chi-trong-dao-tao-dai-hoc-cua-truong-dai-hoc-cong-nghe-thong-tin\412-qd-dhcntt_27-03-2025_quy_trinh_cong_nhan_tin_chi_trong_dao_tao_dai_hoc.pdf,daa/quydinh_huongdan/qui-che-qui-dinh-qui-trinh/35-quy-trinh-cong-nhan-tin-chi-trong-dao-tao-dai-hoc-cua-truong-dai-hoc-cong-nghe-thong-tin/412-qd-dhcntt_27-03-2025_quy_trinh_cong_nhan_tin_chi_trong_dao_tao_dai_hoc.pdf,412-qd-dhcntt_27-03-2025_quy_trinh_cong_nhan_tin_chi_trong_dao_tao_dai_hoc.pdf,2025-03-27,2025-03-27,2025-03-27,,35\. Quy trình công nhận tín chỉ trong đào tạo đại học của Trường Đại học Công nghệ Thông tin,,2025-11-09T17:05:58.707341,title,high,document_date,2025-03-27,high,,,derived,,base_or_unknown,https://daa.uit.edu.vn/sites/daa/files/202503/412-qd-dhcntt_27-03-2025_quy_trinh_cong_nhan_tin_chi_trong_dao_tao_dai_hoc.pdf,206,true,cached_exact_name,discovered_from_filesystem
279,C:\Users\hoang\Downloads\project\uit_firecrawl_new\firecrawl\data\daa\quydinh_huongdan\quy-trinh-sinh-vien\pdf\412-qd-dhcntt_27-03-2025_quy_trinh_cong_nhan_tin_chi_trong_dao_tao_dai_hoc-e2ac2316.pdf,daa/quydinh_huongdan/quy-trinh-sinh-vien/pdf/412-qd-dhcntt_27-03-2025_quy_trinh_cong_nhan_tin_chi_trong_dao_tao_dai_hoc-e2ac2316.pdf,412-qd-dhcntt_27-03-2025_quy_trinh_cong_nhan_tin_chi_trong_dao_tao_dai_hoc-e2ac2316.pdf,2025-03-27,2025-03-27,2025-03-27,,35\. Quy trình công nhận tín chỉ trong đào tạo đại học của Trường Đại học Công nghệ Thông tin,,2026-04-16T18:13:11.465148,title,high,document_date,2025-03-27,high,,,derived,,base_or_unknown,https://daa.uit.edu.vn/sites/daa/files/202503/412-qd-dhcntt_27-03-2025_quy_trinh_cong_nhan_tin_chi_trong_dao_tao_dai_hoc.pdf,206,true,cached_normalized_name,discovered_from_filesystem
280,C:\Users\hoang\Downloads\project\uit_firecrawl_new\firecrawl\data\daa\quydinh_huongdan\qui-che-qui-dinh-qui-trinh\35-quy-trinh-cong-nhan-tin-chi-trong-dao-t-c2519f05\mau_don-f417d1db.pdf,daa/quydinh_huongdan/qui-che-qui-dinh-qui-trinh/35-quy-trinh-cong-nhan-tin-chi-trong-dao-t-c2519f05/mau_don-f417d1db.pdf,mau_don-f417d1db.pdf,,,2025-03-27,,35\. Quy trình công nhận tín chỉ trong đào tạo đại học của Trường Đại học Công nghệ Thông tin,2026-04-16,2026-04-16T18:30:38.740288,missing,low,source_page_date,2025-03-27,medium,,,derived,,base_or_unknown,https://daa.uit.edu.vn/sites/daa/files/202503/mau_don.pdf,206,true,metadata_file_path,from_metadata
281,C:\Users\hoang\Downloads\project\uit_firecrawl_new\firecrawl\data\daa\quydinh_huongdan\qui-che-qui-dinh-qui-trinh\35-quy-trinh-cong-nhan-tin-chi-trong-dao-tao-dai-hoc-cua-truong-dai-hoc-cong-nghe-thong-tin\mau_don.pdf,daa/quydinh_huongdan/qui-che-qui-dinh-qui-trinh/35-quy-trinh-cong-nhan-tin-chi-trong-dao-tao-dai-hoc-cua-truong-dai-hoc-cong-nghe-thong-tin/mau_don.pdf,mau_don.pdf,,,2025-03-27,,35\. Quy trình công nhận tín chỉ trong đào tạo đại học của Trường Đại học Công nghệ Thông tin,,2025-11-09T17:05:58.764718,missing,low,source_page_date,2025-03-27,medium,,,derived,,base_or_unknown,https://daa.uit.edu.vn/sites/daa/files/202503/mau_don.pdf,206,true,cached_exact_name,discovered_from_filesystem
282,C:\Users\hoang\Downloads\project\uit_firecrawl_new\firecrawl\data\daa\quydinh_huongdan\qui-che-qui-dinh-qui-trinh\37-ban-hanh-quy-dinh-to-chuc-quan-ly-chuon-b6280cc4\451-qd-dhcntt_10-04-2025-f93dc2aa.pdf,daa/quydinh_huongdan/qui-che-qui-dinh-qui-trinh/37-ban-hanh-quy-dinh-to-chuc-quan-ly-chuon-b6280cc4/451-qd-dhcntt_10-04-2025-f93dc2aa.pdf,451-qd-dhcntt_10-04-2025-f93dc2aa.pdf,2025-04-10,2025-04-10,2025-04-10,,"37\. Ban hành quy định tổ chức, quản lý chương trình liên kết đào tạo với nước ngoài trình độ đại học tại Trường ĐHCNTT",2026-04-16,2026-04-16T18:30:29.819768,title,high,document_date,2025-04-10,high,,,derived,,base_or_unknown,https://daa.uit.edu.vn/sites/daa/files/202504/451-qd-dhcntt_10-04-2025.pdf,206,true,metadata_file_path,from_metadata
283,C:\Users\hoang\Downloads\project\uit_firecrawl_new\firecrawl\data\daa\quydinh_huongdan\qui-che-qui-dinh-qui-trinh\37-ban-hanh-quy-dinh-to-chuc-quan-ly-chuong-trinh-lien-ket-dao-tao-voi-nuoc-ngoai-trinh-do-dai-hoc-tai-truong-dhcntt\451-qd-dhcntt_10-04-2025.pdf,daa/quydinh_huongdan/qui-che-qui-dinh-qui-trinh/37-ban-hanh-quy-dinh-to-chuc-quan-ly-chuong-trinh-lien-ket-dao-tao-voi-nuoc-ngoai-trinh-do-dai-hoc-tai-truong-dhcntt/451-qd-dhcntt_10-04-2025.pdf,451-qd-dhcntt_10-04-2025.pdf,2025-04-10,2025-04-10,2025-04-10,,"37\. Ban hành quy định tổ chức, quản lý chương trình liên kết đào tạo với nước ngoài trình độ đại học tại Trường ĐHCNTT",,2025-11-09T17:07:30.615067,title,high,document_date,2025-04-10,high,,,derived,,base_or_unknown,https://daa.uit.edu.vn/sites/daa/files/202504/451-qd-dhcntt_10-04-2025.pdf,206,true,cached_exact_name,discovered_from_filesystem
284,C:\Users\hoang\Downloads\project\uit_firecrawl_new\firecrawl\data\daa\chuongtrinh_daotao\dean\5-truyen-thong-da-phuong-tien-cong-thong-7c311363\pdf\491-qd-dhcntt_21-04-2025_mo_dao_tao_nganh_truyen_thong_da_phuong_tien-f6c586b0.pdf,daa/chuongtrinh_daotao/dean/5-truyen-thong-da-phuong-tien-cong-thong-7c311363/pdf/491-qd-dhcntt_21-04-2025_mo_dao_tao_nganh_truyen_thong_da_phuong_tien-f6c586b0.pdf,491-qd-dhcntt_21-04-2025_mo_dao_tao_nganh_truyen_thong_da_phuong_tien-f6c586b0.pdf,2025-04-21,2025-04-21,2025-04-21,,Đề án mở ngành Truyền thông đa phương tiện,2026-04-16,2026-04-16T20:04:02.139925,title,high,document_date,2025-04-21,high,,,derived,,base_or_unknown,https://daa.uit.edu.vn/sites/daa/files/202504/491-qd-dhcntt_21-04-2025_mo_dao_tao_nganh_truyen_thong_da_phuong_tien.pdf,206,true,metadata_file_path,from_metadata
285,C:\Users\hoang\Downloads\project\uit_firecrawl_new\firecrawl\data\daa\chuongtrinh_daotao\he-chinhquy\dean\5-truyen-thong-a-phuong-tien-cong-thong-tin-ao-tao\pdf\491-qd-dhcntt_21-04-2025_mo_dao_tao_nganh_truyen_thong_da_phuong_tien.pdf,daa/chuongtrinh_daotao/he-chinhquy/dean/5-truyen-thong-a-phuong-tien-cong-thong-tin-ao-tao/pdf/491-qd-dhcntt_21-04-2025_mo_dao_tao_nganh_truyen_thong_da_phuong_tien.pdf,491-qd-dhcntt_21-04-2025_mo_dao_tao_nganh_truyen_thong_da_phuong_tien.pdf,2025-04-21,2025-04-21,2025-04-21,,Đề án mở ngành Truyền thông đa phương tiện,,2025-11-09T20:00:42.813685,title,high,document_date,2025-04-21,high,,,derived,,base_or_unknown,https://daa.uit.edu.vn/sites/daa/files/202504/491-qd-dhcntt_21-04-2025_mo_dao_tao_nganh_truyen_thong_da_phuong_tien.pdf,206,true,cached_exact_name,discovered_from_filesystem
286,C:\Users\hoang\Downloads\project\uit_firecrawl_new\firecrawl\data\daa\chuongtrinh_daotao\dean\5-truyen-thong-da-phuong-tien-cong-thong-7c311363\pdf\de_an-ad2c831c.pdf,daa/chuongtrinh_daotao/dean/5-truyen-thong-da-phuong-tien-cong-thong-7c311363/pdf/de_an-ad2c831c.pdf,de_an-ad2c831c.pdf,,,2025-04-21,,Đề án mở ngành Truyền thông đa phương tiện,2026-04-16,2026-04-16T20:04:02.999244,missing,low,source_page_date,2025-04-21,medium,,,derived,,base_or_unknown,https://daa.uit.edu.vn/sites/daa/files/202504/de_an.pdf,206,true,metadata_file_path,from_metadata
287,C:\Users\hoang\Downloads\project\uit_firecrawl_new\firecrawl\data\daa\chuongtrinh_daotao\he-chinhquy\dean\5-truyen-thong-a-phuong-tien-cong-thong-tin-ao-tao\pdf\de_an.pdf,daa/chuongtrinh_daotao/he-chinhquy/dean/5-truyen-thong-a-phuong-tien-cong-thong-tin-ao-tao/pdf/de_an.pdf,de_an.pdf,,,2025-04-21,,Đề án mở ngành Truyền thông đa phương tiện,,2025-11-09T20:00:44.924044,missing,low,source_page_date,2025-04-21,medium,,,derived,,base_or_unknown,https://daa.uit.edu.vn/sites/daa/files/202504/de_an.pdf,206,true,cached_exact_name,discovered_from_filesystem
288,C:\Users\hoang\Downloads\project\uit_firecrawl_new\firecrawl\data\daa\chuongtrinh_daotao\he-chinhquy\dean\9-thiet-ke-vi-mach-cong-thong-tin-ao-tao\pdf\de_an_mo_nganh_nganh_thiet_ke_vi_mach_uit.pdf,daa/chuongtrinh_daotao/he-chinhquy/dean/9-thiet-ke-vi-mach-cong-thong-tin-ao-tao/pdf/de_an_mo_nganh_nganh_thiet_ke_vi_mach_uit.pdf,de_an_mo_nganh_nganh_thiet_ke_vi_mach_uit.pdf,,,2025-04-21,,Đề án mở ngành Truyền thông đa phương tiện,,2025-11-09T20:03:57.738722,missing,low,source_page_date,2025-04-21,medium,,,derived,,base_or_unknown,https://daa.uit.edu.vn/sites/daa/files/202504/de_an.pdf,206,true,cached_fuzzy_name,discovered_from_filesystem
289,C:\Users\hoang\Downloads\project\uit_firecrawl_new\firecrawl\data\daa\quydinh_huongdan\quyche-bogddt\pdf\1314-qd-bgddt_13-05-2025_ban_hanh_chuan_ctdt_ve_vi_mach_ban_dan_trinh_do_dh_ths-13a742c9.pdf,daa/quydinh_huongdan/quyche-bogddt/pdf/1314-qd-bgddt_13-05-2025_ban_hanh_chuan_ctdt_ve_vi_mach_ban_dan_trinh_do_dh_ths-13a742c9.pdf,1314-qd-bgddt_13-05-2025_ban_hanh_chuan_ctdt_ve_vi_mach_ban_dan_trinh_do_dh_ths-13a742c9.pdf,2025-05-13,2025-05-13,2024-11-20,,"<!DOCTYPE html><html lang=""vi"" dir=""ltr"" class=""js""><!-- <![endif]-->",,2026-04-16T18:13:12.293393,title,high,document_date,2025-05-13,high,,,derived,,base_or_unknown,https://daa.uit.edu.vn/sites/daa/files/202505/1314-qd-bgddt_13-05-2025_ban_hanh_chuan_ctdt_ve_vi_mach_ban_dan_trinh_do_dh_ths.pdf,206,true,cached_normalized_name,discovered_from_filesystem
290,C:\Users\hoang\Downloads\project\uit_firecrawl_new\firecrawl\data\daa\quydinh_huongdan\quyche-bogddt\pdf\1314-qd-bgddt_13-05-2025_ban_hanh_chuan_ctdt_ve_vi_mach_ban_dan_trinh_do_dh_ths.pdf,daa/quydinh_huongdan/quyche-bogddt/pdf/1314-qd-bgddt_13-05-2025_ban_hanh_chuan_ctdt_ve_vi_mach_ban_dan_trinh_do_dh_ths.pdf,1314-qd-bgddt_13-05-2025_ban_hanh_chuan_ctdt_ve_vi_mach_ban_dan_trinh_do_dh_ths.pdf,2025-05-13,2025-05-13,2024-11-20,,"<!DOCTYPE html><html lang=""vi"" dir=""ltr"" class=""js""><!-- <![endif]-->",,2025-11-09T17:10:27.178310,title,high,document_date,2025-05-13,high,,,derived,,base_or_unknown,https://daa.uit.edu.vn/sites/daa/files/202505/1314-qd-bgddt_13-05-2025_ban_hanh_chuan_ctdt_ve_vi_mach_ban_dan_trinh_do_dh_ths.pdf,206,true,cached_exact_name,discovered_from_filesystem
291,C:\Users\hoang\Downloads\project\uit_firecrawl_new\firecrawl\data\daa\quydinh_huongdan\quyche-bogddt\pdf\07-bgd-signed-1_quy_dinh_lien_ket_dao_tao_giua_co_so_gdvn_va_co_so_gdnn-6304d2c7.pdf,daa/quydinh_huongdan/quyche-bogddt/pdf/07-bgd-signed-1_quy_dinh_lien_ket_dao_tao_giua_co_so_gdvn_va_co_so_gdnn-6304d2c7.pdf,07-bgd-signed-1_quy_dinh_lien_ket_dao_tao_giua_co_so_gdvn_va_co_so_gdnn-6304d2c7.pdf,,,2025-05-13,,"Quy chế, Quy định đào tạo đại học của Bộ GDĐT",,2026-04-16T18:13:18.248824,missing,low,source_page_date,2025-05-13,medium,,,derived,,base_or_unknown,https://daa.uit.edu.vn/sites/daa/files/202506/07-bgd.signed-1_quy_dinh_lien_ket_dao_tao_giua_co_so_gdvn_va_co_so_gdnn.pdf,206,true,cached_compact_name,discovered_from_filesystem
292,C:\Users\hoang\Downloads\project\uit_firecrawl_new\firecrawl\data\daa\quydinh_huongdan\quyche-bogddt\pdf\07-bgd.signed-1_quy_dinh_lien_ket_dao_tao_giua_co_so_gdvn_va_co_so_gdnn.pdf,daa/quydinh_huongdan/quyche-bogddt/pdf/07-bgd.signed-1_quy_dinh_lien_ket_dao_tao_giua_co_so_gdvn_va_co_so_gdnn.pdf,07-bgd.signed-1_quy_dinh_lien_ket_dao_tao_giua_co_so_gdvn_va_co_so_gdnn.pdf,,,2025-05-13,,"Quy chế, Quy định đào tạo đại học của Bộ GDĐT",,2025-11-09T17:10:29.406147,missing,low,source_page_date,2025-05-13,medium,,,derived,,base_or_unknown,https://daa.uit.edu.vn/sites/daa/files/202506/07-bgd.signed-1_quy_dinh_lien_ket_dao_tao_giua_co_so_gdvn_va_co_so_gdnn.pdf,206,true,cached_exact_name,discovered_from_filesystem
293,C:\Users\hoang\Downloads\project\uit_firecrawl_new\firecrawl\data\daa\quydinh_huongdan\quyche-bogddt\pdf\124-cp-signed_quy_dinh_hop_tac_dau_tu_voi_nuoc_ngoai_trong_linh_vuc_giao_duc-33411a43.pdf,daa/quydinh_huongdan/quyche-bogddt/pdf/124-cp-signed_quy_dinh_hop_tac_dau_tu_voi_nuoc_ngoai_trong_linh_vuc_giao_duc-33411a43.pdf,124-cp-signed_quy_dinh_hop_tac_dau_tu_voi_nuoc_ngoai_trong_linh_vuc_giao_duc-33411a43.pdf,,,2025-05-13,,"Quy chế, Quy định đào tạo đại học của Bộ GDĐT",,2026-04-16T18:13:17.923411,missing,low,source_page_date,2025-05-13,medium,,,derived,,base_or_unknown,https://daa.uit.edu.vn/sites/daa/files/202506/124-cp.signed_quy_dinh_hop_tac_dau_tu_voi_nuoc_ngoai_trong_linh_vuc_giao_duc.pdf,206,true,cached_compact_name,discovered_from_filesystem
294,C:\Users\hoang\Downloads\project\uit_firecrawl_new\firecrawl\data\daa\quydinh_huongdan\quyche-bogddt\pdf\124-cp.signed_quy_dinh_hop_tac_dau_tu_voi_nuoc_ngoai_trong_linh_vuc_giao_duc.pdf,daa/quydinh_huongdan/quyche-bogddt/pdf/124-cp.signed_quy_dinh_hop_tac_dau_tu_voi_nuoc_ngoai_trong_linh_vuc_giao_duc.pdf,124-cp.signed_quy_dinh_hop_tac_dau_tu_voi_nuoc_ngoai_trong_linh_vuc_giao_duc.pdf,,,2025-05-13,,"Quy chế, Quy định đào tạo đại học của Bộ GDĐT",,2025-11-09T17:10:29.320500,missing,low,source_page_date,2025-05-13,medium,,,derived,,base_or_unknown,https://daa.uit.edu.vn/sites/daa/files/202506/124-cp.signed_quy_dinh_hop_tac_dau_tu_voi_nuoc_ngoai_trong_linh_vuc_giao_duc.pdf,206,true,cached_exact_name,discovered_from_filesystem
295,C:\Users\hoang\Downloads\project\uit_firecrawl_new\firecrawl\data\daa\quydinh_huongdan\quyche-bogddt\pdf\08-2025-tt-bgddt_quy_dinh_thoi_han_luu_tru_ho_so_tai_lieu_thuoc_linh_vuc_gddt-c7f537e3.pdf,daa/quydinh_huongdan/quyche-bogddt/pdf/08-2025-tt-bgddt_quy_dinh_thoi_han_luu_tru_ho_so_tai_lieu_thuoc_linh_vuc_gddt-c7f537e3.pdf,08-2025-tt-bgddt_quy_dinh_thoi_han_luu_tru_ho_so_tai_lieu_thuoc_linh_vuc_gddt-c7f537e3.pdf,2025-05-15,2025-05-15,2025-05-13,,"Quy chế, Quy định đào tạo đại học của Bộ GDĐT",,2026-04-16T18:13:17.051827,pdf_text,medium,document_date,2025-05-15,high,,,derived,,base_or_unknown,https://daa.uit.edu.vn/sites/daa/files/202505/08.2025-tt-bgddt_quy_dinh_thoi_han_luu_tru_ho_so_tai_lieu_thuoc_linh_vuc_gddt.pdf,206,true,cached_compact_name,discovered_from_filesystem
296,C:\Users\hoang\Downloads\project\uit_firecrawl_new\firecrawl\data\daa\quydinh_huongdan\quyche-bogddt\pdf\08.2025-tt-bgddt_quy_dinh_thoi_han_luu_tru_ho_so_tai_lieu_thuoc_linh_vuc_gddt.pdf,daa/quydinh_huongdan/quyche-bogddt/pdf/08.2025-tt-bgddt_quy_dinh_thoi_han_luu_tru_ho_so_tai_lieu_thuoc_linh_vuc_gddt.pdf,08.2025-tt-bgddt_quy_dinh_thoi_han_luu_tru_ho_so_tai_lieu_thuoc_linh_vuc_gddt.pdf,2025-05-15,2025-05-15,2025-05-13,,"Quy chế, Quy định đào tạo đại học của Bộ GDĐT",,2025-11-09T17:10:28.971326,pdf_text,medium,document_date,2025-05-15,high,,,derived,,base_or_unknown,https://daa.uit.edu.vn/sites/daa/files/202505/08.2025-tt-bgddt_quy_dinh_thoi_han_luu_tru_ho_so_tai_lieu_thuoc_linh_vuc_gddt.pdf,206,true,cached_exact_name,discovered_from_filesystem
297,C:\Users\hoang\Downloads\project\uit_firecrawl_new\firecrawl\data\daa\chuongtrinh_daotao\dean\3-lien-ket-dao-tao-voi-nuoc-ngoai-giua-tr-a004ef98\pdf\795_qd_dhqg_phe_duyet_lien_ket_dao_tao_voi_nuoc_ngoai_giua_truong_dh_cntt_va_truong-65b48241.pdf,daa/chuongtrinh_daotao/dean/3-lien-ket-dao-tao-voi-nuoc-ngoai-giua-tr-a004ef98/pdf/795_qd_dhqg_phe_duyet_lien_ket_dao_tao_voi_nuoc_ngoai_giua_truong_dh_cntt_va_truong-65b48241.pdf,795_qd_dhqg_phe_duyet_lien_ket_dao_tao_voi_nuoc_ngoai_giua_truong_dh_cntt_va_truong-65b48241.pdf,,,2025-06-23,https://daa.uit.edu.vn/de-mo-nganh-lien-ket-dao-tao-voi-nuoc-ngoai-giua-truong-dai-hoc-cong-nghe-thong-tin-va-truong-dai,Đề án mở ngành liên kết đào tạo với nước ngoài giữa Trường Đại học Công nghệ thông tin và Trường Đại học Newcastle | Cổng thông tin đào tạo,2026-04-16,2026-04-16T20:04:01.885442,missing,low,source_page_date,2025-06-23,medium,,,derived,,base_or_unknown,https://daa.uit.edu.vn/sites/daa/files/202506/795_qd_dhqg_phe_duyet_lien_ket_dao_tao_voi_nuoc_ngoai_giua_truong_dh_cntt_va_truong_dh_newcastle.pdf,206,true,metadata_file_path,from_metadata
298,C:\Users\hoang\Downloads\project\uit_firecrawl_new\firecrawl\data\daa\chuongtrinh_daotao\he-chinhquy\dean\3-lien-ket-ao-tao-voi-nuoc-ngoai-giua-truong-ai-hoc-cong-nghe-thong-tin-va-truong-ai-hoc-newcastle-con\pdf\795_qd_dhqg_phe_duyet_lien_ket_dao_tao_voi_nuoc_ngoai_giua_truong_dh_cntt_va_truong_dh_newcastle.pdf,daa/chuongtrinh_daotao/he-chinhquy/dean/3-lien-ket-ao-tao-voi-nuoc-ngoai-giua-truong-ai-hoc-cong-nghe-thong-tin-va-truong-ai-hoc-newcastle-con/pdf/795_qd_dhqg_phe_duyet_lien_ket_dao_tao_voi_nuoc_ngoai_giua_truong_dh_cntt_va_truong_dh_newcastle.pdf,795_qd_dhqg_phe_duyet_lien_ket_dao_tao_voi_nuoc_ngoai_giua_truong_dh_cntt_va_truong_dh_newcastle.pdf,,,2025-06-23,https://daa.uit.edu.vn/de-mo-nganh-lien-ket-dao-tao-voi-nuoc-ngoai-giua-truong-dai-hoc-cong-nghe-thong-tin-va-truong-dai,Đề án mở ngành liên kết đào tạo với nước ngoài giữa Trường Đại học Công nghệ thông tin và Trường Đại học Newcastle | Cổng thông tin đào tạo,,2025-11-09T19:57:42.421814,missing,low,source_page_date,2025-06-23,medium,,,derived,,base_or_unknown,https://daa.uit.edu.vn/sites/daa/files/202506/795_qd_dhqg_phe_duyet_lien_ket_dao_tao_voi_nuoc_ngoai_giua_truong_dh_cntt_va_truong_dh_newcastle.pdf,206,true,cached_exact_name,discovered_from_filesystem
299,C:\Users\hoang\Downloads\project\uit_firecrawl_new\firecrawl\data\daa\khac\chua-phan-loai\pdf\de_an_song_nganh_thuong_mai_dien_tu.pdf,daa/khac/chua-phan-loai/pdf/de_an_song_nganh_thuong_mai_dien_tu.pdf,de_an_song_nganh_thuong_mai_dien_tu.pdf,,,2025-06-26,https://daa.uit.edu.vn/de-song-nganh-thuong-mai-dien-tu,Đề án song ngành Thương mại điện tử | Cổng thông tin đào tạo,,2025-11-09T20:03:13.626134,missing,low,source_page_date,2025-06-26,medium,,,derived,,base_or_unknown,https://daa.uit.edu.vn/sites/daa/files/202412/de_an_song_nganh_thuong_mai_dien_tu.pdf,206,true,cached_exact_name,discovered_from_filesystem
300,C:\Users\hoang\Downloads\project\uit_firecrawl_new\firecrawl\data\daa\quydinh_huongdan\huong-dan-sinh-vien\38-quy-trinh-xu-ly-hoc-vu-sinh-vien-dai-hoc-chinh-quy\803-qd-dhcntt_11-07-2025_quy_trinh_xlhv.pdf,daa/quydinh_huongdan/huong-dan-sinh-vien/38-quy-trinh-xu-ly-hoc-vu-sinh-vien-dai-hoc-chinh-quy/803-qd-dhcntt_11-07-2025_quy_trinh_xlhv.pdf,803-qd-dhcntt_11-07-2025_quy_trinh_xlhv.pdf,2025-07-11,2025-07-11,2025-07-11,,38\. Quy trình xử lý học vụ sinh viên đại học chính quy,,2025-11-09T17:08:15.087355,title,high,document_date,2025-07-11,high,,,derived,,base_or_unknown,https://daa.uit.edu.vn/sites/daa/files/202507/803-qd-dhcntt_11-07-2025_quy_trinh_xlhv.pdf,206,true,local_sidecar_page,discovered_from_filesystem
301,C:\Users\hoang\Downloads\project\uit_firecrawl_new\firecrawl\data\daa\quydinh_huongdan\quyche-dhqg-hcm\pdf\qd2130_ban_hanh_quy_dinh_cong_nhan_tin_chi_cap_thpt-signed-e61cc61d.pdf,daa/quydinh_huongdan/quyche-dhqg-hcm/pdf/qd2130_ban_hanh_quy_dinh_cong_nhan_tin_chi_cap_thpt-signed-e61cc61d.pdf,qd2130_ban_hanh_quy_dinh_cong_nhan_tin_chi_cap_thpt-signed-e61cc61d.pdf,2025-07-11,2025-07-11,2025-01-07,,"Quy chế, Quy định đào tạo đại học của ĐHQG-HCM",,2026-04-16T18:12:28.634533,pdf_text,medium,document_date,2025-07-11,high,,,derived,,base_or_unknown,https://daa.uit.edu.vn/sites/daa/files/202510/qd2130_ban_hanh_quy_dinh_cong_nhan_tin_chi_cap_thpt.signed.pdf,206,true,cached_compact_name,discovered_from_filesystem
302,C:\Users\hoang\Downloads\project\uit_firecrawl_new\firecrawl\data\daa\quydinh_huongdan\quyche-dhqg-hcm\pdf\qd2130_ban_hanh_quy_dinh_cong_nhan_tin_chi_cap_thpt.signed.pdf,daa/quydinh_huongdan/quyche-dhqg-hcm/pdf/qd2130_ban_hanh_quy_dinh_cong_nhan_tin_chi_cap_thpt.signed.pdf,qd2130_ban_hanh_quy_dinh_cong_nhan_tin_chi_cap_thpt.signed.pdf,2025-07-11,2025-07-11,2025-01-07,,"Quy chế, Quy định đào tạo đại học của ĐHQG-HCM",,2025-11-09T17:09:28.683263,pdf_text,medium,document_date,2025-07-11,high,,,derived,,base_or_unknown,https://daa.uit.edu.vn/sites/daa/files/202510/qd2130_ban_hanh_quy_dinh_cong_nhan_tin_chi_cap_thpt.signed.pdf,206,true,cached_exact_name,discovered_from_filesystem
303,C:\Users\hoang\Downloads\project\uit_firecrawl_new\firecrawl\data\daa\quydinh_huongdan\qui-che-qui-dinh-qui-trinh\15-qui-dinh-ve-giang-vien-giang-vien-va-tr-8abb5566\975-qd-dhcntt_20-8-2025-2e6f254c.pdf,daa/quydinh_huongdan/qui-che-qui-dinh-qui-trinh/15-qui-dinh-ve-giang-vien-giang-vien-va-tr-8abb5566/975-qd-dhcntt_20-8-2025-2e6f254c.pdf,975-qd-dhcntt_20-8-2025-2e6f254c.pdf,2025-08-20,2025-08-20,2025-08-20,,15\. Qui định về giảng viên giảng viên và trợ giảng môn học,,2026-04-16T18:12:41.254961,title,high,document_date,2025-08-20,high,,,derived,,base_or_unknown,https://daa.uit.edu.vn/sites/daa/files/202508/975-qd-dhcntt_20-8-2025.pdf,206,true,cached_normalized_name,discovered_from_filesystem
304,C:\Users\hoang\Downloads\project\uit_firecrawl_new\firecrawl\data\daa\quydinh_huongdan\qui-che-qui-dinh-qui-trinh\15-qui-dinh-ve-giang-vien-giang-vien-va-tro-giang-mon-hoc\975-qd-dhcntt_20-8-2025.pdf,daa/quydinh_huongdan/qui-che-qui-dinh-qui-trinh/15-qui-dinh-ve-giang-vien-giang-vien-va-tro-giang-mon-hoc/975-qd-dhcntt_20-8-2025.pdf,975-qd-dhcntt_20-8-2025.pdf,2025-08-20,2025-08-20,2025-08-20,,15\. Qui định về giảng viên giảng viên và trợ giảng môn học,,2025-11-09T16:50:59.104630,title,high,document_date,2025-08-20,high,,,derived,,base_or_unknown,https://daa.uit.edu.vn/sites/daa/files/202508/975-qd-dhcntt_20-8-2025.pdf,206,true,cached_exact_name,discovered_from_filesystem
305,C:\Users\hoang\Downloads\project\uit_firecrawl_new\firecrawl\data\daa\quydinh_huongdan\qui-che-qui-dinh-qui-trinh\04-quyet-dinh-ve-viec-ban-hanh-quy-dinh-ve-1d49b9ab\1032-qd-dhcntt_3-9-2025_quy_dinh_dao_tao_chuong_trinh_tai_nang-c4cc3577.pdf,daa/quydinh_huongdan/qui-che-qui-dinh-qui-trinh/04-quyet-dinh-ve-viec-ban-hanh-quy-dinh-ve-1d49b9ab/1032-qd-dhcntt_3-9-2025_quy_dinh_dao_tao_chuong_trinh_tai_nang-c4cc3577.pdf,1032-qd-dhcntt_3-9-2025_quy_dinh_dao_tao_chuong_trinh_tai_nang-c4cc3577.pdf,2025-09-03,2025-09-03,2022-03-08,,"<!DOCTYPE html><html lang=""vi"" dir=""ltr"" class=""js""><!-- <![endif]-->",2026-04-16,2026-04-16T18:30:38.148897,title,high,document_date,2025-09-03,high,,,derived,,base_or_unknown,https://daa.uit.edu.vn/sites/daa/files/202512/1032-qd-dhcntt_3-9-2025_quy_dinh_dao_tao_chuong_trinh_tai_nang.pdf,206,true,metadata_file_path,from_metadata
306,C:\Users\hoang\Downloads\project\uit_firecrawl_new\firecrawl\data\daa\quydinh_huongdan\quyche-bogddt\pdf\2627-qd-bgddtsigned-1-stamped_ban_hanh_chuan_ctdt_ky_su_thac_si_tai_nang_linh_vuc_s-18aeced3.pdf,daa/quydinh_huongdan/quyche-bogddt/pdf/2627-qd-bgddtsigned-1-stamped_ban_hanh_chuan_ctdt_ky_su_thac_si_tai_nang_linh_vuc_s-18aeced3.pdf,2627-qd-bgddtsigned-1-stamped_ban_hanh_chuan_ctdt_ky_su_thac_si_tai_nang_linh_vuc_s-18aeced3.pdf,2025-09-18,2025-09-18,2025-05-13,,"Quy chế, Quy định đào tạo đại học của Bộ GDĐT",,2026-04-16T18:13:19.682654,pdf_text,medium,document_date,2025-09-18,high,,,derived,,base_or_unknown,https://daa.uit.edu.vn/sites/daa/files/202509/2627-qd-bgddtsigned-1.stamped_ban_hanh_chuan_ctdt_ky_su_thac_si_tai_nang_linh_vuc_stem.pdf,206,true,cached_fuzzy_name,discovered_from_filesystem
307,C:\Users\hoang\Downloads\project\uit_firecrawl_new\firecrawl\data\daa\quydinh_huongdan\quyche-bogddt\pdf\2627-qd-bgddtsigned-1.stamped_ban_hanh_chuan_ctdt_ky_su_thac_si_tai_nang_linh_vuc_stem.pdf,daa/quydinh_huongdan/quyche-bogddt/pdf/2627-qd-bgddtsigned-1.stamped_ban_hanh_chuan_ctdt_ky_su_thac_si_tai_nang_linh_vuc_stem.pdf,2627-qd-bgddtsigned-1.stamped_ban_hanh_chuan_ctdt_ky_su_thac_si_tai_nang_linh_vuc_stem.pdf,2025-09-18,2025-09-18,2025-05-13,,"Quy chế, Quy định đào tạo đại học của Bộ GDĐT",,2025-11-09T17:10:29.923579,pdf_text,medium,document_date,2025-09-18,high,,,derived,,base_or_unknown,https://daa.uit.edu.vn/sites/daa/files/202509/2627-qd-bgddtsigned-1.stamped_ban_hanh_chuan_ctdt_ky_su_thac_si_tai_nang_linh_vuc_stem.pdf,206,true,cached_exact_name,discovered_from_filesystem
308,C:\Users\hoang\Downloads\project\uit_firecrawl_new\firecrawl\data\daa\quydinh_huongdan\quyche-dhqg-hcm\pdf\qd2062_221025_quy_dinh_khoi_hp_cong_nhanchuyen_doi_tin_chi-signed-783b8736.pdf,daa/quydinh_huongdan/quyche-dhqg-hcm/pdf/qd2062_221025_quy_dinh_khoi_hp_cong_nhanchuyen_doi_tin_chi-signed-783b8736.pdf,qd2062_221025_quy_dinh_khoi_hp_cong_nhanchuyen_doi_tin_chi-signed-783b8736.pdf,,,,,"Quy chế, Quy định đào tạo đại học của ĐHQG-HCM",,2026-04-16T18:12:35.878015,missing,low,url_upload_month,2025-10-01,low,,,derived,,base_or_unknown,https://daa.uit.edu.vn/sites/daa/files/202510/qd2062_221025_quy_dinh_khoi_hp_cong_nhanchuyen_doi_tin_chi.signed.pdf,206,true,cached_compact_name,discovered_from_filesystem
309,C:\Users\hoang\Downloads\project\uit_firecrawl_new\firecrawl\data\daa\quydinh_huongdan\quyche-dhqg-hcm\pdf\qd2062_221025_quy_dinh_khoi_hp_cong_nhanchuyen_doi_tin_chi.signed.pdf,daa/quydinh_huongdan/quyche-dhqg-hcm/pdf/qd2062_221025_quy_dinh_khoi_hp_cong_nhanchuyen_doi_tin_chi.signed.pdf,qd2062_221025_quy_dinh_khoi_hp_cong_nhanchuyen_doi_tin_chi.signed.pdf,,,,,"Quy chế, Quy định đào tạo đại học của ĐHQG-HCM",,2025-11-09T17:09:31.578379,missing,low,url_upload_month,2025-10-01,low,,,derived,,base_or_unknown,https://daa.uit.edu.vn/sites/daa/files/202510/qd2062_221025_quy_dinh_khoi_hp_cong_nhanchuyen_doi_tin_chi.signed.pdf,206,true,cached_exact_name,discovered_from_filesystem
310,C:\Users\hoang\Downloads\project\uit_firecrawl_new\firecrawl\data\daa\quydinh_huongdan\qui-che-qui-dinh-qui-trinh\20-quy-dinh-chuong-trinh-tien-tien\1451-qd-dhcntt_26-11-2025_quy_dinh_dao_tao_chuong_trinh_tien_tien-2b908126.pdf,daa/quydinh_huongdan/qui-che-qui-dinh-qui-trinh/20-quy-dinh-chuong-trinh-tien-tien/1451-qd-dhcntt_26-11-2025_quy_dinh_dao_tao_chuong_trinh_tien_tien-2b908126.pdf,1451-qd-dhcntt_26-11-2025_quy_dinh_dao_tao_chuong_trinh_tien_tien-2b908126.pdf,2025-11-26,2025-11-26,2021-07-07,,"<!DOCTYPE html><html lang=""vi"" dir=""ltr"" class=""js""><!-- <![endif]-->",,2026-04-16T18:12:39.200384,title,high,document_date,2025-11-26,high,,,derived,,base_or_unknown,https://daa.uit.edu.vn/sites/daa/files/202512/1451-qd-dhcntt_26-11-2025_quy_dinh_dao_tao_chuong_trinh_tien_tien.pdf,206,true,local_sidecar_page,discovered_from_filesystem
311,C:\Users\hoang\Downloads\project\uit_firecrawl_new\firecrawl\data\daa\quydinh_huongdan\quyche-bogddt\pdf\2026_37_125_2025_qh15_luat_giao_duc_dai_hoc-b131a585.pdf,daa/quydinh_huongdan/quyche-bogddt/pdf/2026_37_125_2025_qh15_luat_giao_duc_dai_hoc-b131a585.pdf,2026_37_125_2025_qh15_luat_giao_duc_dai_hoc-b131a585.pdf,2026-01-22,2026-01-22,2025-02-15,,"Quy chế, Quy định đào tạo đại học của Bộ GDĐT",,2026-04-16T18:13:20.915827,pdf_text,medium,document_date,2026-01-22,high,,,derived,,base_or_unknown,https://daa.uit.edu.vn/sites/daa/files/202603/2026_37_125_2025_qh15_luat_giao_duc_dai_hoc.pdf,206,true,cached_normalized_name,discovered_from_filesystem
312,C:\Users\hoang\Downloads\project\uit_firecrawl_new\firecrawl\data\daa\quydinh_huongdan\quyche-dhqg-hcm\pdf\200_bb_dhqg_29_01_2026_hop_ve_cong_tac_dao_tao_trinh_do_dai_hoc_tai_dhqg-a44f66bd.pdf,daa/quydinh_huongdan/quyche-dhqg-hcm/pdf/200_bb_dhqg_29_01_2026_hop_ve_cong_tac_dao_tao_trinh_do_dai_hoc_tai_dhqg-a44f66bd.pdf,200_bb_dhqg_29_01_2026_hop_ve_cong_tac_dao_tao_trinh_do_dai_hoc_tai_dhqg-a44f66bd.pdf,2026-01-29,2026-01-29,2026-01-29,,"Quy chế, Quy định đào tạo đại học của ĐHQG-HCM",,2026-04-16T18:12:36.601392,title,high,document_date,2026-01-29,high,,,derived,,base_or_unknown,https://daa.uit.edu.vn/sites/daa/files/202601/200_bb_dhqg_29_01_2026_hop_ve_cong_tac_dao_tao_trinh_do_dai_hoc_tai_dhqg.pdf,206,true,cached_normalized_name,discovered_from_filesystem
313,C:\Users\hoang\Downloads\project\uit_firecrawl_new\firecrawl\data\daa\thongbao\thongbao-chinhquy\pdf\135-qd-dhcntt_10-02-2026_quy_dinh_ve_to_chuc_thi_tren_may_tinh_0-bc12f360.pdf,daa/thongbao/thongbao-chinhquy/pdf/135-qd-dhcntt_10-02-2026_quy_dinh_ve_to_chuc_thi_tren_may_tinh_0-bc12f360.pdf,135-qd-dhcntt_10-02-2026_quy_dinh_ve_to_chuc_thi_tren_may_tinh_0-bc12f360.pdf,2026-02-10,2026-02-10,2026-02-11,,Đại Học Chính Quy,2026-04-16,2026-04-16T18:30:25.795991,title,high,document_date,2026-02-10,high,,,derived,,base_or_unknown,https://daa.uit.edu.vn/sites/daa/files/202602/135-qd-dhcntt_10-02-2026_quy_dinh_ve_to_chuc_thi_tren_may_tinh_0.pdf,206,true,metadata_file_path,from_metadata
314,C:\Users\hoang\Downloads\project\uit_firecrawl_new\firecrawl\data\daa\quydinh_huongdan\qui-che-qui-dinh-qui-trinh\21-huong-dan-thang-phan-loai-nhan-thuc-ky-nang-thai-do-su-dung-tai-truong-dai-hoc-cong-nghe-thong-tin\123-qd-dhcntt_ban_hanh_huong_dan_thang_phan_loai_nhan_thuc_ky_nang_thai_do.pdf,daa/quydinh_huongdan/qui-che-qui-dinh-qui-trinh/21-huong-dan-thang-phan-loai-nhan-thuc-ky-nang-thai-do-su-dung-tai-truong-dai-hoc-cong-nghe-thong-tin/123-qd-dhcntt_ban_hanh_huong_dan_thang_phan_loai_nhan_thuc_ky_nang_thai_do.pdf,123-qd-dhcntt_ban_hanh_huong_dan_thang_phan_loai_nhan_thuc_ky_nang_thai_do.pdf,,,2026-02-10,https://daa.uit.edu.vn/thongbao/21-huong-dan-thang-phan-loai-nhan-thuc-ky-nang-thai-do-su-dung-tai-truong-dai-hoc-cong-nghe,"21. Hướng dẫn Thang phân loại nhận thức, kỹ năng, thái độ sử dụng tại Trường Đại học Công nghệ Thông tin | Cổng thông tin đào tạo",,2025-11-09T16:55:28.632046,missing,low,source_page_date,2026-02-10,medium,,,derived,,base_or_unknown,https://daa.uit.edu.vn/sites/daa/files/202309/123-qd-dhcntt_ban_hanh_huong_dan_thang_phan_loai_nhan_thuc_ky_nang_thai_do.pdf,206,true,cached_exact_name,discovered_from_filesystem
315,C:\Users\hoang\Downloads\project\uit_firecrawl_new\firecrawl\data\daa\quydinh_huongdan\qui-che-qui-dinh-qui-trinh\30-huong-dan-chuyen-doi-he-thong-tin-chi-s-6d0c4915\01-hd-dhcntt_huong_dan_ects-6789a08e.pdf,daa/quydinh_huongdan/qui-che-qui-dinh-qui-trinh/30-huong-dan-chuyen-doi-he-thong-tin-chi-s-6d0c4915/01-hd-dhcntt_huong_dan_ects-6789a08e.pdf,01-hd-dhcntt_huong_dan_ects-6789a08e.pdf,,,2026-02-10,https://daa.uit.edu.vn/30-huong-dan-chuyen-doi-he-thong-tin-chi-sang-he-thong-tich-luy-va-chuyen-doi-tin-chi-cua-chau-au,30. Hướng dẫn chuyển đổi hệ thống tín chỉ sang Hệ thống tích lũy và chuyển đổi tín chỉ của Châu Âu | Cổng thông tin đào tạo,2026-04-16,2026-04-16T18:30:35.095522,missing,low,source_page_date,2026-02-10,medium,,,derived,,base_or_unknown,https://daa.uit.edu.vn/sites/daa/files/202406/01-hd-dhcntt_huong_dan_ects.pdf,206,true,metadata_file_path,from_metadata
316,C:\Users\hoang\Downloads\project\uit_firecrawl_new\firecrawl\data\daa\quydinh_huongdan\qui-che-qui-dinh-qui-trinh\30-huong-dan-chuyen-doi-he-thong-tin-chi-sang-he-thong-tich-luy-va-chuyen-doi-tin-chi-cua-chau-au\01-hd-dhcntt_huong_dan_ects.pdf,daa/quydinh_huongdan/qui-che-qui-dinh-qui-trinh/30-huong-dan-chuyen-doi-he-thong-tin-chi-sang-he-thong-tich-luy-va-chuyen-doi-tin-chi-cua-chau-au/01-hd-dhcntt_huong_dan_ects.pdf,01-hd-dhcntt_huong_dan_ects.pdf,,,2026-02-10,https://daa.uit.edu.vn/30-huong-dan-chuyen-doi-he-thong-tin-chi-sang-he-thong-tich-luy-va-chuyen-doi-tin-chi-cua-chau-au,30. Hướng dẫn chuyển đổi hệ thống tín chỉ sang Hệ thống tích lũy và chuyển đổi tín chỉ của Châu Âu | Cổng thông tin đào tạo,,2025-11-09T17:02:14.529341,missing,low,source_page_date,2026-02-10,medium,,,derived,,base_or_unknown,https://daa.uit.edu.vn/sites/daa/files/202406/01-hd-dhcntt_huong_dan_ects.pdf,206,true,cached_exact_name,discovered_from_filesystem
317,C:\Users\hoang\Downloads\project\uit_firecrawl_new\firecrawl\data\daa\quydinh_huongdan\quyche-dhqg-hcm\pdf\357_336_qd_dhqg30_3_2026_ioc_ve_viec_phan_cap_phan_quyen_trong_cong_tac_dao_tao-c417b707.pdf,daa/quydinh_huongdan/quyche-dhqg-hcm/pdf/357_336_qd_dhqg30_3_2026_ioc_ve_viec_phan_cap_phan_quyen_trong_cong_tac_dao_tao-c417b707.pdf,357_336_qd_dhqg30_3_2026_ioc_ve_viec_phan_cap_phan_quyen_trong_cong_tac_dao_tao-c417b707.pdf,2026-03-30,2026-03-30,2026-01-29,,"Quy chế, Quy định đào tạo đại học của ĐHQG-HCM",,2026-04-16T18:12:37.004951,title,high,document_date,2026-03-30,high,,,derived,,base_or_unknown,https://daa.uit.edu.vn/sites/daa/files/202604/357_336_qd_dhqg30_3_2026_ioc_ve_viec_phan_cap_phan_quyen_trong_cong_tac_dao_tao.pdf,206,true,cached_normalized_name,discovered_from_filesystem
318,C:\Users\hoang\Downloads\project\uit_firecrawl_new\firecrawl\data\daa\quydinh_huongdan\quyche-bogddt\pdf\418_26_2026_tt_bgddt09_4_2026_ioc_quy_dinh_chuan_nghe_nghiep_giang_vien_dai_hoc-59ae42fb.pdf,daa/quydinh_huongdan/quyche-bogddt/pdf/418_26_2026_tt_bgddt09_4_2026_ioc_quy_dinh_chuan_nghe_nghiep_giang_vien_dai_hoc-59ae42fb.pdf,418_26_2026_tt_bgddt09_4_2026_ioc_quy_dinh_chuan_nghe_nghiep_giang_vien_dai_hoc-59ae42fb.pdf,2026-04-09,2026-04-09,2026-04-09,,"Quy chế, Quy định đào tạo đại học của Bộ GDĐT",,2026-04-16T18:13:22.859678,title,high,document_date,2026-04-09,high,,,derived,,base_or_unknown,https://daa.uit.edu.vn/sites/daa/files/202604/418_26_2026_tt_bgddt09_4_2026_ioc_quy_dinh_chuan_nghe_nghiep_giang_vien_dai_hoc.pdf,206,true,cached_normalized_name,discovered_from_filesystem
